バージョン,タイトル,ジャンル,アーティスト,プレー回数,BEGINNER 難易度,BEGINNER スコア,BEGINNER PGreat,BEGINNER Great,BEGINNER ミスカウント,BEGINNER クリアタイプ,BEGINNER DJ LEVEL,NORMAL 難易度,NORMAL スコア,NORMAL PGreat,NORMAL Great,NORMAL ミスカウント,NORMAL クリアタイプ,NORMAL DJ LEVEL,HYPER 難易度,HYPER スコア,HYPER PGreat,HYPER Great,HYPER ミスカウント,HYPER クリアタイプ,HYPER DJ LEVEL,ANOTHER 難易度,ANOTHER スコア,ANOTHER PGreat,ANOTHER Great,ANOTHER ミスカウント,ANOTHER クリアタイプ,ANOTHER DJ LEVEL,LEGGENDARIA 難易度,LEGGENDARIA スコア,LEGGENDARIA PGreat,LEGGENDARIA Great,LEGGENDARIA ミスカウント,LEGGENDARIA クリアタイプ,LEGGENDARIA DJ LEVEL,最終プレー日時
1st&substream,5.1.1.,PIANO AMBIENT,dj nagureo,0,0,0,0,0,---,NO PLAY,---,2,0,0,0,---,ASSIST CLEAR,---,6,0,0,0,---,NO PLAY,---,10,0,0,0,---,HARD CLEAR,---,0,0,0,0,---,NO PLAY,---,2025-09-23 12:30
1st&substream,GENOM SCREAMS,TRANCE,L.E.D. LIGHT,0,0,0,0,0,---,NO PLAY,---,3,0,0,0,---,NO PLAY,---,6,0,0,0,---,NO PLAY,---,9,0,0,0,---,EASY CLEAR,---,0,0,0,0,---,NO PLAY,---,2025-09-23 12:30
1st&substream,gentle stress,DRUM'N'BASS,DJ Swan,0,0,0,0,0,---,NO PLAY,---,2,0,0,0,---,NO PLAY,---,4,0,0,0,---,NO PLAY,---,9,0,0,0,---,HARD CLEAR,---,0,0,0,0,---,NO PLAY,---,2025-09-23 12:30
1st&substream,Macho Gang,TRIBAL HOUSE,ANAL SPYDER,0,0,0,0,0,---,NO PLAY,---,2,0,0,0,---,NO PLAY,---,7,0,0,0,---,NO PLAY,---,10,0,0,0,---,HARD CLEAR,---,0,0,0,0,---,NO PLAY,---,2025-09-23 12:30
1st&substream,PARANOIA MAX～DIRTY MIX～,JUNGLE,190,0,0,0,0,0,---,NO PLAY,---,5,0,0,0,---,NO PLAY,---,6,0,0,0,---,NO PLAY,---,8,0,0,0,---,HARD CLEAR,---,0,0,0,0,---,NO PLAY,---,2025-09-23 12:30
1st&substream,R3,RAVE,tiger YAMATO,0,0,0,0,0,---,NO PLAY,---,4,0,0,0,---,NO PLAY,---,5,0,0,0,---,NO PLAY,---,6,0,0,0,---,FAILED,---,0,0,0,0,---,NO PLAY,---,2025-09-23 12:30
1st&substream,RUGGED ASH,FUTURE JAZZ,SYMPHONIC DEFOGGERS,0,0,0,0,0,---,NO PLAY,---,3,0,0,0,---,NO PLAY,---,3,0,0,0,---,NO PLAY,---,9,0,0,0,---,HARD CLEAR,---,11,0,0,0,---,HARD CLEAR,---,2025-09-23 12:30
1st&substream,THE EARTH LIGHT,TRANCE,L.E.D. LIGHT,0,0,0,0,0,---,NO PLAY,---,4,0,0,0,---,NO PLAY,---,7,0,0,0,---,FAILED,---,8,0,0,0,---,ASSIST CLEAR,---,0,0,0,0,---,NO PLAY,---,2025-09-23 12:30
2nd style,I Was The One,ITALO HOUSE,good-cool,0,0,0,0,0,---,NO PLAY,---,3,0,0,0,---,ASSIST CLEAR,---,3,0,0,0,---,NO PLAY,---,4,0,0,0,---,FULLCOMBO CLEAR,---,0,0,0,0,---,NO PLAY,---,2025-09-23 12:30
3rd style,era (nostalmix),DRUM'N'BASS,TaQ,0,0,0,0,0,---,NO PLAY,---,5,0,0,0,---,NO PLAY,---,8,0,0,0,---,NO PLAY,---,9,0,0,0,---,HARD CLEAR,---,0,0,0,0,---,NO PLAY,---,2025-09-23 12:30
3rd style,Holic,HARD TECHNO,TaQ,0,0,0,0,0,---,NO PLAY,---,5,0,0,0,---,NO PLAY,---,7,0,0,0,---,NO PLAY,---,11,0,0,0,---,HARD CLEAR,---,0,0,0,0,---,NO PLAY,---,2025-09-23 12:30
3rd style,LEADING CYBER,DIGI-ROCK,dj TAKA,0,0,0,0,0,---,NO PLAY,---,4,0,0,0,---,NO PLAY,---,6,0,0,0,---,FAILED,---,7,0,0,0,---,NO PLAY,---,0,0,0,0,---,NO PLAY,---,2025-09-23 12:30
3rd style,Presto,PIANO AMBIENT,Osamu Kubota,0,0,0,0,0,---,NO PLAY,---,3,0,0,0,---,NO PLAY,---,8,0,0,0,---,ASSIST CLEAR,---,8,0,0,0,---,FULLCOMBO CLEAR,---,0,0,0,0,---,NO PLAY,---,2025-09-23 12:30
3rd style,R5,RAVE,tigerYAMATO with ultrabeatbox,0,0,0,0,0,---,NO PLAY,---,5,0,0,0,---,NO PLAY,---,8,0,0,0,---,ASSIST CLEAR,---,11,0,0,0,---,HARD CLEAR,---,0,0,0,0,---,NO PLAY,---,2025-09-23 12:30
3rd style,REINCARNATION,TRANCE,dj TAKA,0,0,0,0,0,---,NO PLAY,---,4,0,0,0,---,NO PLAY,---,5,0,0,0,---,NO PLAY,---,7,0,0,0,---,HARD CLEAR,---,0,0,0,0,---,NO PLAY,---,2025-09-23 12:30
3rd style,Schlagwerk,BIG BEAT,TaQ,0,0,0,0,0,---,NO PLAY,---,4,0,0,0,---,NO PLAY,---,6,0,0,0,---,ASSIST CLEAR,---,8,0,0,0,---,HARD CLEAR,---,0,0,0,0,---,NO PLAY,---,2025-09-23 12:30
3rd style,THE SAFARI,WORLD HOUSE,Lion Musashi,0,2,0,0,0,---,NO PLAY,---,7,0,0,0,---,FAILED,---,10,0,0,0,---,EASY CLEAR,---,0,0,0,0,---,NO PLAY,---,0,0,0,0,---,NO PLAY,---,2025-09-23 12:30
4th style,250bpm,GABBA,AKIRA YAMAOKA,0,0,0,0,0,---,NO PLAY,---,5,0,0,0,---,NO PLAY,---,8,0,0,0,---,FAILED,---,10,0,0,0,---,HARD CLEAR,---,0,0,0,0,---,NO PLAY,---,2025-09-23 12:30
4th style,ABSOLUTE,EPIC TRANCE,dj TAKA,0,0,0,0,0,---,NO PLAY,---,6,0,0,0,---,NO PLAY,---,8,0,0,0,---,CLEAR,---,10,0,0,0,---,HARD CLEAR,---,11,0,0,0,---,HARD CLEAR,---,2025-09-23 12:30
4th style,B4U,SPEED RAVE,NAOKI,0,0,0,0,0,---,NO PLAY,---,5,0,0,0,---,NO PLAY,---,9,0,0,0,---,NO PLAY,---,10,0,0,0,---,HARD CLEAR,---,0,0,0,0,---,NO PLAY,---,2025-09-23 12:30
4th style,Broken My Heart,HYPER EUROBEAT,NAOKI feat.PAULA TERRY,0,0,0,0,0,---,NO PLAY,---,5,0,0,0,---,NO PLAY,---,7,0,0,0,---,HARD CLEAR,---,9,0,0,0,---,HARD CLEAR,---,0,0,0,0,---,NO PLAY,---,2025-09-23 12:30
4th style,CHECKING YOU OUT,HIP HOP,good-cool feat. JP Miles,0,0,0,0,0,---,NO PLAY,---,7,0,0,0,---,NO PLAY,---,9,0,0,0,---,FAILED,---,11,0,0,0,---,HARD CLEAR,---,0,0,0,0,---,NO PLAY,---,2025-09-23 12:30
4th style,Clione,DUTCH TRANCE,kors k,0,0,0,0,0,---,NO PLAY,---,4,0,0,0,---,NO PLAY,---,5,0,0,0,---,NO PLAY,---,9,0,0,0,---,HARD CLEAR,---,11,0,0,0,---,HARD CLEAR,---,2025-09-23 12:30
4th style,DXY!,TECHNO,TaQ,2,0,0,0,0,---,NO PLAY,---,6,0,0,0,---,NO PLAY,---,9,0,0,0,---,HARD CLEAR,---,10,1147,451,245,---,HARD CLEAR,C,0,0,0,0,---,NO PLAY,---,2025-10-04 14:35
4th style,empathy,DRUM'N'BASS,TaQ,0,0,0,0,0,---,NO PLAY,---,5,0,0,0,---,NO PLAY,---,7,0,0,0,---,NO PLAY,---,8,0,0,0,---,HARD CLEAR,---,0,0,0,0,---,NO PLAY,---,2025-09-23 12:30
4th style,era (step mix),DRUM'N'BASS,TaQ,0,0,0,0,0,---,NO PLAY,---,5,0,0,0,---,NO PLAY,---,8,0,0,0,---,NO PLAY,---,9,0,0,0,---,HARD CLEAR,---,0,0,0,0,---,NO PLAY,---,2025-09-23 12:30
4th style,Hitch Hiker2,WARP HOUSE,good-cool,0,0,0,0,0,---,NO PLAY,---,4,0,0,0,---,NO PLAY,---,6,0,0,0,---,NO PLAY,---,7,0,0,0,---,NO PLAY,---,9,0,0,0,---,HARD CLEAR,---,2025-09-23 12:30
4th style,Jam&Marmalade,WARP HOUSE,FinalOffset,0,0,0,0,0,---,NO PLAY,---,6,0,0,0,---,NO PLAY,---,7,0,0,0,---,NO PLAY,---,8,0,0,0,---,HARD CLEAR,---,0,0,0,0,---,NO PLAY,---,2025-09-23 12:30
4th style,KAMIKAZE,TECHNO,dj nagureo,1,0,0,0,0,---,NO PLAY,---,5,0,0,0,---,NO PLAY,---,6,0,0,0,---,NO PLAY,---,10,1698,593,512,33,HARD CLEAR,A,0,0,0,0,---,NO PLAY,---,2025-09-23 15:43
4th style,LOVE WILL・・・,TRANCE,riewo,0,0,0,0,0,---,NO PLAY,---,4,0,0,0,---,NO PLAY,---,4,0,0,0,---,NO PLAY,---,7,0,0,0,---,HARD CLEAR,---,0,0,0,0,---,NO PLAY,---,2025-09-23 12:30
4th style,minimalian,MINIMAL,DETROIAN,0,0,0,0,0,---,NO PLAY,---,3,0,0,0,---,NO PLAY,---,8,0,0,0,---,NO PLAY,---,9,0,0,0,---,HARD CLEAR,---,0,0,0,0,---,NO PLAY,---,2025-09-23 12:30
4th style,Mr.T.(take me higher),DANCE POP,Risky Men  feat.Asuka-M,0,0,0,0,0,---,NO PLAY,---,4,0,0,0,---,NO PLAY,---,5,0,0,0,---,NO PLAY,---,10,0,0,0,---,HARD CLEAR,---,0,0,0,0,---,NO PLAY,---,2025-09-23 12:30
4th style,starmine,HAPPY HARDCORE,Ryu☆,0,2,0,0,0,---,NO PLAY,---,5,0,0,0,---,ASSIST CLEAR,---,8,0,0,0,---,CLEAR,---,9,0,0,0,---,HARD CLEAR,---,0,0,0,0,---,NO PLAY,---,2025-09-23 12:30
4th style,SWEET LAB,LOUNGE HOUSE,DJ SIMON,0,0,0,0,0,---,NO PLAY,---,3,0,0,0,---,NO PLAY,---,6,0,0,0,---,NO PLAY,---,10,0,0,0,---,HARD CLEAR,---,0,0,0,0,---,NO PLAY,---,2025-09-23 12:30
4th style,Voltage (feat. Hidemaru),BIG BEAT,TaQ,0,0,0,0,0,---,NO PLAY,---,5,0,0,0,---,NO PLAY,---,7,0,0,0,---,NO PLAY,---,8,0,0,0,---,HARD CLEAR,---,0,0,0,0,---,NO PLAY,---,2025-09-23 12:30
5th style,Abyss,INTELLIGENCE,dj TAKA,0,0,0,0,0,---,NO PLAY,---,5,0,0,0,---,NO PLAY,---,7,0,0,0,---,NO PLAY,---,8,0,0,0,---,HARD CLEAR,---,0,0,0,0,---,NO PLAY,---,2025-09-23 12:30
5th style,outer wall,TECHNO,sampling masters MEGA,0,0,0,0,0,---,NO PLAY,---,5,0,0,0,---,ASSIST CLEAR,---,6,0,0,0,---,NO PLAY,---,8,0,0,0,---,HARD CLEAR,---,0,0,0,0,---,NO PLAY,---,2025-09-23 12:30
5th style,QQQ,TECHNO,TaQ,0,0,0,0,0,---,NO PLAY,---,5,0,0,0,---,NO PLAY,---,8,0,0,0,---,CLEAR,---,10,0,0,0,---,HARD CLEAR,---,0,0,0,0,---,NO PLAY,---,2025-09-23 12:30
5th style,Real,DRUM'N'BASS,Aya,0,0,0,0,0,---,NO PLAY,---,5,0,0,0,---,NO PLAY,---,8,0,0,0,---,CLEAR,---,9,0,0,0,---,HARD CLEAR,---,0,0,0,0,---,NO PLAY,---,2025-09-23 12:30
5th style,Regulus,INSTRUMENTAL,DJ.W,0,0,0,0,0,---,NO PLAY,---,6,0,0,0,---,NO PLAY,---,9,0,0,0,---,NO PLAY,---,10,0,0,0,---,HARD CLEAR,---,0,0,0,0,---,NO PLAY,---,2025-09-23 12:30
5th style,RIDE ON THE LIGHT (HI GREAT MIX),POWER FUSION,Mr.T,1,0,0,0,0,---,NO PLAY,---,4,0,0,0,---,NO PLAY,---,5,0,0,0,---,NO PLAY,---,8,0,0,0,---,HARD CLEAR,---,10,1414,574,266,25,HARD CLEAR,A,2025-09-23 13:39
5th style,sometime,SOUND TRACK,Aya,0,0,0,0,0,---,NO PLAY,---,4,0,0,0,---,NO PLAY,---,6,0,0,0,---,NO PLAY,---,8,0,0,0,---,HARD CLEAR,---,0,0,0,0,---,NO PLAY,---,2025-09-23 12:30
5th style,Spin the disc,HOUSE,good-cool,0,0,0,0,0,---,NO PLAY,---,5,0,0,0,---,NO PLAY,---,7,0,0,0,---,CLEAR,---,8,0,0,0,---,HARD CLEAR,---,0,0,0,0,---,NO PLAY,---,2025-09-23 12:30
5th style,STILL IN MY HEART,HYPER EUROBEAT,NAOKI,0,0,0,0,0,---,NO PLAY,---,5,0,0,0,---,NO PLAY,---,7,0,0,0,---,ASSIST CLEAR,---,9,0,0,0,---,HARD CLEAR,---,0,0,0,0,---,NO PLAY,---,2025-09-23 12:30
5th style,sync,TRANCE,OutPhase (TaQ/dj TAKA),0,0,0,0,0,---,NO PLAY,---,6,0,0,0,---,NO PLAY,---,8,0,0,0,---,ASSIST CLEAR,---,10,0,0,0,---,HARD CLEAR,---,0,0,0,0,---,NO PLAY,---,2025-09-23 12:30
5th style,THE SHINING POLARIS,EPIC TRANCE,L.E.D. feat. Sana,0,0,0,0,0,---,NO PLAY,---,5,0,0,0,---,NO PLAY,---,7,0,0,0,---,NO PLAY,---,8,0,0,0,---,HARD CLEAR,---,0,0,0,0,---,NO PLAY,---,2025-09-23 12:30
5th style,V,PROGRESSIVE,TAKA,0,2,0,0,0,---,NO PLAY,---,5,0,0,0,---,ASSIST CLEAR,---,10,0,0,0,---,EASY CLEAR,---,12,0,0,0,---,HARD CLEAR,---,0,0,0,0,---,NO PLAY,---,2025-09-23 12:30
6th style,19，November,HOUSE,good-cool,0,0,0,0,0,---,NO PLAY,---,5,0,0,0,---,NO PLAY,---,6,0,0,0,---,NO PLAY,---,8,0,0,0,---,HARD CLEAR,---,0,0,0,0,---,NO PLAY,---,2025-09-23 12:30
6th style,BALLAD FOR YOU～想いの雨～,BALLAD,NM feat.Thomas Howard,0,0,0,0,0,---,NO PLAY,---,4,0,0,0,---,NO PLAY,---,5,0,0,0,---,NO PLAY,---,7,0,0,0,---,FULLCOMBO CLEAR,---,0,0,0,0,---,NO PLAY,---,2025-09-23 12:30
6th style,Blueberry Stream,HOUSE,dj TAKA,0,0,0,0,0,---,NO PLAY,---,5,0,0,0,---,NO PLAY,---,7,0,0,0,---,NO PLAY,---,8,0,0,0,---,HARD CLEAR,---,0,0,0,0,---,NO PLAY,---,2025-09-23 12:30
6th style,Buffalo,ROCK,good-cool feat. Hideo Suwa,0,0,0,0,0,---,NO PLAY,---,5,0,0,0,---,NO PLAY,---,7,0,0,0,---,NO PLAY,---,10,0,0,0,---,HARD CLEAR,---,11,0,0,0,---,HARD CLEAR,---,2025-09-23 12:30
6th style,Colors (radio edit),TRANCE,dj TAKA,1,0,0,0,0,---,NO PLAY,---,6,0,0,0,---,NO PLAY,---,9,0,0,0,---,ASSIST CLEAR,---,12,2049,876,297,12,HARD CLEAR,AA,0,0,0,0,---,NO PLAY,---,2025-10-11 12:28
6th style,DIVE ～INTO YOUR HEART～,HYPER TRANCE EURO BEAT,NAOKI feat.PAULA TERRY,0,0,0,0,0,---,NO PLAY,---,5,0,0,0,---,NO PLAY,---,8,0,0,0,---,NO PLAY,---,10,0,0,0,---,HARD CLEAR,---,0,0,0,0,---,NO PLAY,---,2025-09-23 12:30
6th style,fly through the night,TRANCE,Mr.T,0,0,0,0,0,---,NO PLAY,---,4,0,0,0,---,NO PLAY,---,7,0,0,0,---,NO PLAY,---,8,0,0,0,---,HARD CLEAR,---,0,0,0,0,---,NO PLAY,---,2025-09-23 12:30
6th style,Frozen Ray (original mix),TRANCE,dj TAKA,0,0,0,0,0,---,NO PLAY,---,6,0,0,0,---,NO PLAY,---,9,0,0,0,---,NO PLAY,---,9,0,0,0,---,HARD CLEAR,---,0,0,0,0,---,NO PLAY,---,2025-09-23 12:30
6th style,G2,DRUM'N'BASS,Aya,0,0,0,0,0,---,NO PLAY,---,8,0,0,0,---,ASSIST CLEAR,---,9,0,0,0,---,ASSIST CLEAR,---,11,0,0,0,---,HARD CLEAR,---,0,0,0,0,---,NO PLAY,---,2025-09-23 12:30
6th style,L'amour et la liberte,TRANCE,NAOKI underground,0,0,0,0,0,---,NO PLAY,---,5,0,0,0,---,NO PLAY,---,8,0,0,0,---,NO PLAY,---,10,0,0,0,---,HARD CLEAR,---,0,0,0,0,---,NO PLAY,---,2025-09-23 12:30
6th style,Linus,LOUNGE POP,LEGO STUDIO,0,0,0,0,0,---,NO PLAY,---,5,0,0,0,---,NO PLAY,---,9,0,0,0,---,NO PLAY,---,11,0,0,0,---,HARD CLEAR,---,0,0,0,0,---,NO PLAY,---,2025-09-23 12:30
6th style,NEMESIS,TECHNO,D.J.SETUP,0,0,0,0,0,---,NO PLAY,---,5,0,0,0,---,NO PLAY,---,9,0,0,0,---,CLEAR,---,11,0,0,0,---,HARD CLEAR,---,0,0,0,0,---,NO PLAY,---,2025-09-23 12:30
6th style,rottel-da-sun,ROTTERDAM TECHNO,sampling masters MEGA,0,0,0,0,0,---,NO PLAY,---,5,0,0,0,---,FAILED,---,8,0,0,0,---,ASSIST CLEAR,---,10,0,0,0,---,HARD CLEAR,---,0,0,0,0,---,NO PLAY,---,2025-09-23 12:30
6th style,route 80s,NOISY,sampling masters MEGA,0,0,0,0,0,---,NO PLAY,---,6,0,0,0,---,NO PLAY,---,8,0,0,0,---,ASSIST CLEAR,---,9,0,0,0,---,HARD CLEAR,---,0,0,0,0,---,NO PLAY,---,2025-09-23 12:30
6th style,SOMETHING WONDERFUL,EPIC TRANCE,L.E.D.,0,0,0,0,0,---,NO PLAY,---,6,0,0,0,---,NO PLAY,---,8,0,0,0,---,CLEAR,---,10,0,0,0,---,HARD CLEAR,---,0,0,0,0,---,NO PLAY,---,2025-09-23 12:30
6th style,Take It Easy,INSTRUMENTAL,Aya,0,0,0,0,0,---,NO PLAY,---,7,0,0,0,---,ASSIST CLEAR,---,10,0,0,0,---,EASY CLEAR,---,11,0,0,0,---,HARD CLEAR,---,0,0,0,0,---,NO PLAY,---,2025-09-23 12:30
6th style,VJ ARMY,ALL MIX,good-cool,0,0,0,0,0,---,NO PLAY,---,6,0,0,0,---,NO PLAY,---,9,0,0,0,---,NO PLAY,---,10,0,0,0,---,HARD CLEAR,---,0,0,0,0,---,NO PLAY,---,2025-09-23 12:30
7th style,A,RENAISSANCE,D.J.Amuro,0,0,0,0,0,---,NO PLAY,---,6,0,0,0,---,NO PLAY,---,10,0,0,0,---,EASY CLEAR,---,12,0,0,0,---,HARD CLEAR,---,0,0,0,0,---,NO PLAY,---,2025-09-23 12:30
7th style,AVE DE RAPINA,ALTERNATIVE HOUSE,Shawn The Horny Master,0,0,0,0,0,---,NO PLAY,---,6,0,0,0,---,NO PLAY,---,8,0,0,0,---,ASSIST CLEAR,---,9,0,0,0,---,HARD CLEAR,---,0,0,0,0,---,NO PLAY,---,2025-09-23 12:30
7th style,Bad Routine,FILTER HOUSE,D.J. Spugna,0,0,0,0,0,---,NO PLAY,---,5,0,0,0,---,NO PLAY,---,7,0,0,0,---,NO PLAY,---,9,0,0,0,---,HARD CLEAR,---,0,0,0,0,---,NO PLAY,---,2025-09-23 12:30
7th style,Burning Heat! (Full Option Mix),12 BEAT,Mr.T with Motoaki.F,0,0,0,0,0,---,NO PLAY,---,4,0,0,0,---,NO PLAY,---,5,0,0,0,---,FAILED,---,7,0,0,0,---,HARD CLEAR,---,0,0,0,0,---,NO PLAY,---,2025-09-23 12:30
7th style,Cheer Train,BIG BEAT,Fuzita Blender,0,0,0,0,0,---,NO PLAY,---,5,0,0,0,---,NO PLAY,---,6,0,0,0,---,NO PLAY,---,9,0,0,0,---,HARD CLEAR,---,0,0,0,0,---,NO PLAY,---,2025-09-23 12:30
7th style,D2R,HYPER ROCK BEAT,NAOKI,0,0,0,0,0,---,NO PLAY,---,5,0,0,0,---,NO PLAY,---,6,0,0,0,---,NO PLAY,---,8,0,0,0,---,HARD CLEAR,---,0,0,0,0,---,NO PLAY,---,2025-09-23 12:30
7th style,DESTINY,HYPER EUROBEAT,NAOKI feat.Paula Terry,0,0,0,0,0,---,NO PLAY,---,5,0,0,0,---,NO PLAY,---,6,0,0,0,---,NO PLAY,---,8,0,0,0,---,HARD CLEAR,---,0,0,0,0,---,NO PLAY,---,2025-09-23 12:30
7th style,foreplay,PROGRESSIVE JAZZ,Osamu Kubota,0,0,0,0,0,---,NO PLAY,---,4,0,0,0,---,NO PLAY,---,8,0,0,0,---,ASSIST CLEAR,---,8,0,0,0,---,NO PLAY,---,0,0,0,0,---,NO PLAY,---,2025-09-23 12:30
7th style,Love Me Do,NEW WAVE,AKIRA YAMAOKA,0,0,0,0,0,---,NO PLAY,---,5,0,0,0,---,NO PLAY,---,7,0,0,0,---,NO PLAY,---,9,0,0,0,---,HARD CLEAR,---,0,0,0,0,---,NO PLAY,---,2025-09-23 12:30
7th style,MAX 300,HARDCORE TECHNO,Ω,2,0,0,0,0,---,NO PLAY,---,7,0,0,0,---,NO PLAY,---,10,0,0,0,---,ASSIST CLEAR,---,12,1160,444,272,---,EASY CLEAR,D,0,0,0,0,---,NO PLAY,---,2025-10-18 16:32
7th style,Somebody Like You,POPS,good-cool,0,0,0,0,0,---,NO PLAY,---,4,0,0,0,---,NO PLAY,---,7,0,0,0,---,NO PLAY,---,9,0,0,0,---,HARD CLEAR,---,0,0,0,0,---,NO PLAY,---,2025-09-23 12:30
7th style,Spica,HOUSE,D.JW,0,0,0,0,0,---,NO PLAY,---,4,0,0,0,---,NO PLAY,---,9,0,0,0,---,HARD CLEAR,---,11,0,0,0,---,HARD CLEAR,---,0,0,0,0,---,NO PLAY,---,2025-09-23 12:30
7th style,stoic,TECHNO,TaQ,0,0,0,0,0,---,NO PLAY,---,8,0,0,0,---,ASSIST CLEAR,---,10,0,0,0,---,EASY CLEAR,---,11,0,0,0,---,HARD CLEAR,---,0,0,0,0,---,NO PLAY,---,2025-09-23 12:30
7th style,Tomorrow Perfume,TRANCE,dj TAKA,0,0,0,0,0,---,NO PLAY,---,6,0,0,0,---,NO PLAY,---,9,0,0,0,---,NO PLAY,---,9,0,0,0,---,HARD CLEAR,---,0,0,0,0,---,NO PLAY,---,2025-09-23 12:30
7th style,traces,TRANCE,TaQ,0,0,0,0,0,---,NO PLAY,---,6,0,0,0,---,ASSIST CLEAR,---,9,0,0,0,---,ASSIST CLEAR,---,10,0,0,0,---,HARD CLEAR,---,0,0,0,0,---,NO PLAY,---,2025-09-23 12:30
7th style,ZERO-ONE,ELECTROSHOCK,Mr.T,0,0,0,0,0,---,NO PLAY,---,5,0,0,0,---,NO PLAY,---,9,0,0,0,---,NO PLAY,---,10,0,0,0,---,HARD CLEAR,---,11,0,0,0,---,HARD CLEAR,---,2025-09-23 12:30
7th style,革命,ORCHESTRAL,dj TAKA with NAOKI,0,0,0,0,0,---,NO PLAY,---,6,0,0,0,---,NO PLAY,---,10,0,0,0,---,HARD CLEAR,---,10,0,0,0,---,HARD CLEAR,---,0,0,0,0,---,NO PLAY,---,2025-09-23 12:30
8th style,abstract,BIG BEAT,TaQ,0,0,0,0,0,---,NO PLAY,---,6,0,0,0,---,NO PLAY,---,9,0,0,0,---,NO PLAY,---,9,0,0,0,---,HARD CLEAR,---,0,0,0,0,---,NO PLAY,---,2025-09-23 12:30
8th style,airflow,INSTRUMENTAL,Mr.T,0,0,0,0,0,---,NO PLAY,---,3,0,0,0,---,NO PLAY,---,5,0,0,0,---,NO PLAY,---,7,0,0,0,---,FULLCOMBO CLEAR,---,0,0,0,0,---,NO PLAY,---,2025-09-23 12:30
8th style,ALL RIGHT,DRUM'N'BASS,RAM,0,0,0,0,0,---,NO PLAY,---,4,0,0,0,---,NO PLAY,---,8,0,0,0,---,ASSIST CLEAR,---,9,0,0,0,---,HARD CLEAR,---,0,0,0,0,---,NO PLAY,---,2025-09-23 12:30
8th style,Attitude,TRANCE,Y&Co.,0,0,0,0,0,---,NO PLAY,---,5,0,0,0,---,NO PLAY,---,8,0,0,0,---,NO PLAY,---,9,0,0,0,---,HARD CLEAR,---,0,0,0,0,---,NO PLAY,---,2025-09-23 12:30
8th style,bit mania,テクノ歌謡,AKIRA YAMAOKA,0,0,0,0,0,---,NO PLAY,---,4,0,0,0,---,NO PLAY,---,5,0,0,0,---,NO PLAY,---,8,0,0,0,---,HARD CLEAR,---,0,0,0,0,---,NO PLAY,---,2025-09-23 12:30
8th style,Blame,EUROBEAT,good-cool feat. Jeff Coote,0,0,0,0,0,---,NO PLAY,---,6,0,0,0,---,NO PLAY,---,7,0,0,0,---,NO PLAY,---,11,0,0,0,---,HARD CLEAR,---,0,0,0,0,---,NO PLAY,---,2025-09-23 12:30
8th style,CELEBRATE NITE,EURO GROOVE,N.M.R,0,0,0,0,0,---,NO PLAY,---,5,0,0,0,---,NO PLAY,---,6,0,0,0,---,NO PLAY,---,8,0,0,0,---,HARD CLEAR,---,0,0,0,0,---,NO PLAY,---,2025-09-23 12:30
8th style,Colors -Y&Co. Eurobeat Remix-,EUROBEAT,dj TAKA (remixed by 横田商会),0,0,0,0,0,---,NO PLAY,---,5,0,0,0,---,NO PLAY,---,9,0,0,0,---,NO PLAY,---,10,0,0,0,---,HARD CLEAR,---,0,0,0,0,---,NO PLAY,---,2025-09-23 12:30
8th style,dual control,GARAGE HOUSE,Mr.T,0,0,0,0,0,---,NO PLAY,---,5,0,0,0,---,NO PLAY,---,7,0,0,0,---,NO PLAY,---,9,0,0,0,---,EASY CLEAR,---,0,0,0,0,---,NO PLAY,---,2025-09-23 12:30
8th style,Giudecca,PSYCHEDELIC TECHNO,D.J.SETUP,0,0,0,0,0,---,NO PLAY,---,4,0,0,0,---,NO PLAY,---,9,0,0,0,---,CLEAR,---,11,0,0,0,---,HARD CLEAR,---,0,0,0,0,---,NO PLAY,---,2025-09-23 12:30
8th style,Halfway of promise,GIRL ROCK,Yu Takami feat. Shihori Nakane,0,0,0,0,0,---,NO PLAY,---,4,0,0,0,---,NO PLAY,---,8,0,0,0,---,NO PLAY,---,11,0,0,0,---,HARD CLEAR,---,0,0,0,0,---,NO PLAY,---,2025-09-23 12:30
8th style,HYPER BOUNDARY GATE,GOA TRANCE,L.E.D.LIGHT,0,0,0,0,0,---,NO PLAY,---,6,0,0,0,---,ASSIST CLEAR,---,8,0,0,0,---,ASSIST CLEAR,---,9,0,0,0,---,HARD CLEAR,---,0,0,0,0,---,NO PLAY,---,2025-09-23 12:30
8th style,LAB,RAVE,RAM,1,0,0,0,0,---,NO PLAY,---,5,0,0,0,---,ASSIST CLEAR,---,9,0,0,0,---,ASSIST CLEAR,---,10,0,0,0,---,HARD CLEAR,---,11,1962,766,430,38,HARD CLEAR,A,2025-09-23 13:10
8th style,LOVE IS ORANGE,HARD CHANSON,Orange Lounge,0,0,0,0,0,---,NO PLAY,---,4,0,0,0,---,NO PLAY,---,6,0,0,0,---,NO PLAY,---,8,0,0,0,---,FULLCOMBO CLEAR,---,10,0,0,0,---,HARD CLEAR,---,2025-09-23 12:30
8th style,Luv 2 Feel Your Body,2 STEP,Shoichiro Hirata,0,0,0,0,0,---,NO PLAY,---,4,0,0,0,---,NO PLAY,---,6,0,0,0,---,ASSIST CLEAR,---,9,0,0,0,---,HARD CLEAR,---,0,0,0,0,---,NO PLAY,---,2025-09-23 12:30
8th style,memories,BEAT ROCK,TAKA,0,0,0,0,0,---,NO PLAY,---,5,0,0,0,---,ASSIST CLEAR,---,9,0,0,0,---,NO PLAY,---,9,0,0,0,---,HARD CLEAR,---,0,0,0,0,---,NO PLAY,---,2025-09-23 12:30
8th style,Monkey Dance,EUROBEAT,Y&Co.,0,0,0,0,0,---,NO PLAY,---,4,0,0,0,---,NO PLAY,---,7,0,0,0,---,NO PLAY,---,9,0,0,0,---,HARD CLEAR,---,0,0,0,0,---,NO PLAY,---,2025-09-23 12:30
8th style,murmur twins,CUDDLECORE,yu_tokiwa.djw,0,0,0,0,0,---,NO PLAY,---,5,0,0,0,---,ASSIST CLEAR,---,9,0,0,0,---,NO PLAY,---,11,0,0,0,---,HARD CLEAR,---,0,0,0,0,---,NO PLAY,---,2025-09-23 12:30
8th style,MUSIC TO YOUR HEAD,TECHNO,SLAKE,0,0,0,0,0,---,NO PLAY,---,4,0,0,0,---,NO PLAY,---,7,0,0,0,---,NO PLAY,---,9,0,0,0,---,HARD CLEAR,---,0,0,0,0,---,NO PLAY,---,2025-09-23 12:30
8th style,PLEASE DON'T GO,DISCO,ASLETICS,0,0,0,0,0,---,NO PLAY,---,5,0,0,0,---,NO PLAY,---,7,0,0,0,---,ASSIST CLEAR,---,12,0,0,0,---,HARD CLEAR,---,0,0,0,0,---,NO PLAY,---,2025-09-23 12:30
8th style,rainbow flyer,TRANCE,dj TAKA,0,0,0,0,0,---,NO PLAY,---,5,0,0,0,---,NO PLAY,---,9,0,0,0,---,FULLCOMBO CLEAR,---,11,0,0,0,---,HARD CLEAR,---,0,0,0,0,---,NO PLAY,---,2025-09-23 12:30
8th style,symbolic,TECHNO,TaQ,0,0,0,0,0,---,NO PLAY,---,6,0,0,0,---,NO PLAY,---,9,0,0,0,---,CLEAR,---,10,0,0,0,---,HARD CLEAR,---,0,0,0,0,---,NO PLAY,---,2025-09-23 12:30
8th style,thunder,HOUSE,Lion MUSASHI,0,0,0,0,0,---,NO PLAY,---,6,0,0,0,---,NO PLAY,---,8,0,0,0,---,NO PLAY,---,9,0,0,0,---,CLEAR,---,0,0,0,0,---,NO PLAY,---,2025-09-23 12:30
8th style,WAR GAME,HIP HOP,ASLETICS,0,0,0,0,0,---,NO PLAY,---,4,0,0,0,---,NO PLAY,---,8,0,0,0,---,NO PLAY,---,10,0,0,0,---,HARD CLEAR,---,0,0,0,0,---,NO PLAY,---,2025-09-23 12:30
8th style,xenon,ELECTROSHOCK,Mr.T,0,0,0,0,0,---,NO PLAY,---,5,0,0,0,---,NO PLAY,---,9,0,0,0,---,EASY CLEAR,---,11,0,0,0,---,HARD CLEAR,---,0,0,0,0,---,NO PLAY,---,2025-09-23 12:30
8th style,桜,SPIRITUAL,Reven-G,0,0,0,0,0,---,NO PLAY,---,7,0,0,0,---,NO PLAY,---,10,0,0,0,---,HARD CLEAR,---,12,0,0,0,---,HARD CLEAR,---,0,0,0,0,---,NO PLAY,---,2025-09-23 12:30
8th style,蒼い衝動,J-TRANCE,NAOKI feat.YUKI,0,0,0,0,0,---,NO PLAY,---,5,0,0,0,---,NO PLAY,---,7,0,0,0,---,NO PLAY,---,8,0,0,0,---,HARD CLEAR,---,0,0,0,0,---,NO PLAY,---,2025-09-23 12:30
9th style,Abyss -The Heavens Remix-,TRANCE CORE,dj TAKA Remixed by Ryu☆,0,3,0,0,0,---,NO PLAY,---,7,0,0,0,---,ASSIST CLEAR,---,10,0,0,0,---,EASY CLEAR,---,10,0,0,0,---,HARD CLEAR,---,0,0,0,0,---,NO PLAY,---,2025-09-23 12:30
9th style,ACT,RAVE,RAM,0,0,0,0,0,---,NO PLAY,---,6,0,0,0,---,NO PLAY,---,9,0,0,0,---,NO PLAY,---,9,0,0,0,---,HARD CLEAR,---,0,0,0,0,---,NO PLAY,---,2025-09-23 12:30
9th style,ADVANCE,ELECTRONICA,SLAKE,0,0,0,0,0,---,NO PLAY,---,4,0,0,0,---,NO PLAY,---,6,0,0,0,---,NO PLAY,---,10,0,0,0,---,HARD CLEAR,---,0,0,0,0,---,NO PLAY,---,2025-09-23 12:30
9th style,ATOMIC AGE,ENSEMBLE,SHUNZZY,0,0,0,0,0,---,NO PLAY,---,2,0,0,0,---,NO PLAY,---,5,0,0,0,---,NO PLAY,---,9,0,0,0,---,HARD CLEAR,---,0,0,0,0,---,NO PLAY,---,2025-09-23 12:30
9th style,BAD BOY BASS!! (dj Remo-con MIX),NRG,Y&Co.,0,0,0,0,0,---,NO PLAY,---,5,0,0,0,---,NO PLAY,---,7,0,0,0,---,NO PLAY,---,8,0,0,0,---,HARD CLEAR,---,0,0,0,0,---,NO PLAY,---,2025-09-23 12:30
9th style,bag,SPIRITUAL,Reven-G,0,0,0,0,0,---,NO PLAY,---,5,0,0,0,---,NO PLAY,---,6,0,0,0,---,NO PLAY,---,10,0,0,0,---,HARD CLEAR,---,0,0,0,0,---,NO PLAY,---,2025-09-23 12:30
9th style,BRIGHTNESS DARKNESS,ROCOCO TEK,SPARKER,0,0,0,0,0,---,NO PLAY,---,4,0,0,0,---,NO PLAY,---,8,0,0,0,---,FAILED,---,9,0,0,0,---,HARD CLEAR,---,0,0,0,0,---,NO PLAY,---,2025-09-23 12:30
9th style,Cradle,HEALIN' HARDCORE,positive MA feat.akino,0,0,0,0,0,---,NO PLAY,---,5,0,0,0,---,NO PLAY,---,8,0,0,0,---,FAILED,---,10,0,0,0,---,EASY CLEAR,---,0,0,0,0,---,NO PLAY,---,2025-09-23 12:30
9th style,Distress,MIXTURE,dj TAKA Remixed by TaQ,0,0,0,0,0,---,NO PLAY,---,7,0,0,0,---,FAILED,---,10,0,0,0,---,HARD CLEAR,---,0,0,0,0,---,NO PLAY,---,0,0,0,0,---,NO PLAY,---,2025-09-23 12:30
9th style,e-motion 2003  -romantic extra-,TRANCE,e.o.s. Remixed by dj TAKA,0,0,0,0,0,---,NO PLAY,---,6,0,0,0,---,NO PLAY,---,8,0,0,0,---,NO PLAY,---,10,0,0,0,---,HARD CLEAR,---,0,0,0,0,---,NO PLAY,---,2025-09-23 12:30
9th style,fun,FUNK SHUFFLE,Mr.T,0,0,0,0,0,---,NO PLAY,---,4,0,0,0,---,NO PLAY,---,7,0,0,0,---,NO PLAY,---,10,0,0,0,---,CLEAR,---,0,0,0,0,---,NO PLAY,---,2025-09-23 12:30
9th style,Golden Horn,TURKISH PIANO'N'BASS,Osamu Kubota,0,0,0,0,0,---,NO PLAY,---,4,0,0,0,---,NO PLAY,---,8,0,0,0,---,NO PLAY,---,9,0,0,0,---,HARD CLEAR,---,0,0,0,0,---,NO PLAY,---,2025-09-23 12:30
9th style,HYPER EUROBEAT (2DX style),EUROBEAT,NAOKI feat.PAULA TERRY,0,0,0,0,0,---,NO PLAY,---,5,0,0,0,---,NO PLAY,---,8,0,0,0,---,NO PLAY,---,10,0,0,0,---,HARD CLEAR,---,0,0,0,0,---,NO PLAY,---,2025-09-23 12:30
9th style,Karma,DRUM'N'BASS,TaQ,0,0,0,0,0,---,NO PLAY,---,6,0,0,0,---,NO PLAY,---,9,0,0,0,---,ASSIST CLEAR,---,10,0,0,0,---,HARD CLEAR,---,0,0,0,0,---,NO PLAY,---,2025-09-23 12:30
9th style,lights,SOUL,flare,0,0,0,0,0,---,NO PLAY,---,3,0,0,0,---,NO PLAY,---,6,0,0,0,---,NO PLAY,---,8,0,0,0,---,HARD CLEAR,---,0,0,0,0,---,NO PLAY,---,2025-09-23 12:30
9th style,Logic Board,TECHNO,dj nagureo,0,0,0,0,0,---,NO PLAY,---,5,0,0,0,---,NO PLAY,---,8,0,0,0,---,NO PLAY,---,11,0,0,0,---,HARD CLEAR,---,0,0,0,0,---,NO PLAY,---,2025-09-23 12:30
9th style,LOVE SHINE,J-HAPPY HARDCORE,小坂りゆ,0,3,0,0,0,---,NO PLAY,---,5,0,0,0,---,NO PLAY,---,9,0,0,0,---,NO PLAY,---,10,0,0,0,---,HARD CLEAR,---,0,0,0,0,---,NO PLAY,---,2025-09-23 12:30
9th style,lower world,TECHNO,D.J.SETUP,0,0,0,0,0,---,NO PLAY,---,6,0,0,0,---,NO PLAY,---,9,0,0,0,---,NO PLAY,---,10,0,0,0,---,HARD CLEAR,---,0,0,0,0,---,NO PLAY,---,2025-09-23 12:30
9th style,Make A Difference,GOSPEL,Lala Moore with CoCoRo*Co,0,0,0,0,0,---,NO PLAY,---,5,0,0,0,---,NO PLAY,---,9,0,0,0,---,CLEAR,---,10,0,0,0,---,HARD CLEAR,---,0,0,0,0,---,NO PLAY,---,2025-09-23 12:30
9th style,MARIA (I believe... ),EUROBEAT,NAOKI feat.PAULA TERRY,0,0,0,0,0,---,NO PLAY,---,4,0,0,0,---,NO PLAY,---,8,0,0,0,---,NO PLAY,---,9,0,0,0,---,HARD CLEAR,---,0,0,0,0,---,NO PLAY,---,2025-09-23 12:30
9th style,moon_child,POST ROCK,少年ラジオ,0,0,0,0,0,---,NO PLAY,---,5,0,0,0,---,NO PLAY,---,10,0,0,0,---,CLEAR,---,12,0,0,0,---,HARD CLEAR,---,0,0,0,0,---,NO PLAY,---,2025-09-23 12:30
9th style,one or eight,HARDCORE RAVE,sampling masters AYA,0,0,0,0,0,---,NO PLAY,---,7,0,0,0,---,CLEAR,---,10,0,0,0,---,EASY CLEAR,---,12,0,0,0,---,HARD CLEAR,---,0,0,0,0,---,NO PLAY,---,2025-09-23 12:30
9th style,PARANOIA survivor MAX,JUNGLE MIXTURE,290,0,0,0,0,0,---,NO PLAY,---,5,0,0,0,---,NO PLAY,---,8,0,0,0,---,NO PLAY,---,10,0,0,0,---,HARD CLEAR,---,0,0,0,0,---,NO PLAY,---,2025-09-23 12:30
9th style,quasar,TRANCE,OutPhase,0,0,0,0,0,---,NO PLAY,---,6,0,0,0,---,NO PLAY,---,9,0,0,0,---,HARD CLEAR,---,11,0,0,0,---,HARD CLEAR,---,0,0,0,0,---,NO PLAY,---,2025-09-23 12:30
9th style,Quickening,PSYCHEDELIC,dj TAKA,0,0,0,0,0,---,NO PLAY,---,5,0,0,0,---,NO PLAY,---,9,0,0,0,---,FAILED,---,10,0,0,0,---,HARD CLEAR,---,0,0,0,0,---,NO PLAY,---,2025-09-23 12:30
9th style,Really Love,R&B,大部真由美,0,0,0,0,0,---,NO PLAY,---,4,0,0,0,---,NO PLAY,---,6,0,0,0,---,NO PLAY,---,10,0,0,0,---,HARD CLEAR,---,0,0,0,0,---,NO PLAY,---,2025-09-23 12:30
9th style,RISLIM -Remix-,ELECTRO 2 STEP,ric Remixed by Hisashi Nawata,0,0,0,0,0,---,NO PLAY,---,4,0,0,0,---,NO PLAY,---,6,0,0,0,---,NO PLAY,---,11,0,0,0,---,HARD CLEAR,---,0,0,0,0,---,NO PLAY,---,2025-09-23 12:30
9th style,rottel-the-Mercury,GABBA,sampling masters MEGA,0,0,0,0,0,---,NO PLAY,---,6,0,0,0,---,NO PLAY,---,9,0,0,0,---,ASSIST CLEAR,---,10,0,0,0,---,HARD CLEAR,---,0,0,0,0,---,NO PLAY,---,2025-09-23 12:30
9th style,Silvia Drive,HAPPY HANDBAG,dj TAKA feat.Noria,0,0,0,0,0,---,NO PLAY,---,4,0,0,0,---,NO PLAY,---,8,0,0,0,---,NO PLAY,---,9,0,0,0,---,EASY CLEAR,---,0,0,0,0,---,NO PLAY,---,2025-09-23 12:30
9th style,SNOW,DRUM'N'BASS,RAM,0,0,0,0,0,---,NO PLAY,---,5,0,0,0,---,NO PLAY,---,7,0,0,0,---,ASSIST CLEAR,---,10,0,0,0,---,EX HARD CLEAR,---,0,0,0,0,---,NO PLAY,---,2025-09-23 12:30
9th style,STAR FIELD,TRANCE,SADA,0,0,0,0,0,---,NO PLAY,---,4,0,0,0,---,NO PLAY,---,8,0,0,0,---,NO PLAY,---,9,0,0,0,---,HARD CLEAR,---,0,0,0,0,---,NO PLAY,---,2025-09-23 12:30
9th style,Sweet Sweet Magic,HAPPY HARDCORE,jun,0,0,0,0,0,---,NO PLAY,---,5,0,0,0,---,NO PLAY,---,8,0,0,0,---,NO PLAY,---,10,0,0,0,---,HARD CLEAR,---,0,0,0,0,---,NO PLAY,---,2025-09-23 12:30
9th style,SWEETEST SAVAGE,HIP HOP,ASLETICS,0,0,0,0,0,---,NO PLAY,---,4,0,0,0,---,NO PLAY,---,7,0,0,0,---,NO PLAY,---,11,0,0,0,---,HARD CLEAR,---,0,0,0,0,---,NO PLAY,---,2025-09-23 12:30
9th style,ライオン好き,ボデー,AKIRA YAMAOKA,0,0,0,0,0,---,NO PLAY,---,4,0,0,0,---,NO PLAY,---,5,0,0,0,---,NO PLAY,---,7,0,0,0,---,HARD CLEAR,---,0,0,0,0,---,NO PLAY,---,2025-09-23 12:30
9th style,真夏の花・真夏の夢,HOUSE,Sana,0,0,0,0,0,---,NO PLAY,---,4,0,0,0,---,NO PLAY,---,6,0,0,0,---,NO PLAY,---,9,0,0,0,---,HARD CLEAR,---,0,0,0,0,---,NO PLAY,---,2025-09-23 12:30
10th style,1st Samurai,お江戸テクノ,sampling masters MEGA,0,0,0,0,0,---,NO PLAY,---,5,0,0,0,---,NO PLAY,---,10,0,0,0,---,EASY CLEAR,---,11,0,0,0,---,HARD CLEAR,---,0,0,0,0,---,NO PLAY,---,2025-09-23 12:30
10th style,ALIEN TEMPLE,PSYCHEDELIC TRANCE,PINK PONG,0,0,0,0,0,---,NO PLAY,---,5,0,0,0,---,NO PLAY,---,7,0,0,0,---,ASSIST CLEAR,---,8,0,0,0,---,HARD CLEAR,---,0,0,0,0,---,NO PLAY,---,2025-09-23 12:30
10th style,ASTRAL VOYAGE,DREAM TECHNO,EeL,0,0,0,0,0,---,NO PLAY,---,5,0,0,0,---,NO PLAY,---,6,0,0,0,---,NO PLAY,---,9,0,0,0,---,HARD CLEAR,---,0,0,0,0,---,NO PLAY,---,2025-09-23 12:30
10th style,BABY LOVE,ITALO POP,Noria,0,0,0,0,0,---,NO PLAY,---,6,0,0,0,---,NO PLAY,---,7,0,0,0,---,NO PLAY,---,10,0,0,0,---,HARD CLEAR,---,0,0,0,0,---,NO PLAY,---,2025-09-23 12:30
10th style,Back Into The Light,2STEP POP TRANCE,Sota Fujimori,0,0,0,0,0,---,NO PLAY,---,6,0,0,0,---,NO PLAY,---,7,0,0,0,---,CLEAR,---,10,0,0,0,---,HARD CLEAR,---,0,0,0,0,---,NO PLAY,---,2025-09-23 12:30
10th style,Boundary,ROCOCO TEK,SPARKER,0,0,0,0,0,---,NO PLAY,---,4,0,0,0,---,NO PLAY,---,9,0,0,0,---,CLEAR,---,9,0,0,0,---,HARD CLEAR,---,0,0,0,0,---,NO PLAY,---,2025-09-23 12:30
10th style,CARRY ON NIGHT (English version),EUROBEAT,platoniX (EURO style),0,0,0,0,0,---,NO PLAY,---,5,0,0,0,---,NO PLAY,---,7,0,0,0,---,NO PLAY,---,9,0,0,0,---,HARD CLEAR,---,0,0,0,0,---,NO PLAY,---,2025-09-23 12:30
10th style,Daisuke,EUROBEAT,Y&Co.,0,2,0,0,0,---,NO PLAY,---,6,0,0,0,---,NO PLAY,---,8,0,0,0,---,NO PLAY,---,10,0,0,0,---,HARD CLEAR,---,0,0,0,0,---,NO PLAY,---,2025-09-23 12:30
10th style,Debtty Daddy,ETHNO HARDCORE,sampling masters AYA,0,0,0,0,0,---,NO PLAY,---,5,0,0,0,---,NO PLAY,---,9,0,0,0,---,NO PLAY,---,11,0,0,0,---,HARD CLEAR,---,0,0,0,0,---,NO PLAY,---,2025-09-23 12:30
10th style,DoLL,HYPER J-POP FOUR,ＴЁЯＲＡ,0,2,0,0,0,---,NO PLAY,---,5,0,0,0,---,NO PLAY,---,6,0,0,0,---,NO PLAY,---,7,0,0,0,---,HARD CLEAR,---,0,0,0,0,---,NO PLAY,---,2025-09-23 12:30
10th style,EXE,ELECTROSHOCK,Mr.T,0,0,0,0,0,---,NO PLAY,---,4,0,0,0,---,NO PLAY,---,8,0,0,0,---,ASSIST CLEAR,---,10,0,0,0,---,HARD CLEAR,---,0,0,0,0,---,NO PLAY,---,2025-09-23 12:30
10th style,Feedback,BREAK BEATS,Audio Highs,0,0,0,0,0,---,NO PLAY,---,5,0,0,0,---,NO PLAY,---,8,0,0,0,---,NO PLAY,---,10,0,0,0,---,HARD CLEAR,---,0,0,0,0,---,NO PLAY,---,2025-09-23 12:30
10th style,FEEL IT,DRUM'N'BASS,RAM,0,0,0,0,0,---,NO PLAY,---,5,0,0,0,---,NO PLAY,---,9,0,0,0,---,ASSIST CLEAR,---,10,0,0,0,---,HARD CLEAR,---,0,0,0,0,---,NO PLAY,---,2025-09-23 12:30
10th style,Freezing atmosphere,NATURAL SOUND,Twin AmadeuS,0,0,0,0,0,---,NO PLAY,---,4,0,0,0,---,NO PLAY,---,6,0,0,0,---,NO PLAY,---,9,0,0,0,---,HARD CLEAR,---,0,0,0,0,---,NO PLAY,---,2025-09-23 12:30
10th style,GHOST REVIVAL,GOA TRANCE,L.E.D.,0,0,0,0,0,---,NO PLAY,---,5,0,0,0,---,NO PLAY,---,9,0,0,0,---,NO PLAY,---,10,0,0,0,---,HARD CLEAR,---,0,0,0,0,---,NO PLAY,---,2025-09-23 12:30
10th style,GRADIUS -FULL SPEED-,GAME MUSIC,Mr.T,0,0,0,0,0,---,NO PLAY,---,4,0,0,0,---,NO PLAY,---,8,0,0,0,---,NO PLAY,---,10,0,0,0,---,HARD CLEAR,---,0,0,0,0,---,NO PLAY,---,2025-09-23 12:30
10th style,HIGH,RAVE,RAM,0,0,0,0,0,---,NO PLAY,---,5,0,0,0,---,NO PLAY,---,9,0,0,0,---,EASY CLEAR,---,9,0,0,0,---,HARD CLEAR,---,11,0,0,0,---,HARD CLEAR,---,2025-09-23 12:30
10th style,Innocent Walls,TECHNO,TaQ,0,0,0,0,0,---,NO PLAY,---,8,0,0,0,---,ASSIST CLEAR,---,12,0,0,0,---,HARD CLEAR,---,12,0,0,0,---,HARD CLEAR,---,0,0,0,0,---,NO PLAY,---,2025-09-23 12:30
10th style,Love Is Eternity,TRANCE,kors k,0,0,0,0,0,---,NO PLAY,---,6,0,0,0,---,NO PLAY,---,9,0,0,0,---,CLEAR,---,11,0,0,0,---,HARD CLEAR,---,0,0,0,0,---,NO PLAY,---,2025-09-23 12:30
10th style,Lucy,DANCE POP,ELE BLOCK,0,0,0,0,0,---,NO PLAY,---,4,0,0,0,---,NO PLAY,---,9,0,0,0,---,CLEAR,---,11,0,0,0,---,HARD CLEAR,---,0,0,0,0,---,NO PLAY,---,2025-09-23 12:30
10th style,Narcissus At Oasis,ARTCORE,Ryu☆,0,0,0,0,0,---,NO PLAY,---,4,0,0,0,---,NO PLAY,---,10,0,0,0,---,EASY CLEAR,---,10,0,0,0,---,HARD CLEAR,---,0,0,0,0,---,NO PLAY,---,2025-09-23 12:30
10th style,No.13,PROGRESSIVE BAROQUE,TAKA respect for J.S.B.,0,0,0,0,0,---,NO PLAY,---,8,0,0,0,---,ASSIST CLEAR,---,10,0,0,0,---,CLEAR,---,11,0,0,0,---,HARD CLEAR,---,0,0,0,0,---,NO PLAY,---,2025-09-23 12:30
10th style,One More Lovely,HAPPY,Risk Junk,0,0,0,0,0,---,NO PLAY,---,5,0,0,0,---,ASSIST CLEAR,---,9,0,0,0,---,ASSIST CLEAR,---,12,0,0,0,---,HARD CLEAR,---,0,0,0,0,---,NO PLAY,---,2025-09-23 12:30
10th style,pandora,TRANCE,dj TAKA feat.Tomomi,0,0,0,0,0,---,NO PLAY,---,5,0,0,0,---,FAILED,---,8,0,0,0,---,NO PLAY,---,9,0,0,0,---,FULLCOMBO CLEAR,---,0,0,0,0,---,NO PLAY,---,2025-09-23 12:30
10th style,rainbow rainbow,HAPPY HARDCORE,Ryu☆,0,0,0,0,0,---,NO PLAY,---,7,0,0,0,---,CLEAR,---,10,0,0,0,---,CLEAR,---,11,0,0,0,---,HARD CLEAR,---,0,0,0,0,---,NO PLAY,---,2025-09-23 12:30
10th style,Rise'n Beauty,TRANCE,Sota feat. Cyborg Akemi,0,0,0,0,0,---,NO PLAY,---,6,0,0,0,---,CLEAR,---,9,0,0,0,---,ASSIST CLEAR,---,10,0,0,0,---,HARD CLEAR,---,0,0,0,0,---,NO PLAY,---,2025-09-23 12:30
10th style,SCORE,TECH HOUSE,DJ Remo-con,0,0,0,0,0,---,NO PLAY,---,5,0,0,0,---,NO PLAY,---,8,0,0,0,---,NO PLAY,---,10,0,0,0,---,HARD CLEAR,---,0,0,0,0,---,NO PLAY,---,2025-09-23 12:30
10th style,SHOOTING STAR,J-POP,小坂りゆ,0,0,0,0,0,---,NO PLAY,---,7,0,0,0,---,NO PLAY,---,8,0,0,0,---,NO PLAY,---,9,0,0,0,---,HARD CLEAR,---,0,0,0,0,---,NO PLAY,---,2025-09-23 12:30
10th style,SPACE FIGHT,戦艦テクノ,AKIRA YAMAOKA,1,0,0,0,0,---,NO PLAY,---,3,0,0,0,---,NO PLAY,---,8,0,0,0,---,NO PLAY,---,11,1625,648,329,---,HARD CLEAR,A,0,0,0,0,---,NO PLAY,---,2025-09-23 15:46
10th style,システムロマンス,ムートラ(ムードトランス),ヒロシ＆チー子,0,0,0,0,0,---,NO PLAY,---,4,0,0,0,---,NO PLAY,---,7,0,0,0,---,NO PLAY,---,8,0,0,0,---,HARD CLEAR,---,0,0,0,0,---,NO PLAY,---,2025-09-23 12:30
10th style,雪月花,HARD HOUSE,Ryu☆,0,0,0,0,0,---,NO PLAY,---,6,0,0,0,---,NO PLAY,---,10,0,0,0,---,EASY CLEAR,---,12,0,0,0,---,HARD CLEAR,---,0,0,0,0,---,NO PLAY,---,2025-09-23 12:30
IIDX RED,AA,RENAISSANCE,D.J.Amuro,0,0,0,0,0,---,NO PLAY,---,5,0,0,0,---,NO PLAY,---,10,0,0,0,---,HARD CLEAR,---,12,0,0,0,---,HARD CLEAR,---,0,0,0,0,---,NO PLAY,---,2025-09-23 12:30
IIDX RED,AGEHA,HAPPY HARDCORE,Ryu☆,0,3,0,0,0,---,ASSIST CLEAR,---,5,0,0,0,---,NO PLAY,---,8,0,0,0,---,FAILED,---,9,0,0,0,---,HARD CLEAR,---,11,0,0,0,---,HARD CLEAR,---,2025-09-23 12:30
IIDX RED,ANDROMEDA,PSYCHEDELIC GOA TRANCE,Sota Fujimori,0,0,0,0,0,---,NO PLAY,---,5,0,0,0,---,NO PLAY,---,8,0,0,0,---,CLEAR,---,11,0,0,0,---,HARD CLEAR,---,0,0,0,0,---,NO PLAY,---,2025-09-23 12:30
IIDX RED,awakening,TRANCE,AKIRA YAMAOKA,0,0,0,0,0,---,NO PLAY,---,5,0,0,0,---,NO PLAY,---,7,0,0,0,---,NO PLAY,---,10,0,0,0,---,HARD CLEAR,---,0,0,0,0,---,NO PLAY,---,2025-09-23 12:30
IIDX RED,Be quiet,HARD DANCE,Ryu☆,0,0,0,0,0,---,NO PLAY,---,5,0,0,0,---,NO PLAY,---,9,0,0,0,---,ASSIST CLEAR,---,11,0,0,0,---,HARD CLEAR,---,12,0,0,0,---,HARD CLEAR,---,2025-09-23 12:30
IIDX RED,BLOCKS,TRANCE,SPARKER,0,0,0,0,0,---,NO PLAY,---,5,0,0,0,---,NO PLAY,---,7,0,0,0,---,NO PLAY,---,11,0,0,0,---,HARD CLEAR,---,0,0,0,0,---,NO PLAY,---,2025-09-23 12:30
IIDX RED,BREATH,ROCOCO TEK,SPARKER,0,0,0,0,0,---,NO PLAY,---,6,0,0,0,---,NO PLAY,---,7,0,0,0,---,NO PLAY,---,10,0,0,0,---,HARD CLEAR,---,0,0,0,0,---,NO PLAY,---,2025-09-23 12:30
IIDX RED,Click Again,CLICK HOUSE,dj REMO-CON,0,0,0,0,0,---,NO PLAY,---,5,0,0,0,---,NO PLAY,---,6,0,0,0,---,NO PLAY,---,11,0,0,0,---,HARD CLEAR,---,0,0,0,0,---,NO PLAY,---,2025-09-23 12:30
IIDX RED,Close my Eyes for Me,AMERICA,D-crew feat.DENNIS GUNN(DJ Yoshitaka SCRATCHING),0,0,0,0,0,---,NO PLAY,---,5,0,0,0,---,NO PLAY,---,8,0,0,0,---,NO PLAY,---,9,0,0,0,---,HARD CLEAR,---,0,0,0,0,---,NO PLAY,---,2025-09-23 12:30
IIDX RED,D.A.N.C.E.!,J-POP,DJ Yoshitaka feat.星野奏子,0,0,0,0,0,---,NO PLAY,---,3,0,0,0,---,NO PLAY,---,5,0,0,0,---,NO PLAY,---,10,0,0,0,---,HARD CLEAR,---,0,0,0,0,---,NO PLAY,---,2025-09-23 12:30
IIDX RED,earth scape,PIANO BALLAD,dj TAKA,0,0,0,0,0,---,NO PLAY,---,2,0,0,0,---,NO PLAY,---,5,0,0,0,---,NO PLAY,---,7,0,0,0,---,FULLCOMBO CLEAR,---,0,0,0,0,---,NO PLAY,---,2025-09-23 12:30
IIDX RED,FAKE TIME,HARD ROCK,dj REMO-CON,0,0,0,0,0,---,NO PLAY,---,5,0,0,0,---,NO PLAY,---,11,0,0,0,---,HARD CLEAR,---,12,0,0,0,---,HARD CLEAR,---,0,0,0,0,---,NO PLAY,---,2025-09-23 12:30
IIDX RED,GENOCIDE,DRUM'N'BASS,dj Killer,0,0,0,0,0,---,NO PLAY,---,6,0,0,0,---,NO PLAY,---,10,0,0,0,---,HARD CLEAR,---,11,0,0,0,---,HARD CLEAR,---,0,0,0,0,---,NO PLAY,---,2025-09-23 12:30
IIDX RED,gigadelic,NUSTYLE GABBA,teranoid feat.MC Natsack,0,3,0,0,0,---,NO PLAY,---,9,0,0,0,---,NO PLAY,---,12,0,0,0,---,HARD CLEAR,---,12,0,0,0,---,HARD CLEAR,---,0,0,0,0,---,NO PLAY,---,2025-09-23 12:30
IIDX RED,HORIZON,HAPPY HARDCORE,LIA,0,0,0,0,0,---,NO PLAY,---,5,0,0,0,---,ASSIST CLEAR,---,7,0,0,0,---,NO PLAY,---,8,0,0,0,---,HARD CLEAR,---,0,0,0,0,---,NO PLAY,---,2025-09-23 12:30
IIDX RED,KEY,BEAT ROCK,colors,1,0,0,0,0,---,NO PLAY,---,6,0,0,0,---,NO PLAY,---,8,0,0,0,---,NO PLAY,---,11,2368,998,372,23,HARD CLEAR,AA,0,0,0,0,---,NO PLAY,---,2025-10-04 15:32
IIDX RED,NEBULA GRASPER,PSYCHEDELIC TRANCE,L.E.D.,0,0,0,0,0,---,NO PLAY,---,6,0,0,0,---,NO PLAY,---,9,0,0,0,---,NO PLAY,---,10,0,0,0,---,HARD CLEAR,---,0,0,0,0,---,NO PLAY,---,2025-09-23 12:30
IIDX RED,Raspberry Heart(English version),COLORFUL HARDCORE,jun feat. PAULA TERRY,0,0,0,0,0,---,NO PLAY,---,5,0,0,0,---,NO PLAY,---,8,0,0,0,---,FAILED,---,9,0,0,0,---,HARD CLEAR,---,0,0,0,0,---,NO PLAY,---,2025-09-23 12:30
IIDX RED,RED ZONE,SPEED RAVE,Tatsh&NAOKI,0,1,0,0,0,---,NO PLAY,---,5,0,0,0,---,NO PLAY,---,9,0,0,0,---,HARD CLEAR,---,11,0,0,0,---,HARD CLEAR,---,12,0,0,0,---,HARD CLEAR,---,2025-09-23 12:30
IIDX RED,RESONATE 1794,HARD SONATA,KOHTA,0,0,0,0,0,---,NO PLAY,---,5,0,0,0,---,NO PLAY,---,10,0,0,0,---,EASY CLEAR,---,11,0,0,0,---,HARD CLEAR,---,0,0,0,0,---,NO PLAY,---,2025-09-23 12:30
IIDX RED,Secret of Love,DRUM'N'BASS,D.J.SWAN,0,0,0,0,0,---,NO PLAY,---,5,0,0,0,---,NO PLAY,---,7,0,0,0,---,NO PLAY,---,11,0,0,0,---,HARD CLEAR,---,0,0,0,0,---,NO PLAY,---,2025-09-23 12:30
IIDX RED,SPEEDY CAT,EUROBEAT,Y&Co.,0,0,0,0,0,---,NO PLAY,---,5,0,0,0,---,NO PLAY,---,8,0,0,0,---,NO PLAY,---,9,0,0,0,---,HARD CLEAR,---,0,0,0,0,---,NO PLAY,---,2025-09-23 12:30
IIDX RED,Sphere,MEDIEVAL CHOIR,Tatsh feat. K.Nayuki,0,0,0,0,0,---,NO PLAY,---,5,0,0,0,---,NO PLAY,---,9,0,0,0,---,CLEAR,---,10,0,0,0,---,HARD CLEAR,---,0,0,0,0,---,NO PLAY,---,2025-09-23 12:30
IIDX RED,spiral galaxy,PSYCHEDELIC TECHNO,D.J.SETUP,0,0,0,0,0,---,NO PLAY,---,5,0,0,0,---,NO PLAY,---,9,0,0,0,---,ASSIST CLEAR,---,11,0,0,0,---,HARD CLEAR,---,12,0,0,0,---,HARD CLEAR,---,2025-09-23 12:30
IIDX RED,The Hope of Tomorrow,CYBORG TRANCE,Sota Fujimori,0,0,0,0,0,---,NO PLAY,---,5,0,0,0,---,NO PLAY,---,8,0,0,0,---,NO PLAY,---,10,0,0,0,---,HARD CLEAR,---,0,0,0,0,---,NO PLAY,---,2025-09-23 12:30
IIDX RED,Wonder Bullfighter,NATURAL SOUND,Twin AmadeuS,0,0,0,0,0,---,NO PLAY,---,5,0,0,0,---,NO PLAY,---,7,0,0,0,---,NO PLAY,---,11,0,0,0,---,HARD CLEAR,---,0,0,0,0,---,NO PLAY,---,2025-09-23 12:30
IIDX RED,ピアノ協奏曲第１番”蠍火”,DIRGE,virkato,0,0,0,0,0,---,NO PLAY,---,5,0,0,0,---,NO PLAY,---,11,0,0,0,---,HARD CLEAR,---,12,0,0,0,---,HARD CLEAR,---,0,0,0,0,---,NO PLAY,---,2025-09-23 12:30
IIDX RED,大桟橋,JAPAN,ウッチーズ,0,0,0,0,0,---,NO PLAY,---,3,0,0,0,---,NO PLAY,---,6,0,0,0,---,NO PLAY,---,9,0,0,0,---,HARD CLEAR,---,0,0,0,0,---,NO PLAY,---,2025-09-23 12:30
IIDX RED,太陽～T・A・I・Y・O～,CYBER J-EURO,NAOKI feat.星野奏子,0,0,0,0,0,---,NO PLAY,---,4,0,0,0,---,NO PLAY,---,8,0,0,0,---,NO PLAY,---,9,0,0,0,---,HARD CLEAR,---,0,0,0,0,---,NO PLAY,---,2025-09-23 12:30
IIDX RED,ＵＬＴｉＭΛＴＥ,HYPER J-POP FIVE,ＴЁЯＲＡ,0,0,0,0,0,---,NO PLAY,---,5,0,0,0,---,NO PLAY,---,7,0,0,0,---,ASSIST CLEAR,---,9,0,0,0,---,HARD CLEAR,---,0,0,0,0,---,NO PLAY,---,2025-09-23 12:30
HAPPY SKY,100％ minimoo-G,SYNTHETIC PROGRESSIVE ROCK,Sota Fujimori,0,0,0,0,0,---,NO PLAY,---,5,0,0,0,---,NO PLAY,---,10,0,0,0,---,EASY CLEAR,---,11,0,0,0,---,HARD CLEAR,---,0,0,0,0,---,NO PLAY,---,2025-09-23 12:30
HAPPY SKY,Agnus Dei,GOTHIC METAL,あさき,0,0,0,0,0,---,NO PLAY,---,5,0,0,0,---,NO PLAY,---,9,0,0,0,---,NO PLAY,---,10,0,0,0,---,HARD CLEAR,---,0,0,0,0,---,NO PLAY,---,2025-09-23 12:30
HAPPY SKY,alla turca con passione,NATURAL SOUND,Twin AmadeuS,0,0,0,0,0,---,NO PLAY,---,5,0,0,0,---,NO PLAY,---,8,0,0,0,---,NO PLAY,---,10,0,0,0,---,HARD CLEAR,---,0,0,0,0,---,NO PLAY,---,2025-09-23 12:30
HAPPY SKY,Aurora,TRANCE CORE,Ryu☆,0,0,0,0,0,---,NO PLAY,---,7,0,0,0,---,ASSIST CLEAR,---,10,0,0,0,---,HARD CLEAR,---,11,0,0,0,---,HARD CLEAR,---,0,0,0,0,---,NO PLAY,---,2025-09-23 12:30
HAPPY SKY,CaptivAte～浄化～,NOSTALISH REQUIEM,A/I,1,0,0,0,0,---,NO PLAY,---,5,0,0,0,---,NO PLAY,---,9,0,0,0,---,FAILED,---,11,0,0,0,---,HARD CLEAR,---,12,1774,655,464,---,FAILED,C,2025-10-04 14:42
HAPPY SKY,Catch Me,ACID JAZZ,DJ Yoshitaka feat. ERi,0,0,0,0,0,---,NO PLAY,---,5,0,0,0,---,NO PLAY,---,8,0,0,0,---,NO PLAY,---,10,0,0,0,---,HARD CLEAR,---,0,0,0,0,---,NO PLAY,---,2025-09-23 12:30
HAPPY SKY,Don't let it go,J-POP REMIX,ウッチーズ,0,0,0,0,0,---,NO PLAY,---,4,0,0,0,---,NO PLAY,---,8,0,0,0,---,NO PLAY,---,9,0,0,0,---,EASY CLEAR,---,0,0,0,0,---,NO PLAY,---,2025-09-23 12:30
HAPPY SKY,double thrash,BATTLE2005,414,1,0,0,0,0,---,NO PLAY,---,6,0,0,0,---,NO PLAY,---,10,0,0,0,---,EASY CLEAR,---,10,1676,631,414,30,HARD CLEAR,A,0,0,0,0,---,NO PLAY,---,2025-10-18 15:34
HAPPY SKY,EDEN,HYPER J-POP SIX,ＴЁЯＲＡ,0,0,0,0,0,---,NO PLAY,---,6,0,0,0,---,NO PLAY,---,9,0,0,0,---,NO PLAY,---,10,0,0,0,---,HARD CLEAR,---,11,0,0,0,---,HARD CLEAR,---,2025-09-23 12:30
HAPPY SKY,First Resolution,TECHNO RAVE,good-cool,0,0,0,0,0,---,NO PLAY,---,5,0,0,0,---,NO PLAY,---,7,0,0,0,---,FAILED,---,9,0,0,0,---,HARD CLEAR,---,0,0,0,0,---,NO PLAY,---,2025-09-23 12:30
HAPPY SKY,garden,SWING WALTZ,青野りえ,0,0,0,0,0,---,NO PLAY,---,4,0,0,0,---,NO PLAY,---,7,0,0,0,---,NO PLAY,---,10,0,0,0,---,HARD CLEAR,---,12,0,0,0,---,HARD CLEAR,---,2025-09-23 12:30
HAPPY SKY,Get'em up to R.A.V.E,RAVE,Disconation,0,0,0,0,0,---,NO PLAY,---,5,0,0,0,---,NO PLAY,---,8,0,0,0,---,ASSIST CLEAR,---,10,0,0,0,---,HARD CLEAR,---,0,0,0,0,---,NO PLAY,---,2025-09-23 12:30
HAPPY SKY,GREEN EYES,BROKEN TEK,SLAKE,0,0,0,0,0,---,NO PLAY,---,6,0,0,0,---,NO PLAY,---,8,0,0,0,---,NO PLAY,---,10,0,0,0,---,HARD CLEAR,---,0,0,0,0,---,NO PLAY,---,2025-09-23 12:30
HAPPY SKY,HAPPY☆ANGEL,HAPPY HARDCORE,jun with TAHIRIH,0,3,0,0,0,---,NO PLAY,---,5,0,0,0,---,NO PLAY,---,7,0,0,0,---,ASSIST CLEAR,---,10,0,0,0,---,HARD CLEAR,---,0,0,0,0,---,NO PLAY,---,2025-09-23 12:30
HAPPY SKY,I am,CYBER J-ROCK,有沢みはる from BeForU,0,0,0,0,0,---,NO PLAY,---,5,0,0,0,---,NO PLAY,---,8,0,0,0,---,ASSIST CLEAR,---,10,0,0,0,---,HARD CLEAR,---,0,0,0,0,---,NO PLAY,---,2025-09-23 12:30
HAPPY SKY,in motion,CLICK HOUSE,Ryu☆,0,0,0,0,0,---,NO PLAY,---,5,0,0,0,---,NO PLAY,---,6,0,0,0,---,NO PLAY,---,7,0,0,0,---,EASY CLEAR,---,0,0,0,0,---,NO PLAY,---,2025-09-23 12:30
HAPPY SKY,INAZUMA,TRANCE,dj TAKA,0,0,0,0,0,---,NO PLAY,---,5,0,0,0,---,NO PLAY,---,9,0,0,0,---,NO PLAY,---,11,0,0,0,---,HARD CLEAR,---,0,0,0,0,---,NO PLAY,---,2025-09-23 12:30
HAPPY SKY,LESSON 5,HAPPY EXTREME,Risk Junk feat.Erika Mochizuki,0,0,0,0,0,---,NO PLAY,---,5,0,0,0,---,NO PLAY,---,8,0,0,0,---,NO PLAY,---,9,0,0,0,---,HARD CLEAR,---,0,0,0,0,---,NO PLAY,---,2025-09-23 12:30
HAPPY SKY,Little Little Princess,PUNK OPERA,SHRINE 418,0,0,0,0,0,---,NO PLAY,---,5,0,0,0,---,NO PLAY,---,10,0,0,0,---,EASY CLEAR,---,11,0,0,0,---,HARD CLEAR,---,12,0,0,0,---,HARD CLEAR,---,2025-09-23 12:30
HAPPY SKY,Love Magic,DRUM'N'BASS,D.J.SWAN,0,0,0,0,0,---,NO PLAY,---,5,0,0,0,---,NO PLAY,---,8,0,0,0,---,NO PLAY,---,10,0,0,0,---,HARD CLEAR,---,0,0,0,0,---,NO PLAY,---,2025-09-23 12:30
HAPPY SKY,mind the gap,UK PROGRESSIVE,Osamu Kubota,0,0,0,0,0,---,NO PLAY,---,5,0,0,0,---,NO PLAY,---,7,0,0,0,---,NO PLAY,---,9,0,0,0,---,HARD CLEAR,---,0,0,0,0,---,NO PLAY,---,2025-09-23 12:30
HAPPY SKY,MOON RACE,FUTURE HOUSE,ELEKTEL,0,0,0,0,0,---,NO PLAY,---,5,0,0,0,---,NO PLAY,---,7,0,0,0,---,NO PLAY,---,9,0,0,0,---,HARD CLEAR,---,0,0,0,0,---,NO PLAY,---,2025-09-23 12:30
HAPPY SKY,Pink Rose,HEART,Kiyommy+Seiya,0,0,0,0,0,---,NO PLAY,---,3,0,0,0,---,NO PLAY,---,5,0,0,0,---,ASSIST CLEAR,---,8,0,0,0,---,NO PLAY,---,10,0,0,0,---,HARD CLEAR,---,2025-09-23 12:30
HAPPY SKY,PLASMA,SYNTHESIZED TECHNO,Sota Fujimori,0,0,0,0,0,---,NO PLAY,---,4,0,0,0,---,NO PLAY,---,8,0,0,0,---,NO PLAY,---,9,0,0,0,---,HARD CLEAR,---,0,0,0,0,---,NO PLAY,---,2025-09-23 12:30
HAPPY SKY,Pollinosis,HARD DANCE,dj REMO-CON,0,0,0,0,0,---,NO PLAY,---,4,0,0,0,---,NO PLAY,---,6,0,0,0,---,NO PLAY,---,11,0,0,0,---,HARD CLEAR,---,0,0,0,0,---,NO PLAY,---,2025-09-23 12:30
HAPPY SKY,POODLE,EUROBEAT,Y&Co.,0,0,0,0,0,---,NO PLAY,---,5,0,0,0,---,NO PLAY,---,8,0,0,0,---,CLEAR,---,10,0,0,0,---,HARD CLEAR,---,11,0,0,0,---,HARD CLEAR,---,2025-09-23 12:30
HAPPY SKY,rage against usual,DIGI-ROCK,dj TAKA feat.Gt.Shintaro,0,0,0,0,0,---,NO PLAY,---,7,0,0,0,---,ASSIST CLEAR,---,10,0,0,0,---,EASY CLEAR,---,12,0,0,0,---,CLEAR,---,0,0,0,0,---,NO PLAY,---,2025-09-23 12:30
HAPPY SKY,SCREAM SQUAD,BREAKCORE,CALF,0,0,0,0,0,---,NO PLAY,---,7,0,0,0,---,ASSIST CLEAR,---,10,0,0,0,---,EASY CLEAR,---,12,0,0,0,---,HARD CLEAR,---,0,0,0,0,---,NO PLAY,---,2025-09-23 12:30
HAPPY SKY,Scripted Connection⇒ A mix,TECHNO,DJ MURASAME,1,0,0,0,0,---,NO PLAY,---,7,0,0,0,---,ASSIST CLEAR,---,10,0,0,0,---,EASY CLEAR,---,12,2234,886,462,36,HARD CLEAR,A,12,0,0,0,---,EASY CLEAR,---,2025-09-23 13:32
HAPPY SKY,Scripted Connection⇒ H mix,TECHNO,DJ MURASAME,0,0,0,0,0,---,NO PLAY,---,7,0,0,0,---,CLEAR,---,10,0,0,0,---,EASY CLEAR,---,11,0,0,0,---,HARD CLEAR,---,12,0,0,0,---,HARD CLEAR,---,2025-09-23 12:30
HAPPY SKY,Scripted Connection⇒ N mix,TECHNO,DJ MURASAME,0,0,0,0,0,---,NO PLAY,---,6,0,0,0,---,NO PLAY,---,8,0,0,0,---,FAILED,---,10,0,0,0,---,HARD CLEAR,---,11,0,0,0,---,HARD CLEAR,---,2025-09-23 12:30
HAPPY SKY,SigSig,MAKINA,kors k,1,3,0,0,0,---,NO PLAY,---,5,0,0,0,---,NO PLAY,---,7,0,0,0,---,ASSIST CLEAR,---,10,2043,828,387,16,HARD CLEAR,AA,0,0,0,0,---,NO PLAY,---,2025-09-23 16:59
HAPPY SKY,Tizona d'El Cid,MPB,TOMOSUKE,0,0,0,0,0,---,NO PLAY,---,5,0,0,0,---,NO PLAY,---,9,0,0,0,---,ASSIST CLEAR,---,10,0,0,0,---,HARD CLEAR,---,0,0,0,0,---,NO PLAY,---,2025-09-23 12:30
HAPPY SKY,Twelfth Style,HAPPY EURO PARADISE,Tatsh&DAYBREAKERS NEXT,0,0,0,0,0,---,NO PLAY,---,6,0,0,0,---,NO PLAY,---,7,0,0,0,---,NO PLAY,---,10,0,0,0,---,HARD CLEAR,---,12,0,0,0,---,HARD CLEAR,---,2025-09-23 12:30
HAPPY SKY,Under the Sky,J-EUROTRANCE,南さやか(BeForU) with platoniX,0,0,0,0,0,---,NO PLAY,---,5,0,0,0,---,NO PLAY,---,7,0,0,0,---,NO PLAY,---,9,0,0,0,---,HARD CLEAR,---,0,0,0,0,---,NO PLAY,---,2025-09-23 12:30
HAPPY SKY,vault of heaven,ELECTROSHOCK,Mr.T,0,0,0,0,0,---,NO PLAY,---,4,0,0,0,---,NO PLAY,---,8,0,0,0,---,ASSIST CLEAR,---,10,0,0,0,---,HARD CLEAR,---,0,0,0,0,---,NO PLAY,---,2025-09-23 12:30
HAPPY SKY,Votum stellarum,ANTHEM TRANCE,iconoclasm,0,0,0,0,0,---,NO PLAY,---,4,0,0,0,---,NO PLAY,---,9,0,0,0,---,NO PLAY,---,10,0,0,0,---,EASY CLEAR,---,0,0,0,0,---,NO PLAY,---,2025-09-23 12:30
HAPPY SKY,Xepher,MEDIEVAL CHOIR,Tatsh,0,3,0,0,0,---,ASSIST CLEAR,---,5,0,0,0,---,ASSIST CLEAR,---,10,0,0,0,---,EASY CLEAR,---,11,0,0,0,---,HARD CLEAR,---,0,0,0,0,---,NO PLAY,---,2025-09-23 12:30
HAPPY SKY,オレはビートマニア！お前は何マニア？,FUNK,DANCE☆MAN,0,0,0,0,0,---,NO PLAY,---,7,0,0,0,---,CLEAR,---,8,0,0,0,---,NO PLAY,---,10,0,0,0,---,HARD CLEAR,---,0,0,0,0,---,NO PLAY,---,2025-09-23 12:30
HAPPY SKY,ヒマワリ,J-HAPPY HARDCORE,小坂りゆ,0,0,0,0,0,---,NO PLAY,---,3,0,0,0,---,NO PLAY,---,9,0,0,0,---,ASSIST CLEAR,---,10,0,0,0,---,HARD CLEAR,---,0,0,0,0,---,NO PLAY,---,2025-09-23 12:30
HAPPY SKY,ラクエン,REGGAE,Chonan Chiharu,0,0,0,0,0,---,NO PLAY,---,4,0,0,0,---,NO PLAY,---,6,0,0,0,---,NO PLAY,---,11,0,0,0,---,HARD CLEAR,---,0,0,0,0,---,NO PLAY,---,2025-09-23 12:30
HAPPY SKY,冥,HUMAN SEQUENCER,Amuro vs Killer,0,3,0,0,0,---,NO PLAY,---,5,0,0,0,---,NO PLAY,---,10,0,0,0,---,HARD CLEAR,---,12,0,0,0,---,EASY CLEAR,---,0,0,0,0,---,NO PLAY,---,2025-09-23 12:30
HAPPY SKY,合体せよ！ストロングイェーガー！！ (Ryu☆ remix),HARD DANCE,L.E.D./Remixed by Ryu☆,0,0,0,0,0,---,NO PLAY,---,5,0,0,0,---,NO PLAY,---,8,0,0,0,---,NO PLAY,---,11,0,0,0,---,HARD CLEAR,---,0,0,0,0,---,NO PLAY,---,2025-09-23 12:30
HAPPY SKY,月光,J-EUROBEAT,Tatsh feat. 星野奏子,0,0,0,0,0,---,NO PLAY,---,5,0,0,0,---,NO PLAY,---,8,0,0,0,---,NO PLAY,---,10,0,0,0,---,HARD CLEAR,---,0,0,0,0,---,NO PLAY,---,2025-09-23 12:30
DistorteD,ALFARSHEAR 双神威に廻る夢,HYPER J-POP SEVEN,ＴЁЯＲＡ,0,2,0,0,0,---,NO PLAY,---,5,0,0,0,---,NO PLAY,---,7,0,0,0,---,NO PLAY,---,10,0,0,0,---,HARD CLEAR,---,0,0,0,0,---,NO PLAY,---,2025-09-23 12:30
DistorteD,Apocalypse ～dirge of swans～,ORATORIO,Zektbach,0,1,0,0,0,---,NO PLAY,---,5,0,0,0,---,NO PLAY,---,9,0,0,0,---,EASY CLEAR,---,10,0,0,0,---,HARD CLEAR,---,0,0,0,0,---,NO PLAY,---,2025-09-23 12:30
DistorteD,Bloody Tears(IIDX EDITION),HARD RENAISSANCE,DJ YOSHITAKA,0,0,0,0,0,---,NO PLAY,---,5,0,0,0,---,NO PLAY,---,9,0,0,0,---,ASSIST CLEAR,---,10,0,0,0,---,HARD CLEAR,---,0,0,0,0,---,NO PLAY,---,2025-09-23 12:30
DistorteD,BOOM BOOM DISCO NIGHT,EUROBEAT,Y&Co.,0,0,0,0,0,---,NO PLAY,---,5,0,0,0,---,FAILED,---,8,0,0,0,---,CLEAR,---,10,0,0,0,---,ASSIST CLEAR,---,0,0,0,0,---,NO PLAY,---,2025-09-23 12:30
DistorteD,Broadbanded,TRANCE,SADA,0,0,0,0,0,---,NO PLAY,---,5,0,0,0,---,NO PLAY,---,8,0,0,0,---,FAILED,---,11,0,0,0,---,HARD CLEAR,---,0,0,0,0,---,NO PLAY,---,2025-09-23 12:30
DistorteD,Concertino in Blue,PROGRESSIVE,佐々木博史,0,2,0,0,0,---,NO PLAY,---,5,0,0,0,---,NO PLAY,---,10,0,0,0,---,HARD CLEAR,---,12,0,0,0,---,HARD CLEAR,---,0,0,0,0,---,NO PLAY,---,2025-09-23 12:30
DistorteD,CONTRACT,SUBLIME TECHNO,朱雀,0,0,0,0,0,---,NO PLAY,---,9,0,0,0,---,ASSIST CLEAR,---,10,0,0,0,---,EASY CLEAR,---,11,0,0,0,---,HARD CLEAR,---,12,0,0,0,---,FAILED,---,2025-09-23 12:30
DistorteD,D.C.fish,TECHNO,DJ MURASAME,0,0,0,0,0,---,NO PLAY,---,5,0,0,0,---,NO PLAY,---,9,0,0,0,---,EASY CLEAR,---,11,0,0,0,---,HARD CLEAR,---,0,0,0,0,---,NO PLAY,---,2025-09-23 12:30
DistorteD,DEEP ROAR,SUPER RAVE BEAT ,NAOKI&Tatsh,0,0,0,0,0,---,NO PLAY,---,5,0,0,0,---,NO PLAY,---,7,0,0,0,---,NO PLAY,---,11,0,0,0,---,HARD CLEAR,---,0,0,0,0,---,NO PLAY,---,2025-09-23 12:30
DistorteD,DUE TOMORROW,TECHNO,Mr.T,0,0,0,0,0,---,NO PLAY,---,6,0,0,0,---,NO PLAY,---,9,0,0,0,---,NO PLAY,---,12,0,0,0,---,HARD CLEAR,---,0,0,0,0,---,NO PLAY,---,2025-09-23 12:30
DistorteD,EURO-ROMANCE,80's TECHNO,K-MASERA,0,0,0,0,0,---,NO PLAY,---,5,0,0,0,---,NO PLAY,---,8,0,0,0,---,NO PLAY,---,10,0,0,0,---,HARD CLEAR,---,0,0,0,0,---,NO PLAY,---,2025-09-23 12:30
DistorteD,Ganymede,ESOTERIC SLOWCORE,玄武,0,0,0,0,0,---,NO PLAY,---,6,0,0,0,---,NO PLAY,---,10,0,0,0,---,CLEAR,---,11,0,0,0,---,HARD CLEAR,---,12,0,0,0,---,HARD CLEAR,---,2025-09-23 12:30
DistorteD,Harmony and Lovely,PROGRESSIVE HOUSE,Ryu☆,0,0,0,0,0,---,NO PLAY,---,4,0,0,0,---,NO PLAY,---,8,0,0,0,---,NO PLAY,---,11,0,0,0,---,HARD CLEAR,---,0,0,0,0,---,NO PLAY,---,2025-09-23 12:30
DistorteD,Heavenly Sun (IIDX VERSION),TRANCE,AKIRA YAMAOKA,0,0,0,0,0,---,NO PLAY,---,4,0,0,0,---,NO PLAY,---,7,0,0,0,---,NO PLAY,---,10,0,0,0,---,HARD CLEAR,---,0,0,0,0,---,NO PLAY,---,2025-09-23 12:30
DistorteD,Leaving...,SYMPHONIC EURO,SEIYA MURAI meets “eimy”,0,0,0,0,0,---,NO PLAY,---,4,0,0,0,---,NO PLAY,---,8,0,0,0,---,NO PLAY,---,10,0,0,0,---,HARD CLEAR,---,0,0,0,0,---,NO PLAY,---,2025-09-23 12:30
DistorteD,MINT,ELECTRONICA,SLAKE,0,0,0,0,0,---,NO PLAY,---,6,0,0,0,---,NO PLAY,---,10,0,0,0,---,EASY CLEAR,---,11,0,0,0,---,HARD CLEAR,---,0,0,0,0,---,NO PLAY,---,2025-09-23 12:30
DistorteD,MOON,哀愁ユーロ,dj TAKA feat.Erika Mochizuki,0,0,0,0,0,---,NO PLAY,---,5,0,0,0,---,NO PLAY,---,9,0,0,0,---,NO PLAY,---,10,0,0,0,---,HARD CLEAR,---,0,0,0,0,---,NO PLAY,---,2025-09-23 12:30
DistorteD,Power of Love,2 STEP,kors k feat.PSY,0,0,0,0,0,---,NO PLAY,---,5,0,0,0,---,NO PLAY,---,7,0,0,0,---,NO PLAY,---,10,0,0,0,---,HARD CLEAR,---,0,0,0,0,---,NO PLAY,---,2025-09-23 12:30
DistorteD,So Fabulous !!,BUCHIAGE TRANCE,HHH (Ryu☆ & Dai),0,0,0,0,0,---,NO PLAY,---,5,0,0,0,---,NO PLAY,---,8,0,0,0,---,ASSIST CLEAR,---,10,0,0,0,---,HARD CLEAR,---,0,0,0,0,---,NO PLAY,---,2025-09-23 12:30
DistorteD,Sun Field,HAPPY POP,mh sequence,0,0,0,0,0,---,NO PLAY,---,3,0,0,0,---,NO PLAY,---,8,0,0,0,---,ASSIST CLEAR,---,11,0,0,0,---,HARD CLEAR,---,0,0,0,0,---,NO PLAY,---,2025-09-23 12:30
DistorteD,The Dirty of Loudness,SADISTIC HARDCORE,Tatsh Assault X,0,0,0,0,0,---,NO PLAY,---,7,0,0,0,---,CLEAR,---,10,0,0,0,---,EASY CLEAR,---,11,0,0,0,---,HARD CLEAR,---,0,0,0,0,---,NO PLAY,---,2025-09-23 12:30
DistorteD,This is Love,CORE POP,D-crew feat.MAKOTO,0,0,0,0,0,---,NO PLAY,---,4,0,0,0,---,NO PLAY,---,8,0,0,0,---,NO PLAY,---,10,0,0,0,---,HARD CLEAR,---,0,0,0,0,---,NO PLAY,---,2025-09-23 12:30
DistorteD,tripping contact(teranoid&MC Natsack Remix),GABBA,kors k vs teranoid,0,0,0,0,0,---,NO PLAY,---,6,0,0,0,---,NO PLAY,---,10,0,0,0,---,EASY CLEAR,---,11,0,0,0,---,HARD CLEAR,---,0,0,0,0,---,NO PLAY,---,2025-09-23 12:30
DistorteD,TYPE MARS(G-Style Mix),PSYCHEDELIC TRANCE,L.E.D.,0,0,0,0,0,---,NO PLAY,---,5,0,0,0,---,ASSIST CLEAR,---,9,0,0,0,---,ASSIST CLEAR,---,11,0,0,0,---,HARD CLEAR,---,0,0,0,0,---,NO PLAY,---,2025-09-23 12:30
DistorteD,waxing and wanding,DANCE SPEED,青龍,0,0,0,0,0,---,NO PLAY,---,7,0,0,0,---,NO PLAY,---,10,0,0,0,---,EASY CLEAR,---,11,0,0,0,---,HARD CLEAR,---,12,0,0,0,---,EASY CLEAR,---,2025-09-23 12:30
DistorteD,Why did you go away,LOVERS EUROBEAT,jun with TAHIRIH,1,3,0,0,0,---,NO PLAY,---,5,0,0,0,---,NO PLAY,---,8,0,0,0,---,NO PLAY,---,10,1823,769,285,19,HARD CLEAR,AA,0,0,0,0,---,NO PLAY,---,2025-10-04 14:04
DistorteD,WISH(EUROBEAT MIX),EUROBEAT,DJ YOSHITAKA feat.杉村ことみ,0,0,0,0,0,---,NO PLAY,---,5,0,0,0,---,NO PLAY,---,8,0,0,0,---,NO PLAY,---,9,0,0,0,---,CLEAR,---,0,0,0,0,---,NO PLAY,---,2025-09-23 12:30
DistorteD,with you…,FUNK'N JAZZ HOUSE,Sota Fujimori,0,0,0,0,0,---,NO PLAY,---,4,0,0,0,---,NO PLAY,---,6,0,0,0,---,NO PLAY,---,9,0,0,0,---,HARD CLEAR,---,0,0,0,0,---,NO PLAY,---,2025-09-23 12:30
DistorteD,Zenius -I- vanisher,CYBER OPUS,Tatsh,0,0,0,0,0,---,NO PLAY,---,5,0,0,0,---,NO PLAY,---,7,0,0,0,---,NO PLAY,---,10,0,0,0,---,HARD CLEAR,---,0,0,0,0,---,NO PLAY,---,2025-09-23 12:30
DistorteD,カゴノトリ～弐式～,和式電子音楽,橙色特別室,1,0,0,0,0,---,NO PLAY,---,6,0,0,0,---,NO PLAY,---,9,0,0,0,---,NO PLAY,---,12,1755,649,457,62,HARD CLEAR,B,0,0,0,0,---,NO PLAY,---,2025-09-23 13:44
DistorteD,タシカナモノ,POPROCK,星野奏子 with the BAND,0,0,0,0,0,---,NO PLAY,---,5,0,0,0,---,NO PLAY,---,7,0,0,0,---,NO PLAY,---,9,0,0,0,---,HARD CLEAR,---,0,0,0,0,---,NO PLAY,---,2025-09-23 12:30
DistorteD,嘆きの樹,CONTEMPORARY,金獅子,0,0,0,0,0,---,NO PLAY,---,8,0,0,0,---,ASSIST CLEAR,---,11,0,0,0,---,HARD CLEAR,---,12,0,0,0,---,EASY CLEAR,---,0,0,0,0,---,NO PLAY,---,2025-09-23 12:30
DistorteD,罠,DRUM'N'ROCK,good-cool,0,0,0,0,0,---,NO PLAY,---,3,0,0,0,---,NO PLAY,---,8,0,0,0,---,NO PLAY,---,10,0,0,0,---,HARD CLEAR,---,0,0,0,0,---,NO PLAY,---,2025-09-23 12:30
DistorteD,華蝶風雪,ASIAN MIXTURE,白虎,0,0,0,0,0,---,NO PLAY,---,6,0,0,0,---,NO PLAY,---,10,0,0,0,---,EASY CLEAR,---,11,0,0,0,---,HARD CLEAR,---,12,0,0,0,---,HARD CLEAR,---,2025-09-23 12:30
DistorteD,虹色,LOVELY TRANS POP,DJ YOSHITAKA feat. G.S.C license,0,0,0,0,0,---,NO PLAY,---,5,0,0,0,---,NO PLAY,---,8,0,0,0,---,ASSIST CLEAR,---,9,0,0,0,---,HARD CLEAR,---,0,0,0,0,---,NO PLAY,---,2025-09-23 12:30
GOLD,2hot2eat,HINDU SALSA,Osamu Kubota,0,0,0,0,0,---,NO PLAY,---,4,0,0,0,---,NO PLAY,---,7,0,0,0,---,NO PLAY,---,9,0,0,0,---,HARD CLEAR,---,0,0,0,0,---,NO PLAY,---,2025-09-23 12:30
GOLD,Air Bell,FLOW POP,D-crew,0,0,0,0,0,---,NO PLAY,---,5,0,0,0,---,NO PLAY,---,6,0,0,0,---,NO PLAY,---,8,0,0,0,---,HARD CLEAR,---,0,0,0,0,---,NO PLAY,---,2025-09-23 12:30
GOLD,ANDROMEDA II,PSYCHEDELIC SYNTH TRANCE,Sota Fujimori,0,0,0,0,0,---,NO PLAY,---,5,0,0,0,---,NO PLAY,---,9,0,0,0,---,ASSIST CLEAR,---,10,0,0,0,---,HARD CLEAR,---,0,0,0,0,---,NO PLAY,---,2025-09-23 12:30
GOLD,Blind Justice ～Torn souls， Hurt Faiths ～,EPIC POETRY,Zektbach,0,0,0,0,0,---,NO PLAY,---,6,0,0,0,---,NO PLAY,---,8,0,0,0,---,NO PLAY,---,11,0,0,0,---,HARD CLEAR,---,0,0,0,0,---,NO PLAY,---,2025-09-23 12:30
GOLD,Candy Galy,HAPPY,Risk Junk-G,0,0,0,0,0,---,NO PLAY,---,7,0,0,0,---,NO PLAY,---,10,0,0,0,---,EASY CLEAR,---,12,0,0,0,---,HARD CLEAR,---,0,0,0,0,---,NO PLAY,---,2025-09-23 12:30
GOLD,CaptivAte～裁き～,NOSTALISH REQUIEM,DJ YOSHITAKA feat.A/I,0,3,0,0,0,---,NO PLAY,---,6,0,0,0,---,NO PLAY,---,8,0,0,0,---,NO PLAY,---,9,0,0,0,---,HARD CLEAR,---,0,0,0,0,---,NO PLAY,---,2025-09-23 12:30
GOLD,CaptivAte～誓い～,NOSTALISH REQUIEM,A/I,0,0,0,0,0,---,NO PLAY,---,6,0,0,0,---,NO PLAY,---,9,0,0,0,---,NO PLAY,---,10,0,0,0,---,HARD CLEAR,---,0,0,0,0,---,NO PLAY,---,2025-09-23 12:30
GOLD,CROSSROAD ～Left Story～,DRAMATIC EURO TRANCE,jun with TAHIRIH,0,0,0,0,0,---,NO PLAY,---,5,0,0,0,---,NO PLAY,---,8,0,0,0,---,NO PLAY,---,10,0,0,0,---,HARD CLEAR,---,0,0,0,0,---,NO PLAY,---,2025-09-23 12:30
GOLD,Cyber Force,CYBORG TRANCE,Sota Fujimori feat.cyborg AKEMI,0,0,0,0,0,---,NO PLAY,---,5,0,0,0,---,NO PLAY,---,9,0,0,0,---,NO PLAY,---,10,0,0,0,---,HARD CLEAR,---,0,0,0,0,---,NO PLAY,---,2025-09-23 12:30
GOLD,Fascination MAXX,SuperNOVA BEAT,100-200-400,0,0,0,0,0,---,NO PLAY,---,9,0,0,0,---,NO PLAY,---,11,0,0,0,---,CLEAR,---,12,0,0,0,---,EASY CLEAR,---,0,0,0,0,---,NO PLAY,---,2025-09-23 12:30
GOLD,FIRE FIRE,BUCHIAGE TRANCE,StripE,0,3,0,0,0,---,NO PLAY,---,7,0,0,0,---,ASSIST CLEAR,---,10,0,0,0,---,EASY CLEAR,---,12,0,0,0,---,HARD CLEAR,---,0,0,0,0,---,NO PLAY,---,2025-09-23 12:30
GOLD,GOLD RUSH,RECKLESS RAVE,DJ YOSHITAKA-G feat.Michael a la mode,0,3,0,0,0,---,NO PLAY,---,7,0,0,0,---,ASSIST CLEAR,---,9,0,0,0,---,ASSIST CLEAR,---,11,0,0,0,---,HARD CLEAR,---,0,0,0,0,---,NO PLAY,---,2025-09-23 12:30
GOLD,GRID KNIGHT,ELECTRONICA,SAW WAVE SQUAD,0,0,0,0,0,---,NO PLAY,---,6,0,0,0,---,ASSIST CLEAR,---,8,0,0,0,---,ASSIST CLEAR,---,10,0,0,0,---,HARD CLEAR,---,12,0,0,0,---,HARD CLEAR,---,2025-09-23 12:30
GOLD,heaven above,FILTER HOUSE,kors k,0,0,0,0,0,---,NO PLAY,---,5,0,0,0,---,NO PLAY,---,7,0,0,0,---,NO PLAY,---,9,0,0,0,---,HARD CLEAR,---,0,0,0,0,---,NO PLAY,---,2025-09-23 12:30
GOLD,High School Love,HIGH SPEED LOVE SONG,DJ YOSHITAKA feat.DWP,0,2,0,0,0,---,NO PLAY,---,4,0,0,0,---,NO PLAY,---,6,0,0,0,---,NO PLAY,---,9,0,0,0,---,FULLCOMBO CLEAR,---,0,0,0,0,---,NO PLAY,---,2025-09-23 12:30
GOLD,INORI,MILLENNIUM TRANCE,dj TAKA feat.HAL,0,0,0,0,0,---,NO PLAY,---,6,0,0,0,---,NO PLAY,---,10,0,0,0,---,EASY CLEAR,---,11,0,0,0,---,HARD CLEAR,---,0,0,0,0,---,NO PLAY,---,2025-09-23 12:30
GOLD,KAMAITACHI,FREEFORM HARDCORE,DJ TECHNORCH fw. GUHROOVY,1,0,0,0,0,---,NO PLAY,---,6,0,0,0,---,NO PLAY,---,9,0,0,0,---,ASSIST CLEAR,---,11,1145,397,351,---,HARD CLEAR,D,12,0,0,0,---,FAILED,---,2025-09-23 13:42
GOLD,LASER CRUSTER,NU-SKOOL BREAKS,L.E.D.,0,0,0,0,0,---,NO PLAY,---,7,0,0,0,---,ASSIST CLEAR,---,11,0,0,0,---,HARD CLEAR,---,12,0,0,0,---,HARD CLEAR,---,0,0,0,0,---,NO PLAY,---,2025-09-23 12:30
GOLD,Make Me Your Own,HOUSE,good-cool ft. Raj Ramayya,0,0,0,0,0,---,NO PLAY,---,5,0,0,0,---,NO PLAY,---,9,0,0,0,---,CLEAR,---,10,0,0,0,---,HARD CLEAR,---,0,0,0,0,---,NO PLAY,---,2025-09-23 12:30
GOLD,METALLIC MIND,OLDSKOOL HARDCORE RAVE,DJ TECHNORCH fw. GUHROOVY,0,0,0,0,0,---,NO PLAY,---,4,0,0,0,---,NO PLAY,---,8,0,0,0,---,NO PLAY,---,9,0,0,0,---,HARD CLEAR,---,0,0,0,0,---,NO PLAY,---,2025-09-23 12:30
GOLD,never…,DANCE POP,Kanako Hoshino with dj TAKA,0,0,0,0,0,---,NO PLAY,---,4,0,0,0,---,NO PLAY,---,7,0,0,0,---,NO PLAY,---,8,0,0,0,---,FULLCOMBO CLEAR,---,0,0,0,0,---,NO PLAY,---,2025-09-23 12:30
GOLD,op.31 叙情,PIANO CONCERTO,akiko,0,0,0,0,0,---,NO PLAY,---,4,0,0,0,---,FAILED,---,9,0,0,0,---,ASSIST CLEAR,---,10,0,0,0,---,HARD CLEAR,---,0,0,0,0,---,NO PLAY,---,2025-09-23 12:30
GOLD,PHOTONGENIC,DRUM & BASS,L.E.D. fw.堀澤麻衣子,0,0,0,0,0,---,NO PLAY,---,7,0,0,0,---,NO PLAY,---,10,0,0,0,---,HARD CLEAR,---,10,0,0,0,---,HARD CLEAR,---,0,0,0,0,---,NO PLAY,---,2025-09-23 12:30
GOLD,Roulette,EUROBEAT,Y&Co.,0,0,0,0,0,---,NO PLAY,---,5,0,0,0,---,NO PLAY,---,8,0,0,0,---,CLEAR,---,10,0,0,0,---,EASY CLEAR,---,0,0,0,0,---,NO PLAY,---,2025-09-23 12:30
GOLD,Second Heaven,HANDZ UP,Ryu☆,0,1,0,0,0,---,NO PLAY,---,5,0,0,0,---,NO PLAY,---,8,0,0,0,---,NO PLAY,---,11,0,0,0,---,HARD CLEAR,---,0,0,0,0,---,NO PLAY,---,2025-09-23 12:30
GOLD,Sense 2007,RAVE,good-cool,0,0,0,0,0,---,NO PLAY,---,9,0,0,0,---,ASSIST CLEAR,---,11,0,0,0,---,HARD CLEAR,---,12,0,0,0,---,HARD CLEAR,---,0,0,0,0,---,NO PLAY,---,2025-09-23 12:30
GOLD,smile,ELE POP,miru_maki.gjw,0,0,0,0,0,---,NO PLAY,---,7,0,0,0,---,NO PLAY,---,9,0,0,0,---,ASSIST CLEAR,---,11,0,0,0,---,HARD CLEAR,---,0,0,0,0,---,NO PLAY,---,2025-09-23 12:30
GOLD,snow storm,TRANCE,dj TAKA,0,1,0,0,0,---,NO PLAY,---,4,0,0,0,---,FAILED,---,9,0,0,0,---,CLEAR,---,10,0,0,0,---,HARD CLEAR,---,12,0,0,0,---,HARD CLEAR,---,2025-09-23 12:30
GOLD,the shadow,SCHRANZ,kors k,0,0,0,0,0,---,NO PLAY,---,6,0,0,0,---,NO PLAY,---,9,0,0,0,---,EASY CLEAR,---,11,0,0,0,---,HARD CLEAR,---,0,0,0,0,---,NO PLAY,---,2025-09-23 12:30
GOLD,The Smile of You,POP,猫叉Master feat.JESSY,0,0,0,0,0,---,NO PLAY,---,4,0,0,0,---,NO PLAY,---,7,0,0,0,---,NO PLAY,---,8,0,0,0,---,FULLCOMBO CLEAR,---,0,0,0,0,---,NO PLAY,---,2025-09-23 12:30
GOLD,TRANOID,PSG WORKS,T&S seq. factory,0,0,0,0,0,---,NO PLAY,---,5,0,0,0,---,NO PLAY,---,10,0,0,0,---,CLEAR,---,11,0,0,0,---,HARD CLEAR,---,12,0,0,0,---,NO PLAY,---,2025-09-23 12:30
GOLD,VANESSA,DECEPTIVE GABBA,朱雀,1,0,0,0,0,---,NO PLAY,---,8,0,0,0,---,ASSIST CLEAR,---,11,0,0,0,---,HARD CLEAR,---,12,0,0,0,---,HARD CLEAR,---,12,1879,680,519,188,FAILED,C,2025-10-04 16:16
GOLD,Watch out!!,HIP HOP,MAD Sequence*,0,0,0,0,0,---,NO PLAY,---,4,0,0,0,---,NO PLAY,---,6,0,0,0,---,NO PLAY,---,9,0,0,0,---,HARD CLEAR,---,0,0,0,0,---,NO PLAY,---,2025-09-23 12:30
GOLD,With your Smile,J-HOUSE,Shoichiro Hirata plus Junko Hirata,0,0,0,0,0,---,NO PLAY,---,4,0,0,0,---,NO PLAY,---,6,0,0,0,---,NO PLAY,---,8,0,0,0,---,HARD CLEAR,---,0,0,0,0,---,NO PLAY,---,2025-09-23 12:30
GOLD,クルクル☆ラブ～Opioid Peptide MIX～,FUTURE POP,イオンチャンネル,0,2,0,0,0,---,NO PLAY,---,5,0,0,0,---,NO PLAY,---,8,0,0,0,---,NO PLAY,---,10,0,0,0,---,HARD CLEAR,---,0,0,0,0,---,NO PLAY,---,2025-09-23 12:30
GOLD,ヨシダさん,TECHNO,AKIRA YAMAOKA,0,0,0,0,0,---,NO PLAY,---,5,0,0,0,---,NO PLAY,---,7,0,0,0,---,NO PLAY,---,9,0,0,0,---,HARD CLEAR,---,0,0,0,0,---,NO PLAY,---,2025-09-23 12:30
GOLD,リグレット,EURO TRANCE,星野奏子,0,0,0,0,0,---,NO PLAY,---,6,0,0,0,---,NO PLAY,---,8,0,0,0,---,NO PLAY,---,10,0,0,0,---,HARD CLEAR,---,0,0,0,0,---,NO PLAY,---,2025-09-23 12:30
GOLD,星をこの手に,J-POP,DJ YOSHITAKA feat.星野奏子,0,0,0,0,0,---,NO PLAY,---,7,0,0,0,---,NO PLAY,---,9,0,0,0,---,NO PLAY,---,10,0,0,0,---,HARD CLEAR,---,0,0,0,0,---,NO PLAY,---,2025-09-23 12:30
GOLD,零 - ZERO -,HYPER J-POP ZERO,ＴЁЯＲＡ,0,1,0,0,0,---,NO PLAY,---,6,0,0,0,---,NO PLAY,---,8,0,0,0,---,NO PLAY,---,9,0,0,0,---,HARD CLEAR,---,0,0,0,0,---,NO PLAY,---,2025-09-23 12:30
GOLD,電人、暁に斃れる。,NU-NRG,L.E.D.-G,1,3,0,0,0,---,NO PLAY,---,7,0,0,0,---,NO PLAY,---,10,0,0,0,---,EASY CLEAR,---,12,2503,1029,445,39,HARD CLEAR,A,0,0,0,0,---,NO PLAY,---,2025-10-18 14:29
DJ TROOPERS,2 tribe 4 K,TRIBAL,Remo-con,0,0,0,0,0,---,NO PLAY,---,5,0,0,0,---,NO PLAY,---,7,0,0,0,---,NO PLAY,---,11,0,0,0,---,HARD CLEAR,---,0,0,0,0,---,NO PLAY,---,2025-09-23 12:30
DJ TROOPERS,Anisakis -somatic mutation type"Forza"-,HARD RENAISSANCE,朱雀,0,0,0,0,0,---,NO PLAY,---,6,0,0,0,---,NO PLAY,---,10,0,0,0,---,EASY CLEAR,---,11,0,0,0,---,HARD CLEAR,---,12,0,0,0,---,EASY CLEAR,---,2025-09-23 12:30
DJ TROOPERS,avant-guerre,CLASSICAL PIANO SOLO,Osamu Kubota,0,0,0,0,0,---,NO PLAY,---,4,0,0,0,---,NO PLAY,---,7,0,0,0,---,NO PLAY,---,10,0,0,0,---,EASY CLEAR,---,0,0,0,0,---,NO PLAY,---,2025-09-23 12:30
DJ TROOPERS,Be OK,EUROBEAT,good-cool ft. Florence,0,0,0,0,0,---,NO PLAY,---,5,0,0,0,---,NO PLAY,---,8,0,0,0,---,NO PLAY,---,10,0,0,0,---,HARD CLEAR,---,11,0,0,0,---,HARD CLEAR,---,2025-09-23 12:30
DJ TROOPERS,beatonic nation,TECH-TRONIKA,Sota Fujimori,0,0,0,0,0,---,NO PLAY,---,5,0,0,0,---,NO PLAY,---,8,0,0,0,---,ASSIST CLEAR,---,9,0,0,0,---,HARD CLEAR,---,0,0,0,0,---,NO PLAY,---,2025-09-23 12:30
DJ TROOPERS,Blue Rain,TRANCE,dj TAKA VS Ryu☆,0,2,0,0,0,---,NO PLAY,---,6,0,0,0,---,NO PLAY,---,8,0,0,0,---,ASSIST CLEAR,---,11,0,0,0,---,HARD CLEAR,---,12,0,0,0,---,EASY CLEAR,---,2025-09-23 12:30
DJ TROOPERS,Dazzlin' Darlin,HANDZ UP,HHH,0,2,0,0,0,---,ASSIST CLEAR,---,4,0,0,0,---,NO PLAY,---,7,0,0,0,---,NO PLAY,---,10,0,0,0,---,HARD CLEAR,---,0,0,0,0,---,NO PLAY,---,2025-09-23 12:30
DJ TROOPERS,Digitank System,TECH-BREAKBEATS,DJ Mass MAD Izm*,0,0,0,0,0,---,NO PLAY,---,6,0,0,0,---,NO PLAY,---,9,0,0,0,---,HARD CLEAR,---,11,0,0,0,---,HARD CLEAR,---,0,0,0,0,---,NO PLAY,---,2025-09-23 12:30
DJ TROOPERS,Do it!! Do it!!,N-BEATS,Kraken,0,0,0,0,0,---,NO PLAY,---,8,0,0,0,---,ASSIST CLEAR,---,10,0,0,0,---,EASY CLEAR,---,11,0,0,0,---,HARD CLEAR,---,0,0,0,0,---,NO PLAY,---,2025-09-23 12:30
DJ TROOPERS,end of world,FRENZY HOUSE,猫叉Master+,0,0,0,0,0,---,NO PLAY,---,6,0,0,0,---,NO PLAY,---,9,0,0,0,---,ASSIST CLEAR,---,10,0,0,0,---,HARD CLEAR,---,0,0,0,0,---,NO PLAY,---,2025-09-23 12:30
DJ TROOPERS,four pieces of heaven,JUNGLE,Lion,0,0,0,0,0,---,NO PLAY,---,5,0,0,0,---,NO PLAY,---,10,0,0,0,---,CLEAR,---,11,0,0,0,---,HARD CLEAR,---,12,0,0,0,---,EASY CLEAR,---,2025-09-23 12:30
DJ TROOPERS,Freeway Shuffle,TRANCE,dj TAKA,0,2,0,0,0,---,NO PLAY,---,4,0,0,0,---,NO PLAY,---,7,0,0,0,---,ASSIST CLEAR,---,10,0,0,0,---,HARD CLEAR,---,0,0,0,0,---,NO PLAY,---,2025-09-23 12:30
DJ TROOPERS,ICARUS,NU-SKOOL BREAKBEATS HARDCORE,Eagle,0,0,0,0,0,---,NO PLAY,---,7,0,0,0,---,ASSIST CLEAR,---,10,0,0,0,---,EASY CLEAR,---,12,0,0,0,---,HARD CLEAR,---,12,0,0,0,---,FAILED,---,2025-09-23 12:30
DJ TROOPERS,in the Sky,HAPPY HARDCORE,Ryu☆,1,0,0,0,0,---,NO PLAY,---,7,0,0,0,---,ASSIST CLEAR,---,9,0,0,0,---,HARD CLEAR,---,11,1076,463,150,---,HARD CLEAR,D,0,0,0,0,---,NO PLAY,---,2025-09-23 17:57
DJ TROOPERS,LOVELY STORM,HAPPY HARDCORE,L.E.D.-G,0,0,0,0,0,---,NO PLAY,---,6,0,0,0,---,NO PLAY,---,9,0,0,0,---,NO PLAY,---,10,0,0,0,---,HARD CLEAR,---,0,0,0,0,---,NO PLAY,---,2025-09-23 12:30
DJ TROOPERS,madrugada,PROGRESSIVE HOUSE,PINK PONG,0,0,0,0,0,---,NO PLAY,---,4,0,0,0,---,NO PLAY,---,7,0,0,0,---,NO PLAY,---,10,0,0,0,---,HARD CLEAR,---,0,0,0,0,---,NO PLAY,---,2025-09-23 12:30
DJ TROOPERS,MAX LOVE,LOVELY BUCHIAGE POP,DJ YOSHITAKA feat.星野奏子,0,0,0,0,0,---,NO PLAY,---,5,0,0,0,---,NO PLAY,---,8,0,0,0,---,HARD CLEAR,---,10,0,0,0,---,HARD CLEAR,---,0,0,0,0,---,NO PLAY,---,2025-09-23 12:30
DJ TROOPERS,MENDES,IRREGULAR HI-BREAK,Humanoid,0,0,0,0,0,---,NO PLAY,---,6,0,0,0,---,NO PLAY,---,11,0,0,0,---,HARD CLEAR,---,12,0,0,0,---,CLEAR,---,0,0,0,0,---,NO PLAY,---,2025-09-23 12:30
DJ TROOPERS,MENTAL MELTDOWN,HARD HOP,GUHROOVY fw.TECHNORCH,0,0,0,0,0,---,NO PLAY,---,6,0,0,0,---,NO PLAY,---,10,0,0,0,---,ASSIST CLEAR,---,11,0,0,0,---,HARD CLEAR,---,0,0,0,0,---,NO PLAY,---,2025-09-23 12:30
DJ TROOPERS,NEW GENERATION -もう、お前しか見えない-,ONLY ONE EURO BEAT,SUPER STAR 満-MITSURU-,0,0,0,0,0,---,NO PLAY,---,5,0,0,0,---,NO PLAY,---,9,0,0,0,---,ASSIST CLEAR,---,10,0,0,0,---,HARD CLEAR,---,12,0,0,0,---,EASY CLEAR,---,2025-09-23 12:30
DJ TROOPERS,oratio,HYMNUS,蓑舞衆,0,0,0,0,0,---,NO PLAY,---,7,0,0,0,---,ASSIST CLEAR,---,10,0,0,0,---,EASY CLEAR,---,12,0,0,0,---,HARD CLEAR,---,0,0,0,0,---,NO PLAY,---,2025-09-23 12:30
DJ TROOPERS,PARANOiA ～HADES～,SUPERNOVA2 BEAT #1,αTYPE-300,0,0,0,0,0,---,NO PLAY,---,7,0,0,0,---,NO PLAY,---,11,0,0,0,---,HARD CLEAR,---,12,0,0,0,---,EASY CLEAR,---,0,0,0,0,---,NO PLAY,---,2025-09-23 12:30
DJ TROOPERS,PROMISE FOR LIFE,BALLAD,ＴЁЯＲＡ WORKS,0,0,0,0,0,---,NO PLAY,---,3,0,0,0,---,NO PLAY,---,7,0,0,0,---,NO PLAY,---,8,0,0,0,---,HARD CLEAR,---,0,0,0,0,---,NO PLAY,---,2025-09-23 12:30
DJ TROOPERS,REMINISCENCE,TRI EURO FANTASIA,jun with Alison,0,0,0,0,0,---,NO PLAY,---,6,0,0,0,---,NO PLAY,---,9,0,0,0,---,NO PLAY,---,10,0,0,0,---,HARD CLEAR,---,0,0,0,0,---,NO PLAY,---,2025-09-23 12:30
DJ TROOPERS,Rising in the Sun(original mix),UK HARDCORE,kors k feat.Rie,0,0,0,0,0,---,NO PLAY,---,5,0,0,0,---,NO PLAY,---,9,0,0,0,---,NO PLAY,---,11,0,0,0,---,HARD CLEAR,---,0,0,0,0,---,NO PLAY,---,2025-09-23 12:30
DJ TROOPERS,Ristaccia,OUVERTURE,Zektbach,0,0,0,0,0,---,NO PLAY,---,6,0,0,0,---,NO PLAY,---,9,0,0,0,---,EASY CLEAR,---,12,0,0,0,---,HARD CLEAR,---,0,0,0,0,---,NO PLAY,---,2025-09-23 12:30
DJ TROOPERS,satellite020712 from "CODED ARMS",HARD HOUSE,猫叉Master,0,0,0,0,0,---,NO PLAY,---,6,0,0,0,---,NO PLAY,---,9,0,0,0,---,NO PLAY,---,11,0,0,0,---,HARD CLEAR,---,0,0,0,0,---,NO PLAY,---,2025-09-23 12:30
DJ TROOPERS,satfinal,RAVE,RAM,0,0,0,0,0,---,NO PLAY,---,5,0,0,0,---,NO PLAY,---,7,0,0,0,---,ASSIST CLEAR,---,9,0,0,0,---,HARD CLEAR,---,0,0,0,0,---,NO PLAY,---,2025-09-23 12:30
DJ TROOPERS,scar in the earth,WORLD/ELECTRONICA,猫叉Master,0,0,0,0,0,---,NO PLAY,---,4,0,0,0,---,NO PLAY,---,5,0,0,0,---,NO PLAY,---,8,0,0,0,---,HARD CLEAR,---,0,0,0,0,---,NO PLAY,---,2025-09-23 12:30
DJ TROOPERS,SOUND OF GIALLARHORN,FREEFORM HARDCORE,L.E.D.-G,0,2,0,0,0,---,NO PLAY,---,6,0,0,0,---,NO PLAY,---,10,0,0,0,---,ASSIST CLEAR,---,11,0,0,0,---,HARD CLEAR,---,0,0,0,0,---,NO PLAY,---,2025-09-23 12:30
DJ TROOPERS,State Of The Art,TECHNOTRONICA,Sota Fujimori feat. cyborg AKEMI,0,0,0,0,0,---,NO PLAY,---,5,0,0,0,---,NO PLAY,---,8,0,0,0,---,ASSIST CLEAR,---,11,0,0,0,---,HARD CLEAR,---,0,0,0,0,---,NO PLAY,---,2025-09-23 12:30
DJ TROOPERS,STEEL NEEDLE,BREAK CORE,Scorpion,0,0,0,0,0,---,NO PLAY,---,6,0,0,0,---,NO PLAY,---,10,0,0,0,---,EASY CLEAR,---,11,0,0,0,---,HARD CLEAR,---,12,0,0,0,---,CLEAR,---,2025-09-23 12:30
DJ TROOPERS,switch,ULTIMATE J-POP,DAISUKE ASAKURA ex.ＴЁЯＲＡ,0,0,0,0,0,---,NO PLAY,---,5,0,0,0,---,NO PLAY,---,9,0,0,0,---,NO PLAY,---,11,0,0,0,---,HARD CLEAR,---,0,0,0,0,---,NO PLAY,---,2025-09-23 12:30
DJ TROOPERS,THE DEEP STRIKER,NU STYLE GABBA,L.E.D.-G,1,2,0,0,0,---,NO PLAY,---,6,0,0,0,---,ASSIST CLEAR,---,10,0,0,0,---,HARD CLEAR,---,11,2300,934,432,48,HARD CLEAR,A,12,0,0,0,---,HARD CLEAR,---,2025-10-11 12:21
DJ TROOPERS,the trigger of innocence,ETHNOTRONICA,Seiya Murai,0,0,0,0,0,---,NO PLAY,---,5,0,0,0,---,NO PLAY,---,7,0,0,0,---,NO PLAY,---,9,0,0,0,---,HARD CLEAR,---,11,0,0,0,---,HARD CLEAR,---,2025-09-23 12:30
DJ TROOPERS,Time to Air,DANCE SPEED,青龍,0,0,0,0,0,---,NO PLAY,---,6,0,0,0,---,NO PLAY,---,10,0,0,0,---,HARD CLEAR,---,11,0,0,0,---,HARD CLEAR,---,12,0,0,0,---,EASY CLEAR,---,2025-09-23 12:30
DJ TROOPERS,TRIP MACHINE PhoeniX,SUPERNOVA2 BEAT #2,DE-SIRE改,0,0,0,0,0,---,NO PLAY,---,6,0,0,0,---,NO PLAY,---,9,0,0,0,---,NO PLAY,---,10,0,0,0,---,EASY CLEAR,---,0,0,0,0,---,NO PLAY,---,2025-09-23 12:30
DJ TROOPERS,TROOPERS,ULTIMATE CORE,Des-TRACT,0,0,0,0,0,---,NO PLAY,---,6,0,0,0,---,NO PLAY,---,10,0,0,0,---,EASY CLEAR,---,12,0,0,0,---,HARD CLEAR,---,0,0,0,0,---,NO PLAY,---,2025-09-23 12:30
DJ TROOPERS,Ubertreffen,PROGRESSIVE BAROQUE,TAKA respect for J.S.B.,0,0,0,0,0,---,NO PLAY,---,6,0,0,0,---,NO PLAY,---,10,0,0,0,---,ASSIST CLEAR,---,11,0,0,0,---,HARD CLEAR,---,12,0,0,0,---,HARD CLEAR,---,2025-09-23 12:30
DJ TROOPERS,Wanna Party?,PIANO HOUSE,RAM,1,0,0,0,0,---,NO PLAY,---,4,0,0,0,---,NO PLAY,---,7,0,0,0,---,NO PLAY,---,8,0,0,0,---,HARD CLEAR,---,11,1455,557,341,---,HARD CLEAR,B,2025-09-23 16:47
DJ TROOPERS,エコ爺,80's EURO,Y&Co.,0,2,0,0,0,---,FULLCOMBO CLEAR,---,4,0,0,0,---,NO PLAY,---,6,0,0,0,---,NO PLAY,---,9,0,0,0,---,HARD CLEAR,---,0,0,0,0,---,NO PLAY,---,2025-09-23 12:30
DJ TROOPERS,ミラージュ・レジデンス,FUSION,Jimmy Weckl,0,0,0,0,0,---,NO PLAY,---,5,0,0,0,---,NO PLAY,---,9,0,0,0,---,FAILED,---,10,0,0,0,---,HARD CLEAR,---,12,0,0,0,---,HARD CLEAR,---,2025-09-23 12:30
DJ TROOPERS,少年A,POST RENAISSANCE,Remixed by 少年ラジオ,0,0,0,0,0,---,NO PLAY,---,6,0,0,0,---,NO PLAY,---,10,0,0,0,---,CLEAR,---,12,0,0,0,---,HARD CLEAR,---,0,0,0,0,---,NO PLAY,---,2025-09-23 12:30
DJ TROOPERS,華爛漫 -Flowers-,HYPER JAPANESQUE 2,ＴЁЯＲＡ,0,2,0,0,0,---,NO PLAY,---,6,0,0,0,---,NO PLAY,---,8,0,0,0,---,NO PLAY,---,10,0,0,0,---,HARD CLEAR,---,12,0,0,0,---,HARD CLEAR,---,2025-09-23 12:30
DJ TROOPERS,高高度降下低高度開傘,SYMPHONIC TECHNO,Dr.Honda,0,0,0,0,0,---,NO PLAY,---,5,0,0,0,---,NO PLAY,---,8,0,0,0,---,NO PLAY,---,9,0,0,0,---,HARD CLEAR,---,0,0,0,0,---,NO PLAY,---,2025-09-23 12:30
EMPRESS,3y3s,DANCE SPEED,青龍,0,3,0,0,0,---,ASSIST CLEAR,---,7,0,0,0,---,ASSIST CLEAR,---,10,0,0,0,---,EASY CLEAR,---,12,0,0,0,---,EASY CLEAR,---,0,0,0,0,---,NO PLAY,---,2025-09-23 12:30
EMPRESS,ALL I NEED YOUR LOVE,HARD CORE,GUHROOVY fw. M-Project,0,0,0,0,0,---,NO PLAY,---,5,0,0,0,---,NO PLAY,---,7,0,0,0,---,ASSIST CLEAR,---,9,0,0,0,---,HARD CLEAR,---,0,0,0,0,---,NO PLAY,---,2025-09-23 12:30
EMPRESS,ALL MY TURN -このターンに、オレの全てを賭ける-,ONLY ONE EURO BEAT,SUPER STAR 満-MITSURU-,0,0,0,0,0,---,NO PLAY,---,6,0,0,0,---,NO PLAY,---,9,0,0,0,---,CLEAR,---,11,0,0,0,---,HARD CLEAR,---,0,0,0,0,---,NO PLAY,---,2025-09-23 12:30
EMPRESS,Arabian Rave Night,ARABIC HARDCORE,dj MAX STEROID,0,0,0,0,0,---,NO PLAY,---,6,0,0,0,---,NO PLAY,---,10,0,0,0,---,ASSIST CLEAR,---,11,0,0,0,---,HARD CLEAR,---,12,0,0,0,---,HARD CLEAR,---,2025-09-23 12:30
EMPRESS,B4U(BEMANI FOR YOU MIX),RECKLESS RAVE,Remixed by DJ YOSHITAKA with Michael a la mode,0,0,0,0,0,---,NO PLAY,---,6,0,0,0,---,ASSIST CLEAR,---,9,0,0,0,---,ASSIST CLEAR,---,11,0,0,0,---,HARD CLEAR,---,12,0,0,0,---,EASY CLEAR,---,2025-09-23 12:30
EMPRESS,Bahram Attack-猫叉Master Remix-,HOUSE,猫叉Master feat.JUNE,0,0,0,0,0,---,NO PLAY,---,4,0,0,0,---,NO PLAY,---,9,0,0,0,---,NO PLAY,---,10,0,0,0,---,HARD CLEAR,---,11,0,0,0,---,HARD CLEAR,---,2025-09-23 12:30
EMPRESS,BITTER CHOCOLATE STRIKER,JUMPSTYLE,L.E.D.-G,0,0,0,0,0,---,NO PLAY,---,5,0,0,0,---,NO PLAY,---,10,0,0,0,---,HARD CLEAR,---,12,0,0,0,---,HARD CLEAR,---,0,0,0,0,---,NO PLAY,---,2025-09-23 12:30
EMPRESS,BRIDAL FESTIVAL !!!,HAPPY ☆ JIG,S.S.D. with ななっち,0,0,0,0,0,---,NO PLAY,---,4,0,0,0,---,NO PLAY,---,7,0,0,0,---,NO PLAY,---,9,0,0,0,---,HARD CLEAR,---,0,0,0,0,---,NO PLAY,---,2025-09-23 12:30
EMPRESS,CaptivAte2～覚醒～,NOSTALISH REQUIEM,e-lma,0,1,0,0,0,---,NO PLAY,---,6,0,0,0,---,NO PLAY,---,9,0,0,0,---,NO PLAY,---,11,0,0,0,---,HARD CLEAR,---,0,0,0,0,---,NO PLAY,---,2025-09-23 12:30
EMPRESS,Colorful Cookie,HAPPY HARDCORE,Lucky Vacuum,2,3,0,0,0,---,NO PLAY,---,5,0,0,0,---,ASSIST CLEAR,---,10,0,0,0,---,HARD CLEAR,---,12,2570,1029,512,52,HARD CLEAR,A,0,0,0,0,---,NO PLAY,---,2025-10-18 14:33
EMPRESS,Cyber Force -DJ Yoshitaka Remix-,BUCHIAGE TRANCE,Remixed by DJ YOSHITAKA,0,0,0,0,0,---,NO PLAY,---,5,0,0,0,---,NO PLAY,---,9,0,0,0,---,NO PLAY,---,10,0,0,0,---,HARD CLEAR,---,0,0,0,0,---,NO PLAY,---,2025-09-23 12:30
EMPRESS,Flash Back 90's,MEGA MIX,kors k as disconation,0,0,0,0,0,---,NO PLAY,---,4,0,0,0,---,NO PLAY,---,8,0,0,0,---,NO PLAY,---,10,0,0,0,---,CLEAR,---,11,0,0,0,---,HARD CLEAR,---,2025-09-23 12:30
EMPRESS,Fly Above,DREAM TRANCE,Sota Fujimori,0,0,0,0,0,---,NO PLAY,---,5,0,0,0,---,NO PLAY,---,6,0,0,0,---,NO PLAY,---,8,0,0,0,---,HARD CLEAR,---,0,0,0,0,---,NO PLAY,---,2025-09-23 12:30
EMPRESS,Go Beyond!!,TRANCE CORE,Ryu☆ Vs. Sota,0,3,0,0,0,---,NO PLAY,---,6,0,0,0,---,NO PLAY,---,10,0,0,0,---,EASY CLEAR,---,12,0,0,0,---,CLEAR,---,0,0,0,0,---,NO PLAY,---,2025-09-23 12:30
EMPRESS,HYPERION,MORNING FULL ON,L.E.D.,0,0,0,0,0,---,NO PLAY,---,6,0,0,0,---,NO PLAY,---,9,0,0,0,---,ASSIST CLEAR,---,11,0,0,0,---,HARD CLEAR,---,0,0,0,0,---,NO PLAY,---,2025-09-23 12:30
EMPRESS,Jack,MIXTURE,DesQ,0,0,0,0,0,---,NO PLAY,---,5,0,0,0,---,NO PLAY,---,7,0,0,0,---,NO PLAY,---,10,0,0,0,---,HARD CLEAR,---,0,0,0,0,---,NO PLAY,---,2025-09-23 12:30
EMPRESS,Just a Little Smile,NU SKOOL BREAKS,Sota Fujimori,0,0,0,0,0,---,NO PLAY,---,4,0,0,0,---,NO PLAY,---,8,0,0,0,---,NO PLAY,---,11,0,0,0,---,HARD CLEAR,---,0,0,0,0,---,NO PLAY,---,2025-09-23 12:30
EMPRESS,Kung-fu Empire,ASIAN JANGLE,飛燕流舞,0,0,0,0,0,---,NO PLAY,---,6,0,0,0,---,NO PLAY,---,10,0,0,0,---,EASY CLEAR,---,11,0,0,0,---,HARD CLEAR,---,12,0,0,0,---,HARD CLEAR,---,2025-09-23 12:30
EMPRESS,Marie Antoinette,宮廷円舞曲,Marguerite du Pre,0,0,0,0,0,---,NO PLAY,---,6,0,0,0,---,NO PLAY,---,9,0,0,0,---,NO PLAY,---,11,0,0,0,---,HARD CLEAR,---,12,0,0,0,---,EASY CLEAR,---,2025-09-23 12:30
EMPRESS,Mind Mapping,ELECTRO-TECH,Ryu☆,0,3,0,0,0,---,NO PLAY,---,4,0,0,0,---,NO PLAY,---,7,0,0,0,---,NO PLAY,---,9,0,0,0,---,HARD CLEAR,---,10,0,0,0,---,HARD CLEAR,---,2025-09-23 12:30
EMPRESS,Monkey Dance '09,EUROBEAT,Y&Co. Feat. DOMINO,0,0,0,0,0,---,NO PLAY,---,4,0,0,0,---,NO PLAY,---,8,0,0,0,---,NO PLAY,---,10,0,0,0,---,HARD CLEAR,---,0,0,0,0,---,NO PLAY,---,2025-09-23 12:30
EMPRESS,naughty girl@Queen's Palace,TECH-BREAKBEATS,DJ Mass MAD Izm*,0,0,0,0,0,---,NO PLAY,---,5,0,0,0,---,NO PLAY,---,9,0,0,0,---,CLEAR,---,11,0,0,0,---,HARD CLEAR,---,11,0,0,0,---,HARD CLEAR,---,2025-09-23 12:30
EMPRESS,neogenesis,ENERGETIC TRANCE,DM Ashura,0,0,0,0,0,---,NO PLAY,---,4,0,0,0,---,NO PLAY,---,6,0,0,0,---,NO PLAY,---,9,0,0,0,---,FULLCOMBO CLEAR,---,11,0,0,0,---,HARD CLEAR,---,2025-09-23 12:30
EMPRESS,NΦ CRIME,DANCE MUSIC OF SORROW,C×F,0,2,0,0,0,---,NO PLAY,---,4,0,0,0,---,NO PLAY,---,7,0,0,0,---,NO PLAY,---,9,0,0,0,---,NO PLAY,---,10,0,0,0,---,HARD CLEAR,---,2025-09-23 12:30
EMPRESS,Programmed World,PSY TRANCE(FULL ON),kors k as StripE,0,0,0,0,0,---,NO PLAY,---,5,0,0,0,---,NO PLAY,---,9,0,0,0,---,NO PLAY,---,11,0,0,0,---,HARD CLEAR,---,0,0,0,0,---,NO PLAY,---,2025-09-23 12:30
EMPRESS,Punch Love 仮面,E-DANCE POP,上野圭市(aka. Babyweapon，DJ SWAMI)feat.星野奏子,0,0,0,0,0,---,NO PLAY,---,5,0,0,0,---,NO PLAY,---,8,0,0,0,---,ASSIST CLEAR,---,10,0,0,0,---,HARD CLEAR,---,11,0,0,0,---,HARD CLEAR,---,2025-09-23 12:30
EMPRESS,Queen's Tragedy,BIGBEAT,猫叉Master+,0,0,0,0,0,---,NO PLAY,---,4,0,0,0,---,NO PLAY,---,8,0,0,0,---,CLEAR,---,10,0,0,0,---,HARD CLEAR,---,0,0,0,0,---,NO PLAY,---,2025-09-23 12:30
EMPRESS,Secrets,TECH-PARA,good-cool ft. CHiCO,0,0,0,0,0,---,NO PLAY,---,6,0,0,0,---,NO PLAY,---,9,0,0,0,---,EASY CLEAR,---,11,0,0,0,---,HARD CLEAR,---,12,0,0,0,---,EASY CLEAR,---,2025-09-23 12:30
EMPRESS,smooooch・∀・,CANDY RAVE,kors k,0,2,0,0,0,---,NO PLAY,---,4,0,0,0,---,NO PLAY,---,8,0,0,0,---,ASSIST CLEAR,---,10,0,0,0,---,HARD CLEAR,---,11,0,0,0,---,HARD CLEAR,---,2025-09-23 12:30
EMPRESS,SOLITON BEAM,TECHNO,L.E.D.,0,0,0,0,0,---,NO PLAY,---,6,0,0,0,---,NO PLAY,---,9,0,0,0,---,CLEAR,---,10,0,0,0,---,HARD CLEAR,---,0,0,0,0,---,NO PLAY,---,2025-09-23 12:30
EMPRESS,THANK YOU FOR PLAYING,ONLY ONE EPILOGUE,SUPER STAR 満-MITSURU-,0,0,0,0,0,---,NO PLAY,---,5,0,0,0,---,NO PLAY,---,9,0,0,0,---,NO PLAY,---,10,0,0,0,---,HARD CLEAR,---,12,0,0,0,---,HARD CLEAR,---,2025-09-23 12:30
EMPRESS,THE SHINING POLARIS(kors k mix),UK HARD CORE,Remixed by kors k,0,0,0,0,0,---,NO PLAY,---,6,0,0,0,---,NO PLAY,---,9,0,0,0,---,NO PLAY,---,11,0,0,0,---,HARD CLEAR,---,0,0,0,0,---,NO PLAY,---,2025-09-23 12:30
EMPRESS,thunder HOUSE NATION Remix,HOUSE,Remix by Sunset In Ibiza (SII),0,0,0,0,0,---,NO PLAY,---,5,0,0,0,---,NO PLAY,---,7,0,0,0,---,NO PLAY,---,9,0,0,0,---,HARD CLEAR,---,12,0,0,0,---,HARD CLEAR,---,2025-09-23 12:30
EMPRESS,Turii ～Panta rhei～,ELEMENTAL CHANT,Zektbach,1,2,0,0,0,---,NO PLAY,---,4,0,0,0,---,NO PLAY,---,9,0,0,0,---,NO PLAY,---,10,2016,798,420,8,HARD CLEAR,A,0,0,0,0,---,NO PLAY,---,2025-09-23 16:57
EMPRESS,V2,PROGRESSIVE,TAKA,0,3,0,0,0,---,NO PLAY,---,6,0,0,0,---,NO PLAY,---,10,0,0,0,---,HARD CLEAR,---,11,0,0,0,---,HARD CLEAR,---,0,0,0,0,---,NO PLAY,---,2025-09-23 12:30
EMPRESS,Y&Co. is dead or alive,90's RAVE,Y&Co.,0,0,0,0,0,---,NO PLAY,---,5,0,0,0,---,NO PLAY,---,9,0,0,0,---,NO PLAY,---,12,0,0,0,---,EASY CLEAR,---,0,0,0,0,---,NO PLAY,---,2025-09-23 12:30
EMPRESS,You'll say "Now!",ONLY ONE TECHNO,BLACK STAR 幸広-YUKIHIRO-,0,0,0,0,0,---,NO PLAY,---,6,0,0,0,---,NO PLAY,---,10,0,0,0,---,EASY CLEAR,---,11,0,0,0,---,HARD CLEAR,---,0,0,0,0,---,NO PLAY,---,2025-09-23 12:30
EMPRESS,まほろば,J-DANCE POP,HHH+H,0,0,0,0,0,---,NO PLAY,---,5,0,0,0,---,NO PLAY,---,7,0,0,0,---,NO PLAY,---,9,0,0,0,---,HARD CLEAR,---,0,0,0,0,---,NO PLAY,---,2025-09-23 12:30
EMPRESS,ハリツヤランデヴー,HOU-ROCK,Des-MASTERS,0,0,0,0,0,---,NO PLAY,---,5,0,0,0,---,NO PLAY,---,8,0,0,0,---,CLEAR,---,10,0,0,0,---,NO PLAY,---,0,0,0,0,---,NO PLAY,---,2025-09-23 12:30
EMPRESS,ミッドナイト堕天使,TRENDY TECHNO,Dr.Honda,0,0,0,0,0,---,NO PLAY,---,5,0,0,0,---,NO PLAY,---,7,0,0,0,---,NO PLAY,---,11,0,0,0,---,HARD CLEAR,---,0,0,0,0,---,NO PLAY,---,2025-09-23 12:30
EMPRESS,不沈艦CANDY,HARDCORE,Risk Junk,0,3,0,0,0,---,NO PLAY,---,6,0,0,0,---,NO PLAY,---,9,0,0,0,---,ASSIST CLEAR,---,12,0,0,0,---,HARD CLEAR,---,0,0,0,0,---,NO PLAY,---,2025-09-23 12:30
EMPRESS,凛として咲く花の如く,撫子ロック,紅色リトマス,0,2,0,0,0,---,ASSIST CLEAR,---,6,0,0,0,---,NO PLAY,---,9,0,0,0,---,NO PLAY,---,10,0,0,0,---,HARD CLEAR,---,11,0,0,0,---,EX HARD CLEAR,---,2025-09-23 12:30
EMPRESS,卑弥呼,ESOTERIC SPEEDCORE,朱雀 VS 玄武,1,0,0,0,0,---,NO PLAY,---,6,0,0,0,---,NO PLAY,---,11,0,0,0,---,HARD CLEAR,---,12,2591,1036,519,223,FAILED,B,0,0,0,0,---,NO PLAY,---,2025-10-11 14:02
EMPRESS,天空脳番長危機十六連打,RAGE AGAINST EMPRESS,D.J.SETUP,0,0,0,0,0,---,NO PLAY,---,5,0,0,0,---,NO PLAY,---,10,0,0,0,---,EASY CLEAR,---,11,0,0,0,---,HARD CLEAR,---,0,0,0,0,---,NO PLAY,---,2025-09-23 12:30
EMPRESS,山岡晃の「クイズ！家事都合！」,ポップス,AKIRA YAMAOKA feat.喜屋武ちあき,0,0,0,0,0,---,NO PLAY,---,4,0,0,0,---,NO PLAY,---,7,0,0,0,---,NO PLAY,---,10,0,0,0,---,EASY CLEAR,---,0,0,0,0,---,NO PLAY,---,2025-09-23 12:30
EMPRESS,翼,J-TRANCE,小林ゆう,0,0,0,0,0,---,NO PLAY,---,4,0,0,0,---,NO PLAY,---,7,0,0,0,---,NO PLAY,---,9,0,0,0,---,NO PLAY,---,10,0,0,0,---,HARD CLEAR,---,2025-09-23 12:30
EMPRESS,鉄甲乙女-under the steel-,IRON CONCERTO,Seiya Murai,0,0,0,0,0,---,NO PLAY,---,4,0,0,0,---,NO PLAY,---,7,0,0,0,---,NO PLAY,---,10,0,0,0,---,HARD CLEAR,---,0,0,0,0,---,NO PLAY,---,2025-09-23 12:30
SIRIUS,AIR RAID FROM THA UNDAGROUND,SPEEDCORE,GUHROOVY,0,3,0,0,0,---,NO PLAY,---,7,0,0,0,---,CLEAR,---,9,0,0,0,---,ASSIST CLEAR,---,11,0,0,0,---,HARD CLEAR,---,12,0,0,0,---,HARD CLEAR,---,2025-09-23 12:30
SIRIUS,Almagest,AKASHIC RECORDS,Galdeira,0,0,0,0,0,---,NO PLAY,---,7,0,0,0,---,ASSIST CLEAR,---,11,0,0,0,---,HARD CLEAR,---,12,0,0,0,---,CLEAR,---,0,0,0,0,---,NO PLAY,---,2025-09-23 12:30
SIRIUS,Bad Maniacs,INDUSTRIAL,kors k as teranoid,1,0,0,0,0,---,NO PLAY,---,7,0,0,0,---,ASSIST CLEAR,---,10,0,0,0,---,EASY CLEAR,---,12,1974,732,510,---,CLEAR,B,0,0,0,0,---,NO PLAY,---,2025-10-11 13:06
SIRIUS,bass 2 bass,BUBBLEGUM DANCE,Ryu☆,0,1,0,0,0,---,NO PLAY,---,4,0,0,0,---,NO PLAY,---,7,0,0,0,---,NO PLAY,---,10,0,0,0,---,HARD CLEAR,---,0,0,0,0,---,NO PLAY,---,2025-09-23 12:30
SIRIUS,beatchic☆仮面～好き、でいさせて～,E-DANCE POP,上野圭市(transforming into Masao Lovely)feat.星野奏子,0,0,0,0,0,---,NO PLAY,---,5,0,0,0,---,NO PLAY,---,8,0,0,0,---,NO PLAY,---,9,0,0,0,---,CLEAR,---,0,0,0,0,---,NO PLAY,---,2025-09-23 12:30
SIRIUS,BEAUTIFUL ANGEL,DRUM'N'BASS,DJ SWAN,0,0,0,0,0,---,NO PLAY,---,4,0,0,0,---,ASSIST CLEAR,---,8,0,0,0,---,CLEAR,---,10,0,0,0,---,HARD CLEAR,---,0,0,0,0,---,NO PLAY,---,2025-09-23 12:30
SIRIUS,being torn the sky,ELECTRO POP,猫叉Master+ feat.JUNE,0,0,0,0,0,---,NO PLAY,---,4,0,0,0,---,NO PLAY,---,7,0,0,0,---,ASSIST CLEAR,---,10,0,0,0,---,HARD CLEAR,---,0,0,0,0,---,NO PLAY,---,2025-09-23 12:30
SIRIUS,bloomin' feeling,HAPPY HARDCORE,Ryu☆,0,2,0,0,0,---,NO PLAY,---,7,0,0,0,---,ASSIST CLEAR,---,9,0,0,0,---,HARD CLEAR,---,11,0,0,0,---,HARD CLEAR,---,0,0,0,0,---,NO PLAY,---,2025-09-23 12:30
SIRIUS,CaptivAte～裁き～(SUBLIME TECHNO MIX),SUBLIME TECHNO,Remixed by DJ YOSHITAKA,0,0,0,0,0,---,NO PLAY,---,6,0,0,0,---,NO PLAY,---,8,0,0,0,---,FAILED,---,10,0,0,0,---,HARD CLEAR,---,0,0,0,0,---,NO PLAY,---,2025-09-23 12:30
SIRIUS,D,NEXT SKOOL BREAKBEATS HARDCORE,Eagle,0,0,0,0,0,---,NO PLAY,---,8,0,0,0,---,NO PLAY,---,10,0,0,0,---,EASY CLEAR,---,11,0,0,0,---,HARD CLEAR,---,0,0,0,0,---,NO PLAY,---,2025-09-23 12:30
SIRIUS,DAWN -THE NEXT ENDEAVOUR-,DRUM & BASS,L.E.D. fw.堀澤麻衣子,0,0,0,0,0,---,NO PLAY,---,7,0,0,0,---,NO PLAY,---,9,0,0,0,---,CLEAR,---,11,0,0,0,---,HARD CLEAR,---,0,0,0,0,---,NO PLAY,---,2025-09-23 12:30
SIRIUS,Dazzlin' Darlin-秋葉工房mix-,EUROBEAT,Remixed by DJ Command,0,0,0,0,0,---,NO PLAY,---,4,0,0,0,---,NO PLAY,---,8,0,0,0,---,NO PLAY,---,10,0,0,0,---,HARD CLEAR,---,0,0,0,0,---,NO PLAY,---,2025-09-23 12:30
SIRIUS,DESIRE,UK HARDCORE,M-Project fw. GUHROOVY,0,0,0,0,0,---,NO PLAY,---,5,0,0,0,---,NO PLAY,---,9,0,0,0,---,NO PLAY,---,11,0,0,0,---,HARD CLEAR,---,0,0,0,0,---,NO PLAY,---,2025-09-23 12:30
SIRIUS,Do Back Burn,ELECTRO,PRASTIK DANCEFLOOR,0,0,0,0,0,---,NO PLAY,---,4,0,0,0,---,NO PLAY,---,7,0,0,0,---,NO PLAY,---,10,0,0,0,---,HARD CLEAR,---,0,0,0,0,---,NO PLAY,---,2025-09-23 12:30
SIRIUS,DOMINION,HARDCORE,L.E.D.-G,0,0,0,0,0,---,NO PLAY,---,7,0,0,0,---,ASSIST CLEAR,---,10,0,0,0,---,EASY CLEAR,---,12,0,0,0,---,HARD CLEAR,---,0,0,0,0,---,NO PLAY,---,2025-09-23 12:30
SIRIUS,DROP,WHITE SEQUENCE,dj TAKA feat.Kanako Hoshino,1,0,0,0,0,---,NO PLAY,---,4,0,0,0,---,NO PLAY,---,9,0,0,0,---,ASSIST CLEAR,---,11,1735,699,337,---,HARD CLEAR,B,0,0,0,0,---,NO PLAY,---,2025-10-11 12:18
SIRIUS,Elisha,TRANCE CORE,DJ YOSHITAKA,1,2,0,0,0,---,NO PLAY,---,6,0,0,0,---,ASSIST CLEAR,---,10,0,0,0,---,CLEAR,---,11,1995,889,217,12,HARD CLEAR,AA,0,0,0,0,---,NO PLAY,---,2025-09-27 14:15
SIRIUS,Empire State Glory,CYBERPUNK,Dirty Androids,0,0,0,0,0,---,NO PLAY,---,6,0,0,0,---,NO PLAY,---,9,0,0,0,---,ASSIST CLEAR,---,11,0,0,0,---,HARD CLEAR,---,0,0,0,0,---,NO PLAY,---,2025-09-23 12:30
SIRIUS,eRAseRmOToRpHAntOM,HARDCORE,L.E.D.-G VS GUHROOVY,0,0,0,0,0,---,NO PLAY,---,7,0,0,0,---,NO PLAY,---,10,0,0,0,---,ASSIST CLEAR,---,12,0,0,0,---,HARD CLEAR,---,0,0,0,0,---,NO PLAY,---,2025-09-23 12:30
SIRIUS,Evans,HARD RENAISSANCE,DJ YOSHITAKA,0,3,0,0,0,---,NO PLAY,---,6,0,0,0,---,NO PLAY,---,11,0,0,0,---,HARD CLEAR,---,12,0,0,0,---,HARD CLEAR,---,0,0,0,0,---,NO PLAY,---,2025-09-23 12:30
SIRIUS,EXUSIA,HARDCORE,L.E.D.-G,1,0,0,0,0,---,NO PLAY,---,6,0,0,0,---,ASSIST CLEAR,---,10,0,0,0,---,HARD CLEAR,---,12,1050,394,262,---,EASY CLEAR,E,0,0,0,0,---,NO PLAY,---,2025-10-04 16:04
SIRIUS,G59,EXPERIMENTAL MUSIC,怒れる金の獅子,0,0,0,0,0,---,NO PLAY,---,7,0,0,0,---,FAILED,---,10,0,0,0,---,EASY CLEAR,---,12,0,0,0,---,EASY CLEAR,---,0,0,0,0,---,NO PLAY,---,2025-09-23 12:30
SIRIUS,GALGALIM,HARDCORE TECHNO,L.E.D.,0,0,0,0,0,---,NO PLAY,---,6,0,0,0,---,NO PLAY,---,10,0,0,0,---,EASY CLEAR,---,11,0,0,0,---,HARD CLEAR,---,0,0,0,0,---,NO PLAY,---,2025-09-23 12:30
SIRIUS,GOLDEN CROSS,TECHNO,dj REMO-CON VS dj TAKA,1,0,0,0,0,---,NO PLAY,---,5,0,0,0,---,NO PLAY,---,9,0,0,0,---,ASSIST CLEAR,---,12,1667,613,441,---,HARD CLEAR,C,0,0,0,0,---,NO PLAY,---,2025-10-04 15:14
SIRIUS,Hydrogen Blueback,TECH DANCE,MAD CHILD,0,0,0,0,0,---,NO PLAY,---,5,0,0,0,---,NO PLAY,---,8,0,0,0,---,ASSIST CLEAR,---,10,0,0,0,---,HARD CLEAR,---,11,0,0,0,---,HARD CLEAR,---,2025-09-23 12:30
SIRIUS,IN THE NAME OF LOVE,EUROBEAT,Y&Co.feat.Erica,1,3,0,0,0,---,NO PLAY,---,4,0,0,0,---,NO PLAY,---,7,0,0,0,---,NO PLAY,---,9,1522,644,234,19,HARD CLEAR,AA,0,0,0,0,---,NO PLAY,---,2025-10-18 14:07
SIRIUS,Keep it-秋葉工房mix-,EUROBEAT,DJ Command feat. NAGISA,0,0,0,0,0,---,NO PLAY,---,5,0,0,0,---,NO PLAY,---,9,0,0,0,---,NO PLAY,---,10,0,0,0,---,HARD CLEAR,---,0,0,0,0,---,NO PLAY,---,2025-09-23 12:30
SIRIUS,Last Burning,ELECTRO,Dirty Androids,0,0,0,0,0,---,NO PLAY,---,5,0,0,0,---,NO PLAY,---,7,0,0,0,---,NO PLAY,---,10,0,0,0,---,HARD CLEAR,---,0,0,0,0,---,NO PLAY,---,2025-09-23 12:30
SIRIUS,Light Shine,BUBBLEGUM DANCE,Ryu☆,1,0,0,0,0,---,NO PLAY,---,5,0,0,0,---,NO PLAY,---,7,0,0,0,---,NO PLAY,---,10,1698,747,204,14,HARD CLEAR,AA,0,0,0,0,---,NO PLAY,---,2025-09-23 15:28
SIRIUS,MIRACLE MEETS,BUCHIAGE TRANCE,Lucky Vacuum,0,0,0,0,0,---,NO PLAY,---,6,0,0,0,---,NO PLAY,---,9,0,0,0,---,NO PLAY,---,11,0,0,0,---,HARD CLEAR,---,0,0,0,0,---,NO PLAY,---,2025-09-23 12:30
SIRIUS,mosaic,TECHNO POP SPEED,Auridy,2,0,0,0,0,---,NO PLAY,---,7,0,0,0,---,NO PLAY,---,10,0,0,0,---,HARD CLEAR,---,12,2502,1078,346,55,HARD CLEAR,AA,0,0,0,0,---,NO PLAY,---,2025-10-04 14:30
SIRIUS,NEW SENSATION -もう、あなたしか見えない-,ONLY ONE IDOL SONG,SUPER HEROINE 彩香-AYAKA-,0,0,0,0,0,---,NO PLAY,---,6,0,0,0,---,NO PLAY,---,10,0,0,0,---,NO PLAY,---,11,0,0,0,---,HARD CLEAR,---,0,0,0,0,---,NO PLAY,---,2025-09-23 12:30
SIRIUS,NoN-Fiction Story!,TECHNO POP,Creative Life,0,0,0,0,0,---,NO PLAY,---,4,0,0,0,---,NO PLAY,---,7,0,0,0,---,NO PLAY,---,10,0,0,0,---,HARD CLEAR,---,0,0,0,0,---,NO PLAY,---,2025-09-23 12:30
SIRIUS,Programmed Sun,PSY TRANCE(MORNING),kors k,0,0,0,0,0,---,NO PLAY,---,6,0,0,0,---,NO PLAY,---,9,0,0,0,---,HARD CLEAR,---,11,0,0,0,---,HARD CLEAR,---,0,0,0,0,---,NO PLAY,---,2025-09-23 12:30
SIRIUS,quell～the seventh slave～,TRANCE,dj TAKA Vs. DJ YOSHITAKA,0,0,0,0,0,---,NO PLAY,---,4,0,0,0,---,NO PLAY,---,9,0,0,0,---,ASSIST CLEAR,---,12,0,0,0,---,HARD CLEAR,---,0,0,0,0,---,NO PLAY,---,2025-09-23 12:30
SIRIUS,Raison d'etre～交差する宿命～,ASTRAL CHOIR,Zektbach,0,0,0,0,0,---,NO PLAY,---,5,0,0,0,---,NO PLAY,---,10,0,0,0,---,NO PLAY,---,11,0,0,0,---,HARD CLEAR,---,0,0,0,0,---,NO PLAY,---,2025-09-23 12:30
SIRIUS,Red. by Full Metal Jacket,TECH-BREAKBEATS,DJ Mass MAD Izm*,0,0,0,0,0,---,NO PLAY,---,6,0,0,0,---,NO PLAY,---,10,0,0,0,---,HARD CLEAR,---,12,0,0,0,---,HARD CLEAR,---,0,0,0,0,---,NO PLAY,---,2025-09-23 12:30
SIRIUS,Roots of my way!,ACTRESS,ナイア,0,0,0,0,0,---,NO PLAY,---,4,0,0,0,---,NO PLAY,---,7,0,0,0,---,NO PLAY,---,9,0,0,0,---,HARD CLEAR,---,0,0,0,0,---,NO PLAY,---,2025-09-23 12:30
SIRIUS,Session 1 -Genesis-,ELECTRIC FUSION,PRASTIK DANCEFLOOR,0,0,0,0,0,---,NO PLAY,---,6,0,0,0,---,NO PLAY,---,9,0,0,0,---,NO PLAY,---,11,0,0,0,---,HARD CLEAR,---,0,0,0,0,---,NO PLAY,---,2025-09-23 12:30
SIRIUS,She is my wife,ONLY ONE BALLAD,SUPER STAR 満-MITSURU-,0,3,0,0,0,---,NO PLAY,---,5,0,0,0,---,NO PLAY,---,9,0,0,0,---,NO PLAY,---,10,0,0,0,---,HARD CLEAR,---,0,0,0,0,---,NO PLAY,---,2025-09-23 12:30
SIRIUS,SOLID STATE SQUAD,HARDSTYLE,kors k Vs. L.E.D.,0,0,0,0,0,---,NO PLAY,---,5,0,0,0,---,NO PLAY,---,10,0,0,0,---,EASY CLEAR,---,12,0,0,0,---,HARD CLEAR,---,12,0,0,0,---,HARD CLEAR,---,2025-09-23 12:30
SIRIUS,Sorrows,EMO,Asako Yoshihiro,0,0,0,0,0,---,NO PLAY,---,5,0,0,0,---,NO PLAY,---,8,0,0,0,---,NO PLAY,---,10,0,0,0,---,HARD CLEAR,---,0,0,0,0,---,NO PLAY,---,2025-09-23 12:30
SIRIUS,Special One,J-HOUSE,kors k feat. Suzuyo Miyamoto,0,0,0,0,0,---,NO PLAY,---,5,0,0,0,---,NO PLAY,---,7,0,0,0,---,NO PLAY,---,9,0,0,0,---,HARD CLEAR,---,0,0,0,0,---,NO PLAY,---,2025-09-23 12:30
SIRIUS,THE LAST STRIKER,DRUM & BASS,L.E.D.,0,0,0,0,0,---,NO PLAY,---,6,0,0,0,---,NO PLAY,---,8,0,0,0,---,ASSIST CLEAR,---,11,0,0,0,---,HARD CLEAR,---,0,0,0,0,---,NO PLAY,---,2025-09-23 12:30
SIRIUS,The Story Begins,EPIC TRANCE,SADA & Sota,0,0,0,0,0,---,NO PLAY,---,4,0,0,0,---,NO PLAY,---,8,0,0,0,---,ASSIST CLEAR,---,10,0,0,0,---,EASY CLEAR,---,0,0,0,0,---,NO PLAY,---,2025-09-23 12:30
SIRIUS,たからもの,POPS,セリカ＆エリカ,0,0,0,0,0,---,NO PLAY,---,6,0,0,0,---,NO PLAY,---,8,0,0,0,---,NO PLAY,---,9,0,0,0,---,HARD CLEAR,---,11,0,0,0,---,HARD CLEAR,---,2025-09-23 12:30
SIRIUS,コスモス,J-POP,TSU-NA,0,0,0,0,0,---,NO PLAY,---,5,0,0,0,---,NO PLAY,---,8,0,0,0,---,CLEAR,---,9,0,0,0,---,HARD CLEAR,---,0,0,0,0,---,NO PLAY,---,2025-09-23 12:30
SIRIUS,サヨナラ・ヘヴン,WORLD/ELECTRONICA,猫叉Master,0,2,0,0,0,---,NO PLAY,---,4,0,0,0,---,NO PLAY,---,6,0,0,0,---,NO PLAY,---,8,0,0,0,---,HARD CLEAR,---,0,0,0,0,---,NO PLAY,---,2025-09-23 12:30
SIRIUS,バビロニア,DISTORTED NEW AGE,劇団レコード,0,0,0,0,0,---,NO PLAY,---,4,0,0,0,---,NO PLAY,---,7,0,0,0,---,NO PLAY,---,8,0,0,0,---,HARD CLEAR,---,0,0,0,0,---,NO PLAY,---,2025-09-23 12:30
SIRIUS,ワルツ第17番 ト短調”大犬のワルツ”,VALSE,virkato,1,0,0,0,0,---,NO PLAY,---,6,0,0,0,---,NO PLAY,---,10,0,0,0,---,HARD CLEAR,---,12,2445,970,505,54,HARD CLEAR,A,0,0,0,0,---,NO PLAY,---,2025-09-23 18:21
SIRIUS,未来のプリズム,STARPOP,星野奏子,0,0,0,0,0,---,NO PLAY,---,4,0,0,0,---,NO PLAY,---,7,0,0,0,---,NO PLAY,---,9,0,0,0,---,HARD CLEAR,---,0,0,0,0,---,NO PLAY,---,2025-09-23 12:30
SIRIUS,水上の提督(Short mix from "幻想水滸伝V"),WORLD/ELECTRONICA,猫叉Master,0,0,0,0,0,---,NO PLAY,---,4,0,0,0,---,NO PLAY,---,8,0,0,0,---,NO PLAY,---,10,0,0,0,---,HARD CLEAR,---,0,0,0,0,---,NO PLAY,---,2025-09-23 12:30
Resort Anthem,Aegis,TECHNO,IT medalion,0,0,0,0,0,---,NO PLAY,---,6,0,0,0,---,NO PLAY,---,8,0,0,0,---,NO PLAY,---,11,0,0,0,---,HARD CLEAR,---,0,0,0,0,---,NO PLAY,---,2025-09-23 12:30
Resort Anthem,ALBIDA,HARD RENAISSANCE,DJ YOSHITAKA,0,3,0,0,0,---,NO PLAY,---,6,0,0,0,---,NO PLAY,---,10,0,0,0,---,EASY CLEAR,---,12,0,0,0,---,HARD CLEAR,---,0,0,0,0,---,NO PLAY,---,2025-09-23 12:30
Resort Anthem,Answer,STARPOP,星野奏子,0,0,0,0,0,---,NO PLAY,---,4,0,0,0,---,NO PLAY,---,7,0,0,0,---,NO PLAY,---,10,0,0,0,---,HARD CLEAR,---,0,0,0,0,---,NO PLAY,---,2025-09-23 12:30
Resort Anthem,ANTHEM LANDING,LATIN TEK,DJムラサメ,0,0,0,0,0,---,NO PLAY,---,5,0,0,0,---,NO PLAY,---,9,0,0,0,---,NO PLAY,---,11,0,0,0,---,HARD CLEAR,---,0,0,0,0,---,NO PLAY,---,2025-09-23 12:30
Resort Anthem,Believe In Me,HARDCORE,Uraken feat. Calyn Tsukishima,0,0,0,0,0,---,NO PLAY,---,5,0,0,0,---,NO PLAY,---,9,0,0,0,---,EASY CLEAR,---,11,0,0,0,---,HARD CLEAR,---,0,0,0,0,---,NO PLAY,---,2025-09-23 12:30
Resort Anthem,BLUST OF WIND,CROSSOVER HOUSE,Anemo=Aspel by MLREC.,0,0,0,0,0,---,NO PLAY,---,5,0,0,0,---,NO PLAY,---,8,0,0,0,---,ASSIST CLEAR,---,10,0,0,0,---,HARD CLEAR,---,11,0,0,0,---,HARD CLEAR,---,2025-09-23 12:30
Resort Anthem,Bounce Bounce Bounce,DANCEHALL,kors k feat.Kanata Okajima＆楽天斎,0,0,0,0,0,---,NO PLAY,---,5,0,0,0,---,NO PLAY,---,9,0,0,0,---,EASY CLEAR,---,11,0,0,0,---,HARD CLEAR,---,0,0,0,0,---,NO PLAY,---,2025-09-23 12:30
Resort Anthem,Breaking the ground,HARDCORE,Art of Fighters,1,0,0,0,0,---,NO PLAY,---,5,0,0,0,---,NO PLAY,---,8,0,0,0,---,CLEAR,---,10,2063,872,319,38,HARD CLEAR,AA,0,0,0,0,---,NO PLAY,---,2025-10-04 14:38
Resort Anthem,Broken,TRANCE,dj TAKA feat.AiMEE,0,0,0,0,0,---,NO PLAY,---,5,0,0,0,---,NO PLAY,---,9,0,0,0,---,NO PLAY,---,12,0,0,0,---,HARD CLEAR,---,0,0,0,0,---,NO PLAY,---,2025-09-23 12:30
Resort Anthem,BROKEN EDEN,SYMPHONIC-TEK,MYTHOLOGIA by MLREC.,1,0,0,0,0,---,NO PLAY,---,6,0,0,0,---,NO PLAY,---,9,0,0,0,---,CLEAR,---,11,1567,586,395,49,HARD CLEAR,B,0,0,0,0,---,NO PLAY,---,2025-10-04 15:45
Resort Anthem,Dances with Snow Fairies,トレンディートランス,Dr.Honda,0,0,0,0,0,---,NO PLAY,---,7,0,0,0,---,NO PLAY,---,10,0,0,0,---,EASY CLEAR,---,12,0,0,0,---,HARD CLEAR,---,12,0,0,0,---,FAILED,---,2025-09-23 12:30
Resort Anthem,DAYDREAMER,GIRLY ROCK,ピンクターボ,0,0,0,0,0,---,NO PLAY,---,6,0,0,0,---,NO PLAY,---,8,0,0,0,---,NO PLAY,---,10,0,0,0,---,HARD CLEAR,---,0,0,0,0,---,NO PLAY,---,2025-09-23 12:30
Resort Anthem,Destiny Sword,ELECTRIC STEP,CAPACITY GATE,0,0,0,0,0,---,NO PLAY,---,5,0,0,0,---,FAILED,---,9,0,0,0,---,ASSIST CLEAR,---,11,0,0,0,---,HARD CLEAR,---,0,0,0,0,---,NO PLAY,---,2025-09-23 12:30
Resort Anthem,Energy Drive,HARDCORE,kevin energy,1,0,0,0,0,---,NO PLAY,---,6,0,0,0,---,NO PLAY,---,8,0,0,0,---,ASSIST CLEAR,---,11,616,241,134,---,HARD CLEAR,E,0,0,0,0,---,NO PLAY,---,2025-10-11 12:32
Resort Anthem,Eternal Tears,WINTER BALLADE,ツガル,0,0,0,0,0,---,NO PLAY,---,2,0,0,0,---,NO PLAY,---,5,0,0,0,---,ASSIST CLEAR,---,7,0,0,0,---,NO PLAY,---,0,0,0,0,---,NO PLAY,---,2025-09-23 12:30
Resort Anthem,Everlasting Resort,ONLY ONE ANTHEM,SUPER STAR 満-MITSURU-,0,0,0,0,0,---,NO PLAY,---,4,0,0,0,---,NO PLAY,---,7,0,0,0,---,NO PLAY,---,10,0,0,0,---,HARD CLEAR,---,0,0,0,0,---,NO PLAY,---,2025-09-23 12:30
Resort Anthem,Fantasia,HYPER FANTASIA,ＴЁЯＲＡ,0,1,0,0,0,---,NO PLAY,---,3,0,0,0,---,NO PLAY,---,8,0,0,0,---,FULLCOMBO CLEAR,---,10,0,0,0,---,HARD CLEAR,---,0,0,0,0,---,NO PLAY,---,2025-09-23 12:30
Resort Anthem,Golden Palms,NU DISCO,Dirty Androids,0,0,0,0,0,---,NO PLAY,---,5,0,0,0,---,NO PLAY,---,8,0,0,0,---,HARD CLEAR,---,10,0,0,0,---,HARD CLEAR,---,11,0,0,0,---,HARD CLEAR,---,2025-09-23 12:30
Resort Anthem,I FIGHT ME,DRUM & BASS,kobo feat. Marsha,0,0,0,0,0,---,NO PLAY,---,3,0,0,0,---,NO PLAY,---,7,0,0,0,---,NO PLAY,---,9,0,0,0,---,HARD CLEAR,---,0,0,0,0,---,NO PLAY,---,2025-09-23 12:30
Resort Anthem,Kailua,ENERGETIC HAWAIIAN TRANCE,kors k,1,0,0,0,0,---,NO PLAY,---,5,0,0,0,---,NO PLAY,---,9,0,0,0,---,ASSIST CLEAR,---,11,1502,577,348,36,HARD CLEAR,A,0,0,0,0,---,NO PLAY,---,2025-09-23 16:07
Resort Anthem,Let The Track Flow,UK HARDCORE,Brisk & Ham,0,0,0,0,0,---,NO PLAY,---,6,0,0,0,---,NO PLAY,---,9,0,0,0,---,NO PLAY,---,11,0,0,0,---,HARD CLEAR,---,0,0,0,0,---,NO PLAY,---,2025-09-23 12:30
Resort Anthem,Medicine of love,MAGICAL POP,イロハ＆リリナ,0,0,0,0,0,---,NO PLAY,---,4,0,0,0,---,NO PLAY,---,6,0,0,0,---,NO PLAY,---,9,0,0,0,---,ASSIST CLEAR,---,0,0,0,0,---,NO PLAY,---,2025-09-23 12:30
Resort Anthem,Mermaid girl,BUBBLEGUM DANCE,Cream puff,0,3,0,0,0,---,NO PLAY,---,5,0,0,0,---,NO PLAY,---,8,0,0,0,---,ASSIST CLEAR,---,10,0,0,0,---,HARD CLEAR,---,0,0,0,0,---,NO PLAY,---,2025-09-23 12:30
Resort Anthem,Never Fade Away,IIDX HANDZ UP!!,Sota Fujimori feat. dj MAX STEROID,0,0,0,0,0,---,NO PLAY,---,4,0,0,0,---,NO PLAY,---,8,0,0,0,---,NO PLAY,---,11,0,0,0,---,HARD CLEAR,---,0,0,0,0,---,NO PLAY,---,2025-09-23 12:30
Resort Anthem,New Castle Legions,DYSTOPIA,Dirty Androids,0,0,0,0,0,---,NO PLAY,---,6,0,0,0,---,NO PLAY,---,10,0,0,0,---,HARD CLEAR,---,12,0,0,0,---,HARD CLEAR,---,0,0,0,0,---,NO PLAY,---,2025-09-23 12:30
Resort Anthem,PARADISE LOST,TRANCE CORE,Ryu☆ Vs. L.E.D.-G,0,0,0,0,0,---,NO PLAY,---,7,0,0,0,---,ASSIST CLEAR,---,11,0,0,0,---,HARD CLEAR,---,12,0,0,0,---,EASY CLEAR,---,0,0,0,0,---,NO PLAY,---,2025-09-23 12:30
Resort Anthem,passionate fate,HANDZ UP,Ryu☆,0,0,0,0,0,---,NO PLAY,---,6,0,0,0,---,NO PLAY,---,8,0,0,0,---,FAILED,---,10,0,0,0,---,HARD CLEAR,---,0,0,0,0,---,NO PLAY,---,2025-09-23 12:30
Resort Anthem,perditus†paradisus,ANTHEM CORE,iconoclasm,2,0,0,0,0,---,NO PLAY,---,7,0,0,0,---,ASSIST CLEAR,---,11,0,0,0,---,HARD CLEAR,---,12,2508,967,574,127,FAILED,B,0,0,0,0,---,NO PLAY,---,2025-10-18 15:24
Resort Anthem,Programmed Life,PSY TRANCE(FULL ON),kors k,0,0,0,0,0,---,NO PLAY,---,6,0,0,0,---,NO PLAY,---,9,0,0,0,---,NO PLAY,---,10,0,0,0,---,HARD CLEAR,---,0,0,0,0,---,NO PLAY,---,2025-09-23 12:30
Resort Anthem,reunion,CYBER WALTZ,Tatsh,0,3,0,0,0,---,FULLCOMBO CLEAR,---,8,0,0,0,---,ASSIST CLEAR,---,11,0,0,0,---,HARD CLEAR,---,12,0,0,0,---,HARD CLEAR,---,0,0,0,0,---,NO PLAY,---,2025-09-23 12:30
Resort Anthem,Rock Da House,UK HARDCORE,M-Project fw. GUHROOVY,0,0,0,0,0,---,NO PLAY,---,5,0,0,0,---,NO PLAY,---,9,0,0,0,---,ASSIST CLEAR,---,11,0,0,0,---,HARD CLEAR,---,0,0,0,0,---,NO PLAY,---,2025-09-23 12:30
Resort Anthem,SABER WING,SHOOTING WALTZ,TAG,0,0,0,0,0,---,NO PLAY,---,5,0,0,0,---,NO PLAY,---,9,0,0,0,---,EASY CLEAR,---,11,0,0,0,---,HARD CLEAR,---,0,0,0,0,---,NO PLAY,---,2025-09-23 12:30
Resort Anthem,Sakura Reflection,HAPPY HARDCORE,Ryu☆,0,0,0,0,0,---,NO PLAY,---,3,0,0,0,---,NO PLAY,---,9,0,0,0,---,NO PLAY,---,11,0,0,0,---,HARD CLEAR,---,0,0,0,0,---,NO PLAY,---,2025-09-23 12:30
Resort Anthem,sakura storm,HAPPY HARDCORE,Ryu☆,0,0,0,0,0,---,NO PLAY,---,5,0,0,0,---,NO PLAY,---,8,0,0,0,---,ASSIST CLEAR,---,12,0,0,0,---,HARD CLEAR,---,0,0,0,0,---,NO PLAY,---,2025-09-23 12:30
Resort Anthem,Session 9 -Chronicles-,ROCKIN' DRUM'N'BASS,PRASTIK DANCEFLOOR,0,0,0,0,0,---,NO PLAY,---,5,0,0,0,---,NO PLAY,---,10,0,0,0,---,EASY CLEAR,---,12,0,0,0,---,HARD CLEAR,---,0,0,0,0,---,NO PLAY,---,2025-09-23 12:30
Resort Anthem,Space Time,ENERGETIC TRANCE,NISH,0,0,0,0,0,---,NO PLAY,---,4,0,0,0,---,NO PLAY,---,8,0,0,0,---,ASSIST CLEAR,---,10,0,0,0,---,HARD CLEAR,---,0,0,0,0,---,NO PLAY,---,2025-09-23 12:30
Resort Anthem,SPECIAL SUMMER CAMPAIGN!,BUCHIAGE TRANCE,Lucky Vacuum,0,0,0,0,0,---,NO PLAY,---,4,0,0,0,---,NO PLAY,---,8,0,0,0,---,ASSIST CLEAR,---,12,0,0,0,---,HARD CLEAR,---,0,0,0,0,---,NO PLAY,---,2025-09-23 12:30
Resort Anthem,Stay my side,R&B,DJ Yoshitaka feat.RINA,0,0,0,0,0,---,NO PLAY,---,4,0,0,0,---,NO PLAY,---,6,0,0,0,---,NO PLAY,---,8,0,0,0,---,HARD CLEAR,---,0,0,0,0,---,NO PLAY,---,2025-09-23 12:30
Resort Anthem,STELLAR WIND,HARD DANCE,L.E.D.,0,2,0,0,0,---,ASSIST CLEAR,---,4,0,0,0,---,ASSIST CLEAR,---,9,0,0,0,---,ASSIST CLEAR,---,11,0,0,0,---,HARD CLEAR,---,0,0,0,0,---,NO PLAY,---,2025-09-23 12:30
Resort Anthem,THE BLACK KNIGHT,GOA TRANCE,L.E.D.,0,0,0,0,0,---,NO PLAY,---,5,0,0,0,---,NO PLAY,---,10,0,0,0,---,ASSIST CLEAR,---,11,0,0,0,---,HARD CLEAR,---,0,0,0,0,---,NO PLAY,---,2025-09-23 12:30
Resort Anthem,THE DOOR INTO RAINBOW,TRANCE,L.E.D.,0,0,0,0,0,---,NO PLAY,---,4,0,0,0,---,NO PLAY,---,8,0,0,0,---,FAILED,---,10,0,0,0,---,HARD CLEAR,---,0,0,0,0,---,NO PLAY,---,2025-09-23 12:30
Resort Anthem,THE FALLEN,GOTH NU-STYLE GABBA,L.E.D.-G,0,0,0,0,0,---,NO PLAY,---,5,0,0,0,---,ASSIST CLEAR,---,8,0,0,0,---,ASSIST CLEAR,---,11,0,0,0,---,HARD CLEAR,---,0,0,0,0,---,NO PLAY,---,2025-09-23 12:30
Resort Anthem,Tropical April,VACATION DANCE,Risk Junk,0,0,0,0,0,---,NO PLAY,---,8,0,0,0,---,ASSIST CLEAR,---,10,0,0,0,---,CLEAR,---,11,0,0,0,---,HARD CLEAR,---,0,0,0,0,---,NO PLAY,---,2025-09-23 12:30
Resort Anthem,Vermillion,PSYCHE FUSION,Mystic Moon,0,0,0,0,0,---,NO PLAY,---,5,0,0,0,---,NO PLAY,---,7,0,0,0,---,NO PLAY,---,10,0,0,0,---,HARD CLEAR,---,0,0,0,0,---,NO PLAY,---,2025-09-23 12:30
Resort Anthem,Watch Out Pt.2,TECH-BREAKBEATS,DJ Mass MAD Izm* VS.DJ Yoshitaka,1,0,0,0,0,---,NO PLAY,---,6,0,0,0,---,NO PLAY,---,9,0,0,0,---,HARD CLEAR,---,12,2001,729,543,72,HARD CLEAR,B,0,0,0,0,---,NO PLAY,---,2025-10-18 14:31
Resort Anthem,WISE UP!,RESORT HOUSE,木之下慶行 feat.星野奏子,0,2,0,0,0,---,NO PLAY,---,3,0,0,0,---,NO PLAY,---,7,0,0,0,---,NO PLAY,---,9,0,0,0,---,NO PLAY,---,11,0,0,0,---,HARD CLEAR,---,2025-09-23 12:30
Resort Anthem,Wuv U,CANDY RAVE,kors k,0,0,0,0,0,---,NO PLAY,---,3,0,0,0,---,NO PLAY,---,8,0,0,0,---,ASSIST CLEAR,---,10,0,0,0,---,HARD CLEAR,---,0,0,0,0,---,NO PLAY,---,2025-09-23 12:30
Resort Anthem,XANADU OF TWO,DANCE POP,T.Kakuta With Starving Trancer + 森永真由美,0,0,0,0,0,---,NO PLAY,---,5,0,0,0,---,ASSIST CLEAR,---,8,0,0,0,---,ASSIST CLEAR,---,10,0,0,0,---,HARD CLEAR,---,0,0,0,0,---,NO PLAY,---,2025-09-23 12:30
Resort Anthem,ZETA～素数の世界と超越者～,IDM,Zektbach,0,2,0,0,0,---,NO PLAY,---,4,0,0,0,---,NO PLAY,---,9,0,0,0,---,EASY CLEAR,---,11,0,0,0,---,HARD CLEAR,---,0,0,0,0,---,NO PLAY,---,2025-09-23 12:30
Resort Anthem,おおきなこえで,WORLD/POPS,猫叉Master feat.Sana,0,0,0,0,0,---,NO PLAY,---,3,0,0,0,---,NO PLAY,---,5,0,0,0,---,NO PLAY,---,7,0,0,0,---,FULLCOMBO CLEAR,---,10,0,0,0,---,HARD CLEAR,---,2025-09-23 12:30
Resort Anthem,中華急行,HAPPY HARDCORE,Ryu☆,0,0,0,0,0,---,NO PLAY,---,2,0,0,0,---,NO PLAY,---,8,0,0,0,---,ASSIST CLEAR,---,10,0,0,0,---,HARD CLEAR,---,0,0,0,0,---,NO PLAY,---,2025-09-23 12:30
Resort Anthem,夕焼け ～Fading Day～,AURAL ADRENALINE,JAKAZiD,0,0,0,0,0,---,NO PLAY,---,5,0,0,0,---,NO PLAY,---,9,0,0,0,---,ASSIST CLEAR,---,11,0,0,0,---,HARD CLEAR,---,0,0,0,0,---,NO PLAY,---,2025-09-23 12:30
Resort Anthem,旅人リラン,ELECLORE,XOGO BRYKK,0,0,0,0,0,---,NO PLAY,---,6,0,0,0,---,ASSIST CLEAR,---,9,0,0,0,---,ASSIST CLEAR,---,11,0,0,0,---,HARD CLEAR,---,0,0,0,0,---,NO PLAY,---,2025-09-23 12:30
Resort Anthem,灼熱Beach Side Bunny,BROKEN SAMBA BREAK,DJ Mass MAD Izm*,0,3,0,0,0,---,ASSIST CLEAR,---,7,0,0,0,---,CLEAR,---,10,0,0,0,---,HARD CLEAR,---,12,0,0,0,---,FAILED,---,0,0,0,0,---,NO PLAY,---,2025-09-23 12:30
Resort Anthem,黒髪乱れし修羅となりて,撫子メタル,村正クオリア,0,0,0,0,0,---,NO PLAY,---,4,0,0,0,---,ASSIST CLEAR,---,9,0,0,0,---,NO PLAY,---,12,0,0,0,---,HARD CLEAR,---,0,0,0,0,---,NO PLAY,---,2025-09-23 12:30
Lincle,24th Century BOY,EURO RAVE,Tatsh,0,0,0,0,0,---,NO PLAY,---,5,0,0,0,---,NO PLAY,---,9,0,0,0,---,ASSIST CLEAR,---,11,0,0,0,---,HARD CLEAR,---,0,0,0,0,---,NO PLAY,---,2025-09-23 12:30
Lincle,532nm,HARDCORE,Ryu☆,0,0,0,0,0,---,NO PLAY,---,3,0,0,0,---,NO PLAY,---,7,0,0,0,---,NO PLAY,---,11,0,0,0,---,HARD CLEAR,---,0,0,0,0,---,NO PLAY,---,2025-09-23 12:30
Lincle,A MINSTREL ～ ver. short-scape ～,LA FABELO,KANTASIA by S.S.D. PRODUCTS,1,0,0,0,0,---,NO PLAY,---,3,0,0,0,---,NO PLAY,---,6,0,0,0,---,NO PLAY,---,9,0,0,0,---,HARD CLEAR,---,12,2585,910,765,131,HARD CLEAR,B,2025-09-23 16:10
Lincle,Almace,TECHNO,Qrispy Joybox,0,0,0,0,0,---,NO PLAY,---,4,0,0,0,---,NO PLAY,---,8,0,0,0,---,ASSIST CLEAR,---,10,0,0,0,---,HARD CLEAR,---,0,0,0,0,---,NO PLAY,---,2025-09-23 12:30
Lincle,ANAGRAMS I to Y,DANCE POP,Mayumi Morinaga,0,0,0,0,0,---,NO PLAY,---,4,0,0,0,---,NO PLAY,---,7,0,0,0,---,NO PLAY,---,9,0,0,0,---,ASSIST CLEAR,---,0,0,0,0,---,NO PLAY,---,2025-09-23 12:30
Lincle,BLACK.by X-Cross Fade,TECH-BREAKBEATS,DJ Mass MAD Izm*,0,0,0,0,0,---,NO PLAY,---,6,0,0,0,---,NO PLAY,---,10,0,0,0,---,HARD CLEAR,---,12,0,0,0,---,EASY CLEAR,---,0,0,0,0,---,NO PLAY,---,2025-09-23 12:30
Lincle,CALL,WORLD/ELECTRONICA,猫叉Master,0,0,0,0,0,---,NO PLAY,---,2,0,0,0,---,NO PLAY,---,5,0,0,0,---,NO PLAY,---,8,0,0,0,---,HARD CLEAR,---,11,0,0,0,---,HARD CLEAR,---,2025-09-23 12:30
Lincle,Castle on the Moon,DANCE SPEED,青龍,0,1,0,0,0,---,NO PLAY,---,4,0,0,0,---,ASSIST CLEAR,---,9,0,0,0,---,ASSIST CLEAR,---,11,0,0,0,---,HARD CLEAR,---,0,0,0,0,---,NO PLAY,---,2025-09-23 12:30
Lincle,Change the World,SPEED POP,Tatsh feat.小田ユウ,0,0,0,0,0,---,NO PLAY,---,5,0,0,0,---,NO PLAY,---,7,0,0,0,---,NO PLAY,---,9,0,0,0,---,HARD CLEAR,---,0,0,0,0,---,NO PLAY,---,2025-09-23 12:30
Lincle,DIAVOLO,TRANSCENDENTAL ETUDES,度胸兄弟,1,0,0,0,0,---,NO PLAY,---,6,0,0,0,---,NO PLAY,---,9,0,0,0,---,CLEAR,---,12,2333,932,469,102,FAILED,A,0,0,0,0,---,NO PLAY,---,2025-10-11 13:56
Lincle,Drive Me Crazy,AKIBA RAVE,kors k feat.古川未鈴,0,0,0,0,0,---,NO PLAY,---,4,0,0,0,---,ASSIST CLEAR,---,7,0,0,0,---,NO PLAY,---,10,0,0,0,---,HARD CLEAR,---,0,0,0,0,---,NO PLAY,---,2025-09-23 12:30
Lincle,Express Emotion,J-CORE,REDALiCE feat. Shihori,1,0,0,0,0,---,NO PLAY,---,4,0,0,0,---,ASSIST CLEAR,---,6,0,0,0,---,ASSIST CLEAR,---,10,2049,873,303,29,HARD CLEAR,AA,0,0,0,0,---,NO PLAY,---,2025-09-23 18:05
Lincle,F,RENAISSANCE,D.J.Amuro,0,0,0,0,0,---,NO PLAY,---,5,0,0,0,---,NO PLAY,---,10,0,0,0,---,CLEAR,---,12,0,0,0,---,HARD CLEAR,---,0,0,0,0,---,NO PLAY,---,2025-09-23 12:30
Lincle,Far east nightbird,DRUM'N'BASS,猫叉Master,0,2,0,0,0,---,NO PLAY,---,3,0,0,0,---,NO PLAY,---,7,0,0,0,---,NO PLAY,---,9,0,0,0,---,HARD CLEAR,---,0,0,0,0,---,NO PLAY,---,2025-09-23 12:30
Lincle,fffff,HARD Pf,Five Hammer,0,0,0,0,0,---,NO PLAY,---,4,0,0,0,---,NO PLAY,---,10,0,0,0,---,EASY CLEAR,---,12,0,0,0,---,HARD CLEAR,---,0,0,0,0,---,NO PLAY,---,2025-09-23 12:30
Lincle,Flip Flap,CANDY HANDZ UP,kors k,0,1,0,0,0,---,NO PLAY,---,3,0,0,0,---,ASSIST CLEAR,---,7,0,0,0,---,NO PLAY,---,10,0,0,0,---,HARD CLEAR,---,0,0,0,0,---,NO PLAY,---,2025-09-23 12:30
Lincle,Follow Tomorrow,J-DANCE POP,HHH×MM×ST,0,0,0,0,0,---,NO PLAY,---,4,0,0,0,---,NO PLAY,---,8,0,0,0,---,ASSIST CLEAR,---,10,0,0,0,---,HARD CLEAR,---,0,0,0,0,---,NO PLAY,---,2025-09-23 12:30
Lincle,GIGANT,MARCHING ROCK,seiya-murai,0,0,0,0,0,---,NO PLAY,---,3,0,0,0,---,NO PLAY,---,6,0,0,0,---,NO PLAY,---,9,0,0,0,---,HARD CLEAR,---,11,0,0,0,---,HARD CLEAR,---,2025-09-23 12:30
Lincle,HAERETICUS,ECCENTRIC,D.J.Amuro Vs MAX MAXIMIZER,1,0,0,0,0,---,NO PLAY,---,5,0,0,0,---,NO PLAY,---,10,0,0,0,---,EASY CLEAR,---,12,905,352,201,---,EASY CLEAR,E,0,0,0,0,---,NO PLAY,---,2025-10-11 12:43
Lincle,I'm so Happy,HAPPY HARDCORE,Ryu☆,0,2,0,0,0,---,NO PLAY,---,3,0,0,0,---,NO PLAY,---,8,0,0,0,---,ASSIST CLEAR,---,11,0,0,0,---,HARD CLEAR,---,0,0,0,0,---,NO PLAY,---,2025-09-23 12:30
Lincle,In the Blackest Den,PROGRESSIVE ROCK,Bulluvegola,0,0,0,0,0,---,NO PLAY,---,5,0,0,0,---,NO PLAY,---,8,0,0,0,---,NO PLAY,---,11,0,0,0,---,HARD CLEAR,---,0,0,0,0,---,NO PLAY,---,2025-09-23 12:30
Lincle,Infinite cave,DRUM'N'BASS,猫叉Master+,0,0,0,0,0,---,NO PLAY,---,6,0,0,0,---,NO PLAY,---,9,0,0,0,---,ASSIST CLEAR,---,10,0,0,0,---,HARD CLEAR,---,0,0,0,0,---,NO PLAY,---,2025-09-23 12:30
Lincle,LAX5 feat.Ryota Yoshinari,LOUD TECH,Katana Sounds,0,0,0,0,0,---,NO PLAY,---,6,0,0,0,---,NO PLAY,---,9,0,0,0,---,EASY CLEAR,---,10,0,0,0,---,HARD CLEAR,---,0,0,0,0,---,NO PLAY,---,2025-09-23 12:30
Lincle,LETHEBOLG ～双神威に斬り咲けり～,PLATINUM J-POP ONE,ＴЁЯＲＡ,0,0,0,0,0,---,NO PLAY,---,5,0,0,0,---,NO PLAY,---,8,0,0,0,---,NO PLAY,---,10,0,0,0,---,HARD CLEAR,---,0,0,0,0,---,NO PLAY,---,2025-09-23 12:30
Lincle,Liquid Crystal Girl feat. echo,ELECTRO,kmp,0,0,0,0,0,---,NO PLAY,---,2,0,0,0,---,NO PLAY,---,6,0,0,0,---,NO PLAY,---,9,0,0,0,---,HARD CLEAR,---,0,0,0,0,---,NO PLAY,---,2025-09-23 12:30
Lincle,LOVE B.B.B,DRUM'N'BASS,SWAN K feat. Asuka M,0,0,0,0,0,---,NO PLAY,---,4,0,0,0,---,NO PLAY,---,8,0,0,0,---,ASSIST CLEAR,---,10,0,0,0,---,HARD CLEAR,---,0,0,0,0,---,NO PLAY,---,2025-09-23 12:30
Lincle,Lucky Days,DREAM TRANCE,Sota Fujimori feat. Kanako Hoshino,0,0,0,0,0,---,NO PLAY,---,4,0,0,0,---,NO PLAY,---,8,0,0,0,---,ASSIST CLEAR,---,10,0,0,0,---,HARD CLEAR,---,0,0,0,0,---,NO PLAY,---,2025-09-23 12:30
Lincle,Mermaid girl-秋葉工房 MIX-,EURO BEAT,Remixed by DJ Command,0,0,0,0,0,---,NO PLAY,---,4,0,0,0,---,NO PLAY,---,6,0,0,0,---,NO PLAY,---,9,0,0,0,---,HARD CLEAR,---,0,0,0,0,---,NO PLAY,---,2025-09-23 12:30
Lincle,Miami Sunset Drive,80's ELECTRO HOUSE,Dirty Androids,0,0,0,0,0,---,NO PLAY,---,4,0,0,0,---,NO PLAY,---,6,0,0,0,---,NO PLAY,---,9,0,0,0,---,FULLCOMBO CLEAR,---,0,0,0,0,---,NO PLAY,---,2025-09-23 12:30
Lincle,NNRT,ELECTRO GOTHIC,Levaslater,0,0,0,0,0,---,NO PLAY,---,6,0,0,0,---,NO PLAY,---,10,0,0,0,---,EASY CLEAR,---,12,0,0,0,---,HARD CLEAR,---,0,0,0,0,---,NO PLAY,---,2025-09-23 12:30
Lincle,Phoenix,HARD NRG,Hommarju,0,0,0,0,0,---,NO PLAY,---,5,0,0,0,---,EASY CLEAR,---,7,0,0,0,---,ASSIST CLEAR,---,10,0,0,0,---,HARD CLEAR,---,12,0,0,0,---,NO PLAY,---,2025-09-23 12:30
Lincle,prompt,NU PROGRESSIVE,wｘs ft.*spiLa*,0,0,0,0,0,---,NO PLAY,---,5,0,0,0,---,NO PLAY,---,8,0,0,0,---,ASSIST CLEAR,---,11,0,0,0,---,HARD CLEAR,---,0,0,0,0,---,NO PLAY,---,2025-09-23 12:30
Lincle,QUANTUM TELEPORTATION,TECHNO,L.E.D.,0,0,0,0,0,---,NO PLAY,---,7,0,0,0,---,ASSIST CLEAR,---,10,0,0,0,---,EASY CLEAR,---,11,0,0,0,---,HARD CLEAR,---,12,0,0,0,---,HARD CLEAR,---,2025-09-23 12:30
Lincle,quaver♪,HAPPY,Risk Junk,0,1,0,0,0,---,NO PLAY,---,4,0,0,0,---,NO PLAY,---,9,0,0,0,---,HARD CLEAR,---,12,0,0,0,---,HARD CLEAR,---,0,0,0,0,---,NO PLAY,---,2025-09-23 12:30
Lincle,Quick Silver,RAVE FUSION,Mystic Moon,0,0,0,0,0,---,NO PLAY,---,5,0,0,0,---,NO PLAY,---,9,0,0,0,---,NO PLAY,---,11,0,0,0,---,HARD CLEAR,---,0,0,0,0,---,NO PLAY,---,2025-09-23 12:30
Lincle,Release The Music,TECH DANCE,kors k,0,0,0,0,0,---,NO PLAY,---,4,0,0,0,---,NO PLAY,---,7,0,0,0,---,NO PLAY,---,10,0,0,0,---,HARD CLEAR,---,0,0,0,0,---,NO PLAY,---,2025-09-23 12:30
Lincle,Round and Round,HYPER ELECTRO,Masayoshi Minoshima feat. 綾倉盟,0,0,0,0,0,---,NO PLAY,---,4,0,0,0,---,NO PLAY,---,6,0,0,0,---,NO PLAY,---,9,0,0,0,---,HARD CLEAR,---,0,0,0,0,---,NO PLAY,---,2025-09-23 12:30
Lincle,SA.YO.NA.RA. SUPER STAR,ONLY ONE FINALE,SUPER STAR 満-MITSURU-,0,0,0,0,0,---,NO PLAY,---,4,0,0,0,---,NO PLAY,---,8,0,0,0,---,NO PLAY,---,10,0,0,0,---,HARD CLEAR,---,0,0,0,0,---,NO PLAY,---,2025-09-23 12:30
Lincle,Scharfrichter,HARD ROCK,Ashemu,0,0,0,0,0,---,NO PLAY,---,5,0,0,0,---,NO PLAY,---,9,0,0,0,---,ASSIST CLEAR,---,11,0,0,0,---,HARD CLEAR,---,0,0,0,0,---,NO PLAY,---,2025-09-23 12:30
Lincle,Several Words,VALIANT BEAT,CAPACITY GATE,0,0,0,0,0,---,NO PLAY,---,4,0,0,0,---,NO PLAY,---,8,0,0,0,---,ASSIST CLEAR,---,10,0,0,0,---,ASSIST CLEAR,---,0,0,0,0,---,NO PLAY,---,2025-09-23 12:30
Lincle,SHADE,TECHNO,DJ MURASAME vs dj Killer,0,0,0,0,0,---,NO PLAY,---,5,0,0,0,---,NO PLAY,---,9,0,0,0,---,ASSIST CLEAR,---,11,0,0,0,---,HARD CLEAR,---,0,0,0,0,---,NO PLAY,---,2025-09-23 12:30
Lincle,Snake Stick,TECH-BREAKBEATS,DJ Yoshitaka VS. DJ Mass MAD Izm*,0,0,0,0,0,---,NO PLAY,---,6,0,0,0,---,NO PLAY,---,10,0,0,0,---,HARD CLEAR,---,12,0,0,0,---,HARD CLEAR,---,0,0,0,0,---,NO PLAY,---,2025-09-23 12:30
Lincle,Snow Goose,ELECTRIC POMP,Mutsuhiko Izumi,0,2,0,0,0,---,NO PLAY,---,3,0,0,0,---,NO PLAY,---,8,0,0,0,---,CLEAR,---,11,0,0,0,---,HARD CLEAR,---,0,0,0,0,---,NO PLAY,---,2025-09-23 12:30
Lincle,Star Trail,TRANCE,Nhato,0,0,0,0,0,---,NO PLAY,---,4,0,0,0,---,ASSIST CLEAR,---,7,0,0,0,---,ASSIST CLEAR,---,10,0,0,0,---,HARD CLEAR,---,11,0,0,0,---,HARD CLEAR,---,2025-09-23 12:30
Lincle,The Limbo,CYBER PUNK,STN,0,0,0,0,0,---,NO PLAY,---,6,0,0,0,---,NO PLAY,---,10,0,0,0,---,EASY CLEAR,---,12,0,0,0,---,HARD CLEAR,---,12,0,0,0,---,FAILED,---,2025-09-23 12:30
Lincle,The Sampling Paradise,HARD TRANCE,Mamonis,0,0,0,0,0,---,NO PLAY,---,5,0,0,0,---,NO PLAY,---,9,0,0,0,---,EASY CLEAR,---,12,0,0,0,---,HARD CLEAR,---,0,0,0,0,---,NO PLAY,---,2025-09-23 12:30
Lincle,Thunderbolt,RAVERS DANCE SPEED,雷龍,0,0,0,0,0,---,NO PLAY,---,5,0,0,0,---,NO PLAY,---,9,0,0,0,---,ASSIST CLEAR,---,12,0,0,0,---,HARD CLEAR,---,0,0,0,0,---,NO PLAY,---,2025-09-23 12:30
Lincle,TITANS RETURN,DRUMSTEP,L.E.D.,0,2,0,0,0,---,ASSIST CLEAR,---,4,0,0,0,---,NO PLAY,---,8,0,0,0,---,ASSIST CLEAR,---,11,0,0,0,---,HARD CLEAR,---,12,0,0,0,---,EASY CLEAR,---,2025-09-23 12:30
Lincle,Todestrieb,SACRED TRANCE,Rche,0,0,0,0,0,---,NO PLAY,---,5,0,0,0,---,NO PLAY,---,9,0,0,0,---,ASSIST CLEAR,---,12,0,0,0,---,HARD CLEAR,---,0,0,0,0,---,NO PLAY,---,2025-09-23 12:30
Lincle,Voxane,TECH DANCE,Remo-con,0,0,0,0,0,---,NO PLAY,---,3,0,0,0,---,NO PLAY,---,7,0,0,0,---,NO PLAY,---,9,0,0,0,---,FULLCOMBO CLEAR,---,0,0,0,0,---,NO PLAY,---,2025-09-23 12:30
Lincle,WONDER WALKER,HARD TRANCE,L.E.D.,0,0,0,0,0,---,NO PLAY,---,5,0,0,0,---,NO PLAY,---,9,0,0,0,---,EASY CLEAR,---,12,0,0,0,---,HARD CLEAR,---,0,0,0,0,---,NO PLAY,---,2025-09-23 12:30
Lincle,YAKSHA,TERROR CORE,Neulakyussra,0,0,0,0,0,---,NO PLAY,---,6,0,0,0,---,NO PLAY,---,10,0,0,0,---,EASY CLEAR,---,12,0,0,0,---,HARD CLEAR,---,0,0,0,0,---,NO PLAY,---,2025-09-23 12:30
Lincle,yellow head joe,TEK-TRANCE,S-C-U,0,0,0,0,0,---,NO PLAY,---,4,0,0,0,---,NO PLAY,---,8,0,0,0,---,ASSIST CLEAR,---,10,0,0,0,---,HARD CLEAR,---,12,0,0,0,---,HARD CLEAR,---,2025-09-23 12:30
Lincle,Yellow Sunrise,DRUM'N'BASS,xac,0,0,0,0,0,---,NO PLAY,---,4,0,0,0,---,NO PLAY,---,7,0,0,0,---,NO PLAY,---,10,0,0,0,---,EASY CLEAR,---,0,0,0,0,---,NO PLAY,---,2025-09-23 12:30
Lincle,ビューティフルレシート,HAPPY HARDCORE,Lucky Vacuum,0,1,0,0,0,---,NO PLAY,---,3,0,0,0,---,NO PLAY,---,8,0,0,0,---,NO PLAY,---,10,0,0,0,---,HARD CLEAR,---,0,0,0,0,---,NO PLAY,---,2025-09-23 12:30
Lincle,ユミル,SYMPHONIC-TEK,MYTHOLOGIA by MLREC.,0,0,0,0,0,---,NO PLAY,---,3,0,0,0,---,NO PLAY,---,7,0,0,0,---,ASSIST CLEAR,---,11,0,0,0,---,HARD CLEAR,---,0,0,0,0,---,NO PLAY,---,2025-09-23 12:30
Lincle,君のハートにロックオン,トレンディーフュージョン,Dr.Honda,0,0,0,0,0,---,NO PLAY,---,4,0,0,0,---,NO PLAY,---,9,0,0,0,---,NO PLAY,---,11,0,0,0,---,HARD CLEAR,---,12,0,0,0,---,EASY CLEAR,---,2025-09-23 12:30
Lincle,天空の夜明け,ANTHEM,Cuvelia,0,0,0,0,0,---,NO PLAY,---,7,0,0,0,---,CLEAR,---,10,0,0,0,---,CLEAR,---,12,0,0,0,---,CLEAR,---,0,0,0,0,---,NO PLAY,---,2025-09-23 12:30
Lincle,子供の落書き帳,PROGRESSIVE,佐々木博史,0,0,0,0,0,---,NO PLAY,---,6,0,0,0,---,NO PLAY,---,10,0,0,0,---,EASY CLEAR,---,12,0,0,0,---,HARD CLEAR,---,0,0,0,0,---,NO PLAY,---,2025-09-23 12:30
Lincle,恋する☆宇宙戦争っ！！,Hi-BLEEP,Prim,0,2,0,0,0,---,NO PLAY,---,5,0,0,0,---,ASSIST CLEAR,---,8,0,0,0,---,ASSIST CLEAR,---,12,0,0,0,---,HARD CLEAR,---,12,0,0,0,---,EASY CLEAR,---,2025-09-23 12:30
Lincle,突撃!ガラスのニーソ姫!,電波,山本椛 (monotone),0,0,0,0,0,---,NO PLAY,---,4,0,0,0,---,NO PLAY,---,7,0,0,0,---,NO PLAY,---,10,0,0,0,---,HARD CLEAR,---,0,0,0,0,---,NO PLAY,---,2025-09-23 12:30
Lincle,聖人の塔,BATTLE TRACK,Beridzebeth,0,0,0,0,0,---,NO PLAY,---,6,0,0,0,---,NO PLAY,---,10,0,0,0,---,EASY CLEAR,---,12,0,0,0,---,HARD CLEAR,---,0,0,0,0,---,NO PLAY,---,2025-09-23 12:30
Lincle,蛇神,ORIENTAL MYTHOLOGY,Zektbach,0,2,0,0,0,---,NO PLAY,---,4,0,0,0,---,NO PLAY,---,8,0,0,0,---,ASSIST CLEAR,---,11,0,0,0,---,HARD CLEAR,---,12,0,0,0,---,EASY CLEAR,---,2025-09-23 12:30
Lincle,衰色小町メランコリア,NEO CLASSICAL DANCE,iNO,0,0,0,0,0,---,NO PLAY,---,4,0,0,0,---,NO PLAY,---,7,0,0,0,---,NO PLAY,---,10,0,0,0,---,HARD CLEAR,---,0,0,0,0,---,NO PLAY,---,2025-09-23 12:30
Lincle,陽炎,POP,星野奏子,0,0,0,0,0,---,NO PLAY,---,3,0,0,0,---,NO PLAY,---,6,0,0,0,---,NO PLAY,---,9,0,0,0,---,FULLCOMBO CLEAR,---,0,0,0,0,---,NO PLAY,---,2025-09-23 12:30
tricoro,405nm (Ryu☆mix),HARDCORE,Another Infinity,0,0,0,0,0,---,NO PLAY,---,5,0,0,0,---,NO PLAY,---,9,0,0,0,---,NO PLAY,---,11,0,0,0,---,HARD CLEAR,---,0,0,0,0,---,NO PLAY,---,2025-09-23 12:30
tricoro,8bit Princess,CHIPTUNE,seiya-murai feat. ALT,0,0,0,0,0,---,NO PLAY,---,3,0,0,0,---,NO PLAY,---,6,0,0,0,---,NO PLAY,---,10,0,0,0,---,HARD CLEAR,---,0,0,0,0,---,NO PLAY,---,2025-09-23 12:30
tricoro,Ascalon,ELECTRO POP,Qrispy Joybox,0,0,0,0,0,---,NO PLAY,---,5,0,0,0,---,NO PLAY,---,8,0,0,0,---,ASSIST CLEAR,---,10,0,0,0,---,HARD CLEAR,---,0,0,0,0,---,NO PLAY,---,2025-09-23 12:30
tricoro,Beastie Starter,SPEEDCORE,GUHROOVY,0,0,0,0,0,---,NO PLAY,---,3,0,0,0,---,NO PLAY,---,7,0,0,0,---,ASSIST CLEAR,---,11,0,0,0,---,HARD CLEAR,---,0,0,0,0,---,NO PLAY,---,2025-09-23 12:30
tricoro,BLUE STRAGGLER,HARD DANCE,L.E.D.,0,0,0,0,0,---,NO PLAY,---,4,0,0,0,---,NO PLAY,---,7,0,0,0,---,NO PLAY,---,10,0,0,0,---,HARD CLEAR,---,0,0,0,0,---,NO PLAY,---,2025-09-23 12:30
tricoro,BRAVE GLOW,SPACY TRANCE,SOUND HOLIC feat. Nana Takahashi,0,0,0,0,0,---,NO PLAY,---,4,0,0,0,---,NO PLAY,---,8,0,0,0,---,ASSIST CLEAR,---,10,0,0,0,---,HARD CLEAR,---,0,0,0,0,---,NO PLAY,---,2025-09-23 12:30
tricoro,CONCEPTUAL,HARD REVOLUTION,Sota Fujimori 2nd Season,0,0,0,0,0,---,NO PLAY,---,5,0,0,0,---,NO PLAY,---,7,0,0,0,---,ASSIST CLEAR,---,11,0,0,0,---,HARD CLEAR,---,0,0,0,0,---,NO PLAY,---,2025-09-23 12:30
tricoro,Confiserie,HARD ELECTRIC POP,L.E.D. vs S-C-U,0,0,0,0,0,---,NO PLAY,---,5,0,0,0,---,ASSIST CLEAR,---,10,0,0,0,---,CLEAR,---,12,0,0,0,---,EASY CLEAR,---,0,0,0,0,---,NO PLAY,---,2025-09-23 12:30
tricoro,connective,LOUNGE POP,猫叉Master feat.*spiLa*,0,0,0,0,0,---,NO PLAY,---,2,0,0,0,---,NO PLAY,---,6,0,0,0,---,NO PLAY,---,8,0,0,0,---,ASSIST CLEAR,---,0,0,0,0,---,NO PLAY,---,2025-09-23 12:30
tricoro,Cookie Bouquets,BREAK CORE,L.E.D. vs TOMOSUKE fw.crimm,1,0,0,0,0,---,NO PLAY,---,5,0,0,0,---,NO PLAY,---,9,0,0,0,---,ASSIST CLEAR,---,11,2609,1076,457,57,HARD CLEAR,A,0,0,0,0,---,NO PLAY,---,2025-10-04 14:27
tricoro,DAY DREAM,DARK PROGRESSIVE,Mutsuhiko Izumi,0,0,0,0,0,---,NO PLAY,---,5,0,0,0,---,NO PLAY,---,10,0,0,0,---,EASY CLEAR,---,12,0,0,0,---,CLEAR,---,0,0,0,0,---,NO PLAY,---,2025-09-23 12:30
tricoro,Devilz Staircase,SYMPHONIC BREAK BEATS,OSTER project,0,0,0,0,0,---,NO PLAY,---,3,0,0,0,---,NO PLAY,---,10,0,0,0,---,ASSIST CLEAR,---,12,0,0,0,---,HARD CLEAR,---,0,0,0,0,---,NO PLAY,---,2025-09-23 12:30
tricoro,Elemental Creation,HARD RENAISSANCE,dj TAKA meets DJ YOSHITAKA,0,1,0,0,0,---,NO PLAY,---,7,0,0,0,---,CLEAR,---,10,0,0,0,---,EASY CLEAR,---,12,0,0,0,---,EASY CLEAR,---,0,0,0,0,---,NO PLAY,---,2025-09-23 12:30
tricoro,examination leave,VACATION DANCE,dj razzle dazzle,0,0,0,0,0,---,NO PLAY,---,6,0,0,0,---,NO PLAY,---,9,0,0,0,---,ASSIST CLEAR,---,11,0,0,0,---,HARD CLEAR,---,0,0,0,0,---,NO PLAY,---,2025-09-23 12:30
tricoro,FLOWER,TRANCE CORE,DJ YOSHITAKA,0,2,0,0,0,---,NO PLAY,---,6,0,0,0,---,NO PLAY,---,9,0,0,0,---,NO PLAY,---,11,0,0,0,---,HARD CLEAR,---,0,0,0,0,---,NO PLAY,---,2025-09-23 12:30
tricoro,Fly you to the star,HANDZ UP,Another Infinity feat. Mayumi Morinaga,0,0,0,0,0,---,NO PLAY,---,4,0,0,0,---,NO PLAY,---,8,0,0,0,---,NO PLAY,---,10,0,0,0,---,HARD CLEAR,---,0,0,0,0,---,NO PLAY,---,2025-09-23 12:30
tricoro,GAIA,SPEED DANCE,猫叉L.E.D.Master+,0,0,0,0,0,---,NO PLAY,---,5,0,0,0,---,NO PLAY,---,10,0,0,0,---,EASY CLEAR,---,12,0,0,0,---,HARD CLEAR,---,0,0,0,0,---,NO PLAY,---,2025-09-23 12:30
tricoro,GRADIUS 2012,KONAMI REMIX,Sota Fujimori,0,0,0,0,0,---,NO PLAY,---,5,0,0,0,---,NO PLAY,---,8,0,0,0,---,ASSIST CLEAR,---,10,0,0,0,---,HARD CLEAR,---,0,0,0,0,---,NO PLAY,---,2025-09-23 12:30
tricoro,Hollywood Galaxy,DRUM'N'BASS,dj TAKA,0,0,0,0,0,---,NO PLAY,---,5,0,0,0,---,NO PLAY,---,10,0,0,0,---,EASY CLEAR,---,12,0,0,0,---,HARD CLEAR,---,0,0,0,0,---,NO PLAY,---,2025-09-23 12:30
tricoro,Howling,NU RAVE,PON,0,0,0,0,0,---,NO PLAY,---,4,0,0,0,---,NO PLAY,---,7,0,0,0,---,NO PLAY,---,9,0,0,0,---,HARD CLEAR,---,10,0,0,0,---,HARD CLEAR,---,2025-09-23 12:30
tricoro,I know You know,NEW 80's,Suke+Suke feat.Ribbon,0,0,0,0,0,---,NO PLAY,---,3,0,0,0,---,NO PLAY,---,6,0,0,0,---,NO PLAY,---,9,0,0,0,---,HARD CLEAR,---,0,0,0,0,---,NO PLAY,---,2025-09-23 12:30
tricoro,ILIAS,HYPER ELECTRO,Masayoshi Minoshima feat. 坂上なち,0,0,0,0,0,---,NO PLAY,---,4,0,0,0,---,NO PLAY,---,7,0,0,0,---,ASSIST CLEAR,---,10,0,0,0,---,HARD CLEAR,---,0,0,0,0,---,NO PLAY,---,2025-09-23 12:30
tricoro,Illegal Function Call,ORBITALIC CORE,U1-ASAMi,0,0,0,0,0,---,NO PLAY,---,5,0,0,0,---,NO PLAY,---,9,0,0,0,---,NO PLAY,---,11,0,0,0,---,HARD CLEAR,---,12,0,0,0,---,FAILED,---,2025-09-23 12:30
tricoro,In Heaven,HEAVENLY TRANCE,Sota Fujimori,0,0,0,0,0,---,NO PLAY,---,4,0,0,0,---,NO PLAY,---,7,0,0,0,---,NO PLAY,---,9,0,0,0,---,HARD CLEAR,---,0,0,0,0,---,NO PLAY,---,2025-09-23 12:30
tricoro,JOMANDA,HARD RENAISSANCE,DJ YOSHITAKA,0,1,0,0,0,---,NO PLAY,---,6,0,0,0,---,NO PLAY,---,10,0,0,0,---,EASY CLEAR,---,12,0,0,0,---,EASY CLEAR,---,0,0,0,0,---,NO PLAY,---,2025-09-23 12:30
tricoro,Liberation,TRANCE,dj TAKA,0,0,0,0,0,---,NO PLAY,---,6,0,0,0,---,NO PLAY,---,9,0,0,0,---,EASY CLEAR,---,12,0,0,0,---,HARD CLEAR,---,0,0,0,0,---,NO PLAY,---,2025-09-23 12:30
tricoro,Light and Cyber…,HAPPY HARDCORE,Tatsh,0,0,0,0,0,---,NO PLAY,---,5,0,0,0,---,NO PLAY,---,9,0,0,0,---,CLEAR,---,11,0,0,0,---,HARD CLEAR,---,0,0,0,0,---,NO PLAY,---,2025-09-23 12:30
tricoro,Little Star,J-CORE,REDALiCE feat. Ayumi Nomiya,0,0,0,0,0,---,NO PLAY,---,5,0,0,0,---,ASSIST CLEAR,---,8,0,0,0,---,ASSIST CLEAR,---,12,0,0,0,---,HARD CLEAR,---,0,0,0,0,---,NO PLAY,---,2025-09-23 12:30
tricoro,LUV CAN SAVE U,NEO 80's EURO ELECTRO,HIDEKI NAGANUMA,0,0,0,0,0,---,NO PLAY,---,3,0,0,0,---,NO PLAY,---,7,0,0,0,---,NO PLAY,---,9,0,0,0,---,HARD CLEAR,---,10,0,0,0,---,HARD CLEAR,---,2025-09-23 12:30
tricoro,mnemoniq,JAZZ HOUSE,youhei shimizu,0,0,0,0,0,---,NO PLAY,---,4,0,0,0,---,NO PLAY,---,5,0,0,0,---,FAILED,---,8,0,0,0,---,HARD CLEAR,---,0,0,0,0,---,NO PLAY,---,2025-09-23 12:30
tricoro,Neonlights,TECH DANCE,DJ Noriken,0,0,0,0,0,---,NO PLAY,---,4,0,0,0,---,NO PLAY,---,8,0,0,0,---,ASSIST CLEAR,---,10,0,0,0,---,HARD CLEAR,---,0,0,0,0,---,NO PLAY,---,2025-09-23 12:30
tricoro,neu,NIENTE,少年ラジオ,0,1,0,0,0,---,NO PLAY,---,6,0,0,0,---,NO PLAY,---,10,0,0,0,---,EASY CLEAR,---,12,0,0,0,---,HARD CLEAR,---,0,0,0,0,---,NO PLAY,---,2025-09-23 12:30
tricoro,New Decade IIDX Edition,SPEED DANCE CORE,Sota F.,0,1,0,0,0,---,NO PLAY,---,5,0,0,0,---,NO PLAY,---,9,0,0,0,---,CLEAR,---,11,0,0,0,---,HARD CLEAR,---,0,0,0,0,---,NO PLAY,---,2025-09-23 12:30
tricoro,New Lights,HARDCORE,kors k,0,0,0,0,0,---,NO PLAY,---,6,0,0,0,---,ASSIST CLEAR,---,9,0,0,0,---,ASSIST CLEAR,---,10,0,0,0,---,HARD CLEAR,---,0,0,0,0,---,NO PLAY,---,2025-09-23 12:30
tricoro,Plan 8,HAPPY GABBA,Ryu☆,0,0,0,0,0,---,NO PLAY,---,6,0,0,0,---,ASSIST CLEAR,---,10,0,0,0,---,CLEAR,---,12,0,0,0,---,FAILED,---,0,0,0,0,---,NO PLAY,---,2025-09-23 12:30
tricoro,planarian,ELECTRIC POP,S-C-U,0,0,0,0,0,---,NO PLAY,---,4,0,0,0,---,NO PLAY,---,8,0,0,0,---,ASSIST CLEAR,---,10,0,0,0,---,HARD CLEAR,---,0,0,0,0,---,NO PLAY,---,2025-09-23 12:30
tricoro,POINT ZERO,DRUM'N'BASS,猫叉Master+,0,0,0,0,0,---,NO PLAY,---,4,0,0,0,---,ASSIST CLEAR,---,7,0,0,0,---,ASSIST CLEAR,---,10,0,0,0,---,HARD CLEAR,---,0,0,0,0,---,NO PLAY,---,2025-09-23 12:30
tricoro,Praludium,CLASSICAL PIANO,Yuko Takahashi,0,0,0,0,0,---,NO PLAY,---,4,0,0,0,---,NO PLAY,---,8,0,0,0,---,ASSIST CLEAR,---,10,0,0,0,---,HARD CLEAR,---,0,0,0,0,---,NO PLAY,---,2025-09-23 12:30
tricoro,Proof of the existence,HARD ELECTRONICA,猫叉Master+,0,0,0,0,0,---,NO PLAY,---,6,0,0,0,---,ASSIST CLEAR,---,10,0,0,0,---,EASY CLEAR,---,12,0,0,0,---,HARD CLEAR,---,0,0,0,0,---,NO PLAY,---,2025-09-23 12:30
tricoro,Rainbow after snow,DRUM'N'BASS,猫叉Master feat.林ももこ,0,0,0,0,0,---,NO PLAY,---,4,0,0,0,---,NO PLAY,---,7,0,0,0,---,NO PLAY,---,10,0,0,0,---,HARD CLEAR,---,0,0,0,0,---,NO PLAY,---,2025-09-23 12:30
tricoro,Re:GENERATION,EMOTIONAL SENTENCE,TAG feat. ERi,0,1,0,0,0,---,NO PLAY,---,5,0,0,0,---,NO PLAY,---,8,0,0,0,---,NO PLAY,---,10,0,0,0,---,HARD CLEAR,---,0,0,0,0,---,NO PLAY,---,2025-09-23 12:30
tricoro,Reflection Into the EDEN,BOSSA ELECTRONICA,猫叉Master,0,0,0,0,0,---,NO PLAY,---,4,0,0,0,---,NO PLAY,---,7,0,0,0,---,NO PLAY,---,10,0,0,0,---,HARD CLEAR,---,0,0,0,0,---,NO PLAY,---,2025-09-23 12:30
tricoro,rumrum triplets,LOUNGECORE,yu_tokiwa.djw,0,0,0,0,0,---,NO PLAY,---,5,0,0,0,---,NO PLAY,---,10,0,0,0,---,EASY CLEAR,---,11,0,0,0,---,HARD CLEAR,---,0,0,0,0,---,NO PLAY,---,2025-09-23 12:30
tricoro,S!ck,DRUMSTEP,Eagle,0,0,0,0,0,---,NO PLAY,---,5,0,0,0,---,ASSIST CLEAR,---,8,0,0,0,---,ASSIST CLEAR,---,11,0,0,0,---,HARD CLEAR,---,0,0,0,0,---,NO PLAY,---,2025-09-23 12:30
tricoro,Saturn,PROGRESSIVE TRIBAL,Mr.Saturn,0,0,0,0,0,---,NO PLAY,---,7,0,0,0,---,ASSIST CLEAR,---,10,0,0,0,---,EASY CLEAR,---,11,0,0,0,---,HARD CLEAR,---,12,0,0,0,---,EASY CLEAR,---,2025-09-23 12:30
tricoro,Shining World,ELECTRO POP,DJ Genki feat. Yukacco,0,0,0,0,0,---,NO PLAY,---,6,0,0,0,---,NO PLAY,---,8,0,0,0,---,NO PLAY,---,9,0,0,0,---,HARD CLEAR,---,0,0,0,0,---,NO PLAY,---,2025-09-23 12:30
tricoro,SHION,HI-SPEED FANTASY TUNE,DJ YOSHITAKA,0,0,0,0,0,---,NO PLAY,---,4,0,0,0,---,NO PLAY,---,7,0,0,0,---,ASSIST CLEAR,---,10,0,0,0,---,HARD CLEAR,---,0,0,0,0,---,NO PLAY,---,2025-09-23 12:30
tricoro,Sol Cosine Job 2,FREEFORM HARDCORE,DJ TECHNORCH,0,0,0,0,0,---,NO PLAY,---,6,0,0,0,---,ASSIST CLEAR,---,9,0,0,0,---,CLEAR,---,12,0,0,0,---,HARD CLEAR,---,0,0,0,0,---,NO PLAY,---,2025-09-23 12:30
tricoro,STULTI,GRAVIOL,MAX MAXIMIZER VS DJ TOTTO,0,0,0,0,0,---,NO PLAY,---,5,0,0,0,---,NO PLAY,---,10,0,0,0,---,EASY CLEAR,---,12,0,0,0,---,HARD CLEAR,---,0,0,0,0,---,NO PLAY,---,2025-09-23 12:30
tricoro,SYNC-ANTHEM,LATIN EURO,Tatsh feat. 星野奏子,0,0,0,0,0,---,NO PLAY,---,5,0,0,0,---,FAILED,---,10,0,0,0,---,EASY CLEAR,---,12,0,0,0,---,HARD CLEAR,---,0,0,0,0,---,NO PLAY,---,2025-09-23 12:30
tricoro,Synergy For Angels,ORBITALIC REVOLUTION,TAG×U1-ASAMi,0,0,0,0,0,---,NO PLAY,---,4,0,0,0,---,NO PLAY,---,8,0,0,0,---,ASSIST CLEAR,---,11,0,0,0,---,HARD CLEAR,---,0,0,0,0,---,NO PLAY,---,2025-09-23 12:30
tricoro,Take My Life,EUROBEAT,Y&Co.,0,0,0,0,0,---,NO PLAY,---,5,0,0,0,---,NO PLAY,---,8,0,0,0,---,ASSIST CLEAR,---,11,0,0,0,---,HARD CLEAR,---,0,0,0,0,---,NO PLAY,---,2025-09-23 12:30
tricoro,Thor's Hammer,TRANSCENDENTAL ETUDES,ユニバーサル度胸兄弟,0,0,0,0,0,---,NO PLAY,---,5,0,0,0,---,NO PLAY,---,10,0,0,0,---,EASY CLEAR,---,12,0,0,0,---,EASY CLEAR,---,0,0,0,0,---,NO PLAY,---,2025-09-23 12:30
tricoro,Time To Empress,TRANCE,dj TAKA feat.wac & secret K,0,0,0,0,0,---,NO PLAY,---,4,0,0,0,---,NO PLAY,---,9,0,0,0,---,FAILED,---,10,0,0,0,---,HARD CLEAR,---,0,0,0,0,---,NO PLAY,---,2025-09-23 12:30
tricoro,Timepiece phase II,PROGRESSIVE ROCK,佐々木博史,2,0,0,0,0,---,NO PLAY,---,5,0,0,0,---,NO PLAY,---,10,0,0,0,---,HARD CLEAR,---,12,2256,883,490,49,HARD CLEAR,A,0,0,0,0,---,NO PLAY,---,2025-10-11 13:17
tricoro,Timepiece phase II (CN Ver.),PROGRESSIVE ROCK,佐々木博史,0,0,0,0,0,---,NO PLAY,---,6,0,0,0,---,NO PLAY,---,10,0,0,0,---,HARD CLEAR,---,12,0,0,0,---,EASY CLEAR,---,0,0,0,0,---,NO PLAY,---,2025-09-23 12:30
tricoro,True Blue,ESSENTIALLY,dj TAKA feat.AiMEE,0,0,0,0,0,---,NO PLAY,---,5,0,0,0,---,NO PLAY,---,10,0,0,0,---,EASY CLEAR,---,12,0,0,0,---,HARD CLEAR,---,0,0,0,0,---,NO PLAY,---,2025-09-23 12:30
tricoro,Valanga,ART CORE,DJ TOTTO,0,0,0,0,0,---,NO PLAY,---,7,0,0,0,---,ASSIST CLEAR,---,10,0,0,0,---,EASY CLEAR,---,12,0,0,0,---,HARD CLEAR,---,0,0,0,0,---,NO PLAY,---,2025-09-23 12:30
tricoro,VALLIS-NERIA,TRANCE CORE,DJ YOSHITAKA,0,1,0,0,0,---,NO PLAY,---,6,0,0,0,---,ASSIST CLEAR,---,10,0,0,0,---,EASY CLEAR,---,11,0,0,0,---,HARD CLEAR,---,0,0,0,0,---,NO PLAY,---,2025-09-23 12:30
tricoro,VEGA,UNIVERSAL J-CORE,REDALiCE,0,0,0,0,0,---,NO PLAY,---,5,0,0,0,---,ASSIST CLEAR,---,9,0,0,0,---,ASSIST CLEAR,---,11,0,0,0,---,HARD CLEAR,---,0,0,0,0,---,NO PLAY,---,2025-09-23 12:30
tricoro,ZED,DUB STEP,USAO,0,0,0,0,0,---,NO PLAY,---,5,0,0,0,---,ASSIST CLEAR,---,8,0,0,0,---,ASSIST CLEAR,---,11,0,0,0,---,HARD CLEAR,---,0,0,0,0,---,NO PLAY,---,2025-09-23 12:30
tricoro,Zirkfied,SPACE REQUIEM,iconoclasm,0,0,0,0,0,---,NO PLAY,---,5,0,0,0,---,NO PLAY,---,10,0,0,0,---,ASSIST CLEAR,---,12,0,0,0,---,CLEAR,---,0,0,0,0,---,NO PLAY,---,2025-09-23 12:30
tricoro,ΕΛΠΙΣ,ROMANTIC SCHOOL VARIATIONS,dj TAKA,1,0,0,0,0,---,NO PLAY,---,6,0,0,0,---,NO PLAY,---,10,0,0,0,---,HARD CLEAR,---,12,1879,695,489,125,HARD CLEAR,B,12,0,0,0,---,HARD CLEAR,---,2025-09-23 17:44
tricoro,†渚の小悪魔ラヴリィ～レイディオ†(IIDX EDIT),Hi-CORE,夏色ビキニのPrim,0,1,0,0,0,---,NO PLAY,---,3,0,0,0,---,NO PLAY,---,9,0,0,0,---,EASY CLEAR,---,12,0,0,0,---,HARD CLEAR,---,0,0,0,0,---,NO PLAY,---,2025-09-23 12:30
tricoro,お米の美味しい炊き方、そしてお米を食べることによるその効果。,お米タル,大日本鉄倶楽部【あさき＆９６】,0,0,0,0,0,---,NO PLAY,---,5,0,0,0,---,NO PLAY,---,8,0,0,0,---,ASSIST CLEAR,---,10,0,0,0,---,EASY CLEAR,---,12,0,0,0,---,EASY CLEAR,---,2025-09-23 12:30
tricoro,たまゆら,PROGRESSIVE,佐々木博史,0,0,0,0,0,---,NO PLAY,---,7,0,0,0,---,ASSIST CLEAR,---,10,0,0,0,---,EASY CLEAR,---,12,0,0,0,---,HARD CLEAR,---,0,0,0,0,---,NO PLAY,---,2025-09-23 12:30
tricoro,アストライアの双皿,ZODIAC ORACLE 7,ZODIACSYNDICATE,0,0,0,0,0,---,NO PLAY,---,4,0,0,0,---,NO PLAY,---,9,0,0,0,---,ASSIST CLEAR,---,12,0,0,0,---,HARD CLEAR,---,0,0,0,0,---,NO PLAY,---,2025-09-23 12:30
tricoro,カジノファイヤーことみちゃん,電波,ARM feat. 山本椛 + Brasscapsule,0,0,0,0,0,---,NO PLAY,---,4,0,0,0,---,NO PLAY,---,8,0,0,0,---,ASSIST CLEAR,---,11,0,0,0,---,HARD CLEAR,---,12,0,0,0,---,EASY CLEAR,---,2025-09-23 12:30
tricoro,キャトられ恋はモ～モク,Hi-ν BLEEP,ギュ～っとしたいPrim,0,0,0,0,0,---,NO PLAY,---,6,0,0,0,---,NO PLAY,---,10,0,0,0,---,EASY CLEAR,---,12,0,0,0,---,EASY CLEAR,---,0,0,0,0,---,NO PLAY,---,2025-09-23 12:30
tricoro,シュレーディンガーの猫,TOY CONTEMPORARY,Cait Sith,0,0,0,0,0,---,NO PLAY,---,6,0,0,0,---,NO PLAY,---,10,0,0,0,---,EASY CLEAR,---,12,0,0,0,---,HARD CLEAR,---,0,0,0,0,---,NO PLAY,---,2025-09-23 12:30
tricoro,トリカゴノ鳳凰,歌謡 DRUM & BASS,L.E.D. Vs. 幽閉サテライト,0,0,0,0,0,---,NO PLAY,---,6,0,0,0,---,NO PLAY,---,9,0,0,0,---,CLEAR,---,12,0,0,0,---,HARD CLEAR,---,0,0,0,0,---,NO PLAY,---,2025-09-23 12:30
tricoro,メイメツ、フラグメンツ,CYBER SYMPHONIC POP,中山真斗(Elements Garden)feat.桜川めぐ,0,0,0,0,0,---,NO PLAY,---,4,0,0,0,---,NO PLAY,---,8,0,0,0,---,ASSIST CLEAR,---,10,0,0,0,---,HARD CLEAR,---,0,0,0,0,---,NO PLAY,---,2025-09-23 12:30
tricoro,ラキラキ,LUCKY TECHNO,Mutsuhiko Izumi & S-C-U,0,0,0,0,0,---,NO PLAY,---,4,0,0,0,---,NO PLAY,---,8,0,0,0,---,ASSIST CLEAR,---,10,0,0,0,---,HARD CLEAR,---,0,0,0,0,---,NO PLAY,---,2025-09-23 12:30
tricoro,下弦の月,NEO CLASSICAL DANCE,iNO,0,0,0,0,0,---,NO PLAY,---,5,0,0,0,---,NO PLAY,---,7,0,0,0,---,NO PLAY,---,9,0,0,0,---,HARD CLEAR,---,0,0,0,0,---,NO PLAY,---,2025-09-23 12:30
tricoro,仮想空間の旅人たち,TECHNO,DJ MURASAME,0,0,0,0,0,---,NO PLAY,---,5,0,0,0,---,ASSIST CLEAR,---,9,0,0,0,---,NO PLAY,---,11,0,0,0,---,HARD CLEAR,---,12,0,0,0,---,HARD CLEAR,---,2025-09-23 12:30
tricoro,創世ノート,CREATOR,PON+wac,0,0,0,0,0,---,NO PLAY,---,4,0,0,0,---,NO PLAY,---,9,0,0,0,---,CLEAR,---,11,0,0,0,---,HARD CLEAR,---,0,0,0,0,---,NO PLAY,---,2025-09-23 12:30
tricoro,即席！脳直★ミュージックシステム,AKIBA-POP,MOSAIC.WAV,0,0,0,0,0,---,NO PLAY,---,6,0,0,0,---,NO PLAY,---,10,0,0,0,---,EASY CLEAR,---,12,0,0,0,---,HARD CLEAR,---,0,0,0,0,---,NO PLAY,---,2025-09-23 12:30
tricoro,朧,FASCINATION,HHH×MM×ST,0,1,0,0,0,---,NO PLAY,---,4,0,0,0,---,NO PLAY,---,7,0,0,0,---,NO PLAY,---,10,0,0,0,---,HARD CLEAR,---,11,0,0,0,---,HARD CLEAR,---,2025-09-23 12:30
tricoro,梅雪夜,想歌 梅,Qrispy Joybox feat.mao,0,0,0,0,0,---,NO PLAY,---,5,0,0,0,---,NO PLAY,---,7,0,0,0,---,NO PLAY,---,10,0,0,0,---,HARD CLEAR,---,0,0,0,0,---,NO PLAY,---,2025-09-23 12:30
tricoro,狂イ咲ケ焔ノ華,Hi-GOTH,覚醒ノPrim,0,0,0,0,0,---,NO PLAY,---,6,0,0,0,---,NO PLAY,---,10,0,0,0,---,EASY CLEAR,---,12,0,0,0,---,HARD CLEAR,---,0,0,0,0,---,NO PLAY,---,2025-09-23 12:30
tricoro,音楽,SILENT,弁士カンタビレオ,0,0,0,0,0,---,NO PLAY,---,5,0,0,0,---,NO PLAY,---,10,0,0,0,---,EASY CLEAR,---,12,0,0,0,---,HARD CLEAR,---,0,0,0,0,---,NO PLAY,---,2025-09-23 12:30
tricoro,龍と少女とデコヒーレンス,EPIC TECHNO,黒猫ダンジョン,0,0,0,0,0,---,NO PLAY,---,5,0,0,0,---,NO PLAY,---,8,0,0,0,---,NO PLAY,---,11,0,0,0,---,HARD CLEAR,---,12,0,0,0,---,HARD CLEAR,---,2025-09-23 12:30
SPADA,Adularia,ARTCORE,DJ TOTTO,1,1,0,0,0,---,NO PLAY,---,6,0,0,0,---,NO PLAY,---,10,0,0,0,---,EASY CLEAR,---,12,2205,924,357,14,HARD CLEAR,A,0,0,0,0,---,NO PLAY,---,2025-10-11 12:55
SPADA,ALBA -黎明-,HYPER GOTHIC BEAT,SOUND HOLIC feat. Nana Takahashi,0,0,0,0,0,---,NO PLAY,---,5,0,0,0,---,ASSIST CLEAR,---,8,0,0,0,---,ASSIST CLEAR,---,11,0,0,0,---,HARD CLEAR,---,12,0,0,0,---,HARD CLEAR,---,2025-09-23 12:30
SPADA,Ancient Scapes,DYNASTIC FREEFORM,Durandal,0,0,0,0,0,---,NO PLAY,---,6,0,0,0,---,NO PLAY,---,10,0,0,0,---,EASY CLEAR,---,12,0,0,0,---,HARD CLEAR,---,12,0,0,0,---,EASY CLEAR,---,2025-09-23 12:30
SPADA,ATHER,ASTRAL HARDCORE,TAG underground,0,0,0,0,0,---,NO PLAY,---,5,0,0,0,---,NO PLAY,---,8,0,0,0,---,HARD CLEAR,---,11,0,0,0,---,HARD CLEAR,---,12,0,0,0,---,CLEAR,---,2025-09-23 12:30
SPADA,BLUE DRAGON(雷龍RemixIIDX),RAVERS DANCE SPEED,青龍,0,0,0,0,0,---,NO PLAY,---,7,0,0,0,---,ASSIST CLEAR,---,10,0,0,0,---,EASY CLEAR,---,12,0,0,0,---,HARD CLEAR,---,0,0,0,0,---,NO PLAY,---,2025-09-23 12:30
SPADA,BRAINSTORM,TRANCECORE MEETS GABBA,Hardcore United Tokyo(teranoid & DJ TECHNORCH),1,0,0,0,0,---,NO PLAY,---,4,0,0,0,---,NO PLAY,---,10,0,0,0,---,EASY CLEAR,---,11,2185,879,427,39,HARD CLEAR,A,0,0,0,0,---,NO PLAY,---,2025-09-23 17:04
SPADA,BRAVE OUT,ELECTRANCE,nomico / DOWNFORCE,0,0,0,0,0,---,NO PLAY,---,5,0,0,0,---,NO PLAY,---,8,0,0,0,---,ASSIST CLEAR,---,10,0,0,0,---,HARD CLEAR,---,0,0,0,0,---,NO PLAY,---,2025-09-23 12:30
SPADA,Claiomh Solais,ILUZIO,DJ Yoshitaka VS S.S.D.,0,0,0,0,0,---,NO PLAY,---,2,0,0,0,---,NO PLAY,---,6,0,0,0,---,NO PLAY,---,9,0,0,0,---,EASY CLEAR,---,0,0,0,0,---,NO PLAY,---,2025-09-23 12:30
SPADA,Cleopatrysm,PHARAO BEAM STEP,ピラミッ℃,0,0,0,0,0,---,NO PLAY,---,4,0,0,0,---,NO PLAY,---,8,0,0,0,---,ASSIST CLEAR,---,11,0,0,0,---,HARD CLEAR,---,0,0,0,0,---,NO PLAY,---,2025-09-23 12:30
SPADA,Close the World feat.a☆ru,J-CORE,天叢雲剣,0,0,0,0,0,---,NO PLAY,---,5,0,0,0,---,NO PLAY,---,10,0,0,0,---,HARD CLEAR,---,12,0,0,0,---,HARD CLEAR,---,12,0,0,0,---,EASY CLEAR,---,2025-09-23 12:30
SPADA,Critical Crystal,DANCE SPEED,青龍,0,1,0,0,0,---,NO PLAY,---,6,0,0,0,---,NO PLAY,---,8,0,0,0,---,ASSIST CLEAR,---,11,0,0,0,---,HARD CLEAR,---,0,0,0,0,---,NO PLAY,---,2025-09-23 12:30
SPADA,DARK LEGACY,DARK ELEMENT,BaSTeT,0,0,0,0,0,---,NO PLAY,---,6,0,0,0,---,NO PLAY,---,9,0,0,0,---,HARD CLEAR,---,12,0,0,0,---,HARD CLEAR,---,0,0,0,0,---,NO PLAY,---,2025-09-23 12:30
SPADA,Devilz Sacrifice -贖罪の羊-,SYMPHONIC BREAK BEATS,OSTER project,0,0,0,0,0,---,NO PLAY,---,5,0,0,0,---,NO PLAY,---,9,0,0,0,---,EASY CLEAR,---,11,0,0,0,---,HARD CLEAR,---,0,0,0,0,---,NO PLAY,---,2025-09-23 12:30
SPADA,diagram,GLITCH HOP,Expander,0,0,0,0,0,---,NO PLAY,---,3,0,0,0,---,ASSIST CLEAR,---,7,0,0,0,---,ASSIST CLEAR,---,11,0,0,0,---,HARD CLEAR,---,0,0,0,0,---,NO PLAY,---,2025-09-23 12:30
SPADA,Elektrick U-Phoria,UK HARDCORE,DJ Noriken,0,0,0,0,0,---,NO PLAY,---,6,0,0,0,---,NO PLAY,---,9,0,0,0,---,ASSIST CLEAR,---,11,0,0,0,---,HARD CLEAR,---,12,0,0,0,---,EASY CLEAR,---,2025-09-23 12:30
SPADA,Element of SPADA,HEALING POP,猫叉Master feat.霜月はるか,0,0,0,0,0,---,NO PLAY,---,3,0,0,0,---,NO PLAY,---,7,0,0,0,---,NO PLAY,---,9,0,0,0,---,HARD CLEAR,---,11,0,0,0,---,EX HARD CLEAR,---,2025-09-23 12:30
SPADA,Engraved Mark,HAPPY SAD CORE,Ryu☆ ∞ Des-ROW,0,0,0,0,0,---,NO PLAY,---,4,0,0,0,---,NO PLAY,---,8,0,0,0,---,CLEAR,---,11,0,0,0,---,HARD CLEAR,---,0,0,0,0,---,NO PLAY,---,2025-09-23 12:30
SPADA,EXTREME MACH COLLIDER,TECHNO,L.E.D.,0,0,0,0,0,---,NO PLAY,---,5,0,0,0,---,NO PLAY,---,8,0,0,0,---,ASSIST CLEAR,---,11,0,0,0,---,HARD CLEAR,---,0,0,0,0,---,NO PLAY,---,2025-09-23 12:30
SPADA,Feel The Beat,HARDCORE RAVE,Falsion,0,0,0,0,0,---,NO PLAY,---,7,0,0,0,---,NO PLAY,---,10,0,0,0,---,HARD CLEAR,---,12,0,0,0,---,HARD CLEAR,---,12,0,0,0,---,EASY CLEAR,---,2025-09-23 12:30
SPADA,Funny shuffle,JAG GLITCH,猫叉Master+,0,0,0,0,0,---,NO PLAY,---,3,0,0,0,---,NO PLAY,---,6,0,0,0,---,NO PLAY,---,11,0,0,0,---,HARD CLEAR,---,0,0,0,0,---,NO PLAY,---,2025-09-23 12:30
SPADA,HYENA,BIG BEAT,Hommarju,0,0,0,0,0,---,NO PLAY,---,6,0,0,0,---,ASSIST CLEAR,---,9,0,0,0,---,EASY CLEAR,---,11,0,0,0,---,HARD CLEAR,---,12,0,0,0,---,EASY CLEAR,---,2025-09-23 12:30
SPADA,Hypersonik,DRUM&BASS,Eagle,0,0,0,0,0,---,NO PLAY,---,5,0,0,0,---,NO PLAY,---,8,0,0,0,---,NO PLAY,---,10,0,0,0,---,HARD CLEAR,---,0,0,0,0,---,NO PLAY,---,2025-09-23 12:30
SPADA,I will be back -オレは帰ってきた-,ONLY ONE MOMENT,SUPER STAR 満-MITSURU-,0,0,0,0,0,---,NO PLAY,---,6,0,0,0,---,ASSIST CLEAR,---,9,0,0,0,---,EASY CLEAR,---,11,0,0,0,---,HARD CLEAR,---,0,0,0,0,---,NO PLAY,---,2025-09-23 12:30
SPADA,Idola,REPLICANT CORE,iconoclasm feat.GUMI,0,0,0,0,0,---,NO PLAY,---,6,0,0,0,---,ASSIST CLEAR,---,10,0,0,0,---,ASSIST CLEAR,---,12,0,0,0,---,HARD CLEAR,---,0,0,0,0,---,NO PLAY,---,2025-09-23 12:30
SPADA,Insane Techniques,Hi-TECH FULL ON,kors k,0,0,0,0,0,---,NO PLAY,---,4,0,0,0,---,ASSIST CLEAR,---,7,0,0,0,---,NO PLAY,---,11,0,0,0,---,HARD CLEAR,---,0,0,0,0,---,NO PLAY,---,2025-09-23 12:30
SPADA,INSOMNIA,FUNKOT,ジャカルタファンクブラザーズ,1,0,0,0,0,---,NO PLAY,---,4,0,0,0,---,ASSIST CLEAR,---,8,0,0,0,---,HARD CLEAR,---,12,941,374,193,---,CLEAR,E,0,0,0,0,---,NO PLAY,---,2025-10-18 16:27
SPADA,into the battlefield,SYMPHONIC BREAKS,the wandering bard,0,0,0,0,0,---,NO PLAY,---,4,0,0,0,---,NO PLAY,---,8,0,0,0,---,ASSIST CLEAR,---,10,0,0,0,---,HARD CLEAR,---,0,0,0,0,---,NO PLAY,---,2025-09-23 12:30
SPADA,invoker,TRIBE CORE,Caladborg,0,0,0,0,0,---,NO PLAY,---,5,0,0,0,---,NO PLAY,---,9,0,0,0,---,ASSIST CLEAR,---,12,0,0,0,---,HARD CLEAR,---,12,0,0,0,---,EASY CLEAR,---,2025-09-23 12:30
SPADA,IX,BLOOD METAL,dj TAKA VS DJ TOTTO feat.藍,1,0,0,0,0,---,NO PLAY,---,6,0,0,0,---,NO PLAY,---,11,0,0,0,---,HARD CLEAR,---,12,2645,1034,577,120,FAILED,B,0,0,0,0,---,NO PLAY,---,2025-10-18 16:17
SPADA,KAISER PHOENIX,HEAVY METAL,96,2,0,0,0,0,---,NO PLAY,---,7,0,0,0,---,ASSIST CLEAR,---,10,0,0,0,---,HARD CLEAR,---,12,1024,424,176,---,CLEAR,E,12,0,0,0,---,FAILED,---,2025-10-11 13:22
SPADA,KHAMEN BREAK,PROGRESSIVE GOSPEL,くふおー,0,0,0,0,0,---,NO PLAY,---,3,0,0,0,---,NO PLAY,---,7,0,0,0,---,NO PLAY,---,11,0,0,0,---,HARD CLEAR,---,0,0,0,0,---,NO PLAY,---,2025-09-23 12:30
SPADA,Last Dance,HARD STACC,dj TAKA,0,0,0,0,0,---,NO PLAY,---,6,0,0,0,---,NO PLAY,---,10,0,0,0,---,CLEAR,---,12,0,0,0,---,HARD CLEAR,---,0,0,0,0,---,NO PLAY,---,2025-09-23 12:30
SPADA,Lighting Shower,TRANCE POP,TAG,0,0,0,0,0,---,NO PLAY,---,4,0,0,0,---,NO PLAY,---,7,0,0,0,---,ASSIST CLEAR,---,11,0,0,0,---,HARD CLEAR,---,0,0,0,0,---,NO PLAY,---,2025-09-23 12:30
SPADA,M.D.Injection,PIECED DOWNBEAT,Project B-,0,0,0,0,0,---,NO PLAY,---,3,0,0,0,---,NO PLAY,---,6,0,0,0,---,ASSIST CLEAR,---,10,0,0,0,---,HARD CLEAR,---,0,0,0,0,---,NO PLAY,---,2025-09-23 12:30
SPADA,m1dy Deluxe,TOKYO STYLE SPEEDCORE,m1dy,0,0,0,0,0,---,NO PLAY,---,6,0,0,0,---,NO PLAY,---,9,0,0,0,---,ASSIST CLEAR,---,11,0,0,0,---,HARD CLEAR,---,0,0,0,0,---,NO PLAY,---,2025-09-23 12:30
SPADA,MAD ATTACK,UPBEAT,HALFBY,0,0,0,0,0,---,NO PLAY,---,3,0,0,0,---,NO PLAY,---,6,0,0,0,---,NO PLAY,---,9,0,0,0,---,EASY CLEAR,---,12,0,0,0,---,HARD CLEAR,---,2025-09-23 12:30
SPADA,MAGIC & LOVE,HAPPY CORE,DJ Genki feat. Yukacco,0,0,0,0,0,---,NO PLAY,---,5,0,0,0,---,NO PLAY,---,9,0,0,0,---,ASSIST CLEAR,---,11,0,0,0,---,HARD CLEAR,---,0,0,0,0,---,NO PLAY,---,2025-09-23 12:30
SPADA,Miracle 5ympho X,FRENCHCORE,USAO,0,0,0,0,0,---,NO PLAY,---,5,0,0,0,---,ASSIST CLEAR,---,8,0,0,0,---,ASSIST CLEAR,---,10,0,0,0,---,EASY CLEAR,---,12,0,0,0,---,EASY CLEAR,---,2025-09-23 12:30
SPADA,NPC World,ELECTRO POP,PON,0,0,0,0,0,---,NO PLAY,---,5,0,0,0,---,NO PLAY,---,8,0,0,0,---,ASSIST CLEAR,---,10,0,0,0,---,EASY CLEAR,---,0,0,0,0,---,NO PLAY,---,2025-09-23 12:30
SPADA,Odin,GABBER,Noizenecio,0,0,0,0,0,---,NO PLAY,---,4,0,0,0,---,NO PLAY,---,7,0,0,0,---,ASSIST CLEAR,---,10,0,0,0,---,HARD CLEAR,---,0,0,0,0,---,NO PLAY,---,2025-09-23 12:30
SPADA,Overload Frontier,HARDCORE RAVE,DJ Shimamura,0,0,0,0,0,---,NO PLAY,---,5,0,0,0,---,NO PLAY,---,8,0,0,0,---,HARD CLEAR,---,11,0,0,0,---,HARD CLEAR,---,0,0,0,0,---,NO PLAY,---,2025-09-23 12:30
SPADA,Pharaoh,ANCIENT CIVILIZATION,劇団レコード,0,0,0,0,0,---,NO PLAY,---,3,0,0,0,---,NO PLAY,---,8,0,0,0,---,NO PLAY,---,11,0,0,0,---,HARD CLEAR,---,0,0,0,0,---,NO PLAY,---,2025-09-23 12:30
SPADA,PUNISHER,VARIANT RAVE,TAG×PON,0,0,0,0,0,---,NO PLAY,---,5,0,0,0,---,NO PLAY,---,9,0,0,0,---,CLEAR,---,12,0,0,0,---,HARD CLEAR,---,0,0,0,0,---,NO PLAY,---,2025-09-23 12:30
SPADA,ra'am,RAVERS DANCE SPEED,雷龍,0,0,0,0,0,---,NO PLAY,---,8,0,0,0,---,ASSIST CLEAR,---,10,0,0,0,---,EASY CLEAR,---,12,0,0,0,---,HARD CLEAR,---,0,0,0,0,---,NO PLAY,---,2025-09-23 12:30
SPADA,rainbow guitar weeps,BRIGHTNESS,dj TAKA,0,0,0,0,0,---,NO PLAY,---,5,0,0,0,---,ASSIST CLEAR,---,9,0,0,0,---,FAILED,---,11,0,0,0,---,HARD CLEAR,---,0,0,0,0,---,NO PLAY,---,2025-09-23 12:30
SPADA,Recollection,POPS,Noria,0,0,0,0,0,---,NO PLAY,---,5,0,0,0,---,NO PLAY,---,7,0,0,0,---,NO PLAY,---,9,0,0,0,---,HARD CLEAR,---,0,0,0,0,---,NO PLAY,---,2025-09-23 12:30
SPADA,refractive index,PSYCHEDELIC TRANCE,Sota Fujimori,0,0,0,0,0,---,NO PLAY,---,3,0,0,0,---,NO PLAY,---,7,0,0,0,---,ASSIST CLEAR,---,11,0,0,0,---,HARD CLEAR,---,0,0,0,0,---,NO PLAY,---,2025-09-23 12:30
SPADA,RISE,DRUMSTEP,Dirty Androids,0,0,0,0,0,---,NO PLAY,---,5,0,0,0,---,NO PLAY,---,8,0,0,0,---,NO PLAY,---,10,0,0,0,---,EASY CLEAR,---,0,0,0,0,---,NO PLAY,---,2025-09-23 12:30
SPADA,RIZING YOU UP,HAPPY HARDCORE,Ryu☆,1,0,0,0,0,---,NO PLAY,---,6,0,0,0,---,ASSIST CLEAR,---,9,0,0,0,---,ASSIST CLEAR,---,10,2188,957,274,30,HARD CLEAR,AA,0,0,0,0,---,NO PLAY,---,2025-10-11 13:29
SPADA,SCHWARZSCHILD FIELD,FULL ON,L.E.D.,0,0,0,0,0,---,NO PLAY,---,6,0,0,0,---,NO PLAY,---,9,0,0,0,---,ASSIST CLEAR,---,11,0,0,0,---,HARD CLEAR,---,0,0,0,0,---,NO PLAY,---,2025-09-23 12:30
SPADA,Sigmund,REQUIEM PSY,Gram,0,0,0,0,0,---,NO PLAY,---,7,0,0,0,---,CLEAR,---,10,0,0,0,---,ASSIST CLEAR,---,12,0,0,0,---,FAILED,---,12,0,0,0,---,NO PLAY,---,2025-09-23 12:30
SPADA,Squeeze,WITHOUT YOU TONIGHT-VI-,VENUS feat. Mutsuhiko Izumi,0,0,0,0,0,---,NO PLAY,---,5,0,0,0,---,ASSIST CLEAR,---,8,0,0,0,---,ASSIST CLEAR,---,11,0,0,0,---,HARD CLEAR,---,0,0,0,0,---,NO PLAY,---,2025-09-23 12:30
SPADA,THE DETONATOR,NU STYLE GABBA,teranoid VS L.E.D.-G,0,0,0,0,0,---,NO PLAY,---,7,0,0,0,---,NO PLAY,---,10,0,0,0,---,EASY CLEAR,---,11,0,0,0,---,HARD CLEAR,---,0,0,0,0,---,NO PLAY,---,2025-09-23 12:30
SPADA,Unicorn tail,BREAKBEATS TRANCE,DJ YOSHITAKA,0,0,0,0,0,---,NO PLAY,---,5,0,0,0,---,NO PLAY,---,9,0,0,0,---,ASSIST CLEAR,---,11,0,0,0,---,HARD CLEAR,---,0,0,0,0,---,NO PLAY,---,2025-09-23 12:30
SPADA,Valgus,MAINSTREAM HARDCORE,DJ Myosuke feat.Yukacco,0,0,0,0,0,---,NO PLAY,---,4,0,0,0,---,ASSIST CLEAR,---,7,0,0,0,---,NO PLAY,---,11,0,0,0,---,HARD CLEAR,---,0,0,0,0,---,NO PLAY,---,2025-09-23 12:30
SPADA,Verflucht,HARD NRG,Tyrfing,0,0,0,0,0,---,NO PLAY,---,6,0,0,0,---,NO PLAY,---,10,0,0,0,---,HARD CLEAR,---,12,0,0,0,---,CLEAR,---,12,0,0,0,---,NO PLAY,---,2025-09-23 12:30
SPADA,VOX UP,ROTTERDAM TECHNO,sampling masters MEGA vs 青龍,0,0,0,0,0,---,NO PLAY,---,8,0,0,0,---,EASY CLEAR,---,11,0,0,0,---,HARD CLEAR,---,12,0,0,0,---,CLEAR,---,0,0,0,0,---,NO PLAY,---,2025-09-23 12:30
SPADA,Wonder Girl feat. Kanae Asaba,EUROBEAT,Y&Co.,0,0,0,0,0,---,NO PLAY,---,4,0,0,0,---,NO PLAY,---,6,0,0,0,---,NO PLAY,---,11,0,0,0,---,HARD CLEAR,---,0,0,0,0,---,NO PLAY,---,2025-09-23 12:30
SPADA,お願いアインシュタイン,CYBER SYMPHONIC POP,中山真斗 feat.桜川めぐ,0,0,0,0,0,---,NO PLAY,---,5,0,0,0,---,NO PLAY,---,8,0,0,0,---,NO PLAY,---,10,0,0,0,---,HARD CLEAR,---,0,0,0,0,---,NO PLAY,---,2025-09-23 12:30
SPADA,アルストロメリア,BLOOM FUSION,TAG,0,1,0,0,0,---,NO PLAY,---,5,0,0,0,---,ASSIST CLEAR,---,8,0,0,0,---,CLEAR,---,10,0,0,0,---,HARD CLEAR,---,0,0,0,0,---,NO PLAY,---,2025-09-23 12:30
SPADA,デッドボヲルdeホームラン,ELECTRIC MANOUSH SWING,猫叉Masterβ2,0,0,0,0,0,---,NO PLAY,---,3,0,0,0,---,NO PLAY,---,9,0,0,0,---,NO PLAY,---,11,0,0,0,---,HARD CLEAR,---,0,0,0,0,---,NO PLAY,---,2025-09-23 12:30
SPADA,バンブーソード・ガール,J-SPEEDMETAL,cosMo＠暴走P,0,1,0,0,0,---,NO PLAY,---,5,0,0,0,---,ASSIST CLEAR,---,9,0,0,0,---,ASSIST CLEAR,---,11,0,0,0,---,HARD CLEAR,---,0,0,0,0,---,NO PLAY,---,2025-09-23 12:30
SPADA,廿,新世紀進歩的羽扇子音楽,DJ TECHNORCH,0,0,0,0,0,---,NO PLAY,---,5,0,0,0,---,NO PLAY,---,8,0,0,0,---,NO PLAY,---,10,0,0,0,---,HARD CLEAR,---,12,0,0,0,---,HARD CLEAR,---,2025-09-23 12:30
SPADA,旋律のドグマ～Miserables～,JUVENILE DRUM & BASS,楓璃夢＝ジークフリード＝ファイエルローゼン,0,0,0,0,0,---,NO PLAY,---,6,0,0,0,---,NO PLAY,---,10,0,0,0,---,HARD CLEAR,---,12,0,0,0,---,HARD CLEAR,---,0,0,0,0,---,NO PLAY,---,2025-09-23 12:30
SPADA,海神,HYDRO CORE,兎々,0,0,0,0,0,---,NO PLAY,---,7,0,0,0,---,ASSIST CLEAR,---,10,0,0,0,---,EASY CLEAR,---,12,0,0,0,---,HARD CLEAR,---,12,0,0,0,---,HARD CLEAR,---,2025-09-23 12:30
SPADA,煉獄のエルフェリア,HARD SYMPHONIC,猫叉Master+,0,0,0,0,0,---,NO PLAY,---,7,0,0,0,---,ASSIST CLEAR,---,10,0,0,0,---,HARD CLEAR,---,12,0,0,0,---,EASY CLEAR,---,0,0,0,0,---,NO PLAY,---,2025-09-23 12:30
SPADA,牧神笛吹きて,ZODIAC ORACLE X,楽士ゾディアック,1,0,0,0,0,---,NO PLAY,---,4,0,0,0,---,NO PLAY,---,8,0,0,0,---,NO PLAY,---,11,1433,585,263,---,HARD CLEAR,A,0,0,0,0,---,NO PLAY,---,2025-09-23 15:31
SPADA,疾風迅雷,ORIENTAL CORE,KUMOKIRI,0,0,0,0,0,---,NO PLAY,---,6,0,0,0,---,NO PLAY,---,10,0,0,0,---,ASSIST CLEAR,---,12,0,0,0,---,HARD CLEAR,---,12,0,0,0,---,NO PLAY,---,2025-09-23 12:30
SPADA,罪と罰,HYPER J-POP,Xceon feat. Mayumi Morinaga,0,0,0,0,0,---,NO PLAY,---,5,0,0,0,---,ASSIST CLEAR,---,7,0,0,0,---,ASSIST CLEAR,---,10,0,0,0,---,HARD CLEAR,---,0,0,0,0,---,NO PLAY,---,2025-09-23 12:30
SPADA,超!!遠距離らぶメ～ル,乙女EDM,ななひら,0,0,0,0,0,---,NO PLAY,---,3,0,0,0,---,NO PLAY,---,7,0,0,0,---,NO PLAY,---,10,0,0,0,---,HARD CLEAR,---,0,0,0,0,---,NO PLAY,---,2025-09-23 12:30
SPADA,轟け！恋のビーンボール！！,ベースボールヒロイン,ダイナミック野球兄弟 v.s. クロスファイヤーPrim,0,0,0,0,0,---,NO PLAY,---,6,0,0,0,---,NO PLAY,---,10,0,0,0,---,EASY CLEAR,---,12,0,0,0,---,HARD CLEAR,---,0,0,0,0,---,NO PLAY,---,2025-09-23 12:30
PENDUAL,#The_Relentless,DUBCORE,DJ Noriken,0,0,0,0,0,---,NO PLAY,---,6,0,0,0,---,NO PLAY,---,9,0,0,0,---,CLEAR,---,11,0,0,0,---,HARD CLEAR,---,12,0,0,0,---,FAILED,---,2025-09-23 12:30
PENDUAL,AFRO KNUCKLE,AFRO-SAMBA,猫叉Master+,0,0,0,0,0,---,NO PLAY,---,5,0,0,0,---,NO PLAY,---,8,0,0,0,---,CLEAR,---,11,0,0,0,---,HARD CLEAR,---,0,0,0,0,---,NO PLAY,---,2025-09-23 12:30
PENDUAL,Beat Radiance,NEO CLASSICAL DANCE,iNO,1,0,0,0,0,---,NO PLAY,---,5,0,0,0,---,NO PLAY,---,8,0,0,0,---,ASSIST CLEAR,---,10,0,0,0,---,HARD CLEAR,---,12,1888,813,262,---,HARD CLEAR,C,2025-09-23 13:47
PENDUAL,Beyond The Earth,WORLD/ELECTRONICA,猫叉Master,0,0,0,0,0,---,NO PLAY,---,5,0,0,0,---,NO PLAY,---,10,0,0,0,---,EASY CLEAR,---,11,0,0,0,---,HARD CLEAR,---,0,0,0,0,---,NO PLAY,---,2025-09-23 12:30
PENDUAL,Blaze it UP!,HARDCORE RAVE,DJ Shimamura,0,0,0,0,0,---,NO PLAY,---,5,0,0,0,---,NO PLAY,---,8,0,0,0,---,ASSIST CLEAR,---,11,0,0,0,---,HARD CLEAR,---,0,0,0,0,---,NO PLAY,---,2025-09-23 12:30
PENDUAL,BLUE MIRAGE,NU STYLE GABBA,DJ CHUCKY,0,0,0,0,0,---,NO PLAY,---,5,0,0,0,---,NO PLAY,---,10,0,0,0,---,ASSIST CLEAR,---,12,0,0,0,---,CLEAR,---,0,0,0,0,---,NO PLAY,---,2025-09-23 12:30
PENDUAL,Broken Sword,DUAL ANTIQUE,金獅子 VS 麒麟,0,0,0,0,0,---,NO PLAY,---,7,0,0,0,---,CLEAR,---,10,0,0,0,---,CLEAR,---,12,0,0,0,---,HARD CLEAR,---,0,0,0,0,---,NO PLAY,---,2025-09-23 12:30
PENDUAL,Chain of pain,FULL ON,kors k VS 猫叉Master+,0,0,0,0,0,---,NO PLAY,---,4,0,0,0,---,NO PLAY,---,8,0,0,0,---,NO PLAY,---,10,0,0,0,---,HARD CLEAR,---,0,0,0,0,---,NO PLAY,---,2025-09-23 12:30
PENDUAL,chrono diver -fragment-,HEALING DRUM'N'BASS,猫叉Master feat.三澤 秋,0,0,0,0,0,---,NO PLAY,---,3,0,0,0,---,NO PLAY,---,6,0,0,0,---,NO PLAY,---,9,0,0,0,---,HARD CLEAR,---,10,0,0,0,---,HARD CLEAR,---,2025-09-23 12:30
PENDUAL,CHRONO DIVER -NORNIR-,CYBER DRUM & BASS,L.E.D.,0,0,0,0,0,---,NO PLAY,---,5,0,0,0,---,NO PLAY,---,9,0,0,0,---,HARD CLEAR,---,11,0,0,0,---,HARD CLEAR,---,12,0,0,0,---,EASY CLEAR,---,2025-09-23 12:30
PENDUAL,Chrono Diver -PENDULUMs-,CHRONO BREAKS,猫叉L.E.D.Master+,2,3,0,0,0,---,NO PLAY,---,7,0,0,0,---,NO PLAY,---,11,0,0,0,---,HARD CLEAR,---,12,2873,1176,521,197,FAILED,B,0,0,0,0,---,NO PLAY,---,2025-10-18 15:29
PENDUAL,Chronos,PROGRESSIVE,TAG,0,0,0,0,0,---,NO PLAY,---,5,0,0,0,---,NO PLAY,---,8,0,0,0,---,NO PLAY,---,11,0,0,0,---,HARD CLEAR,---,11,0,0,0,---,HARD CLEAR,---,2025-09-23 12:30
PENDUAL,cinder,MAELSTROM,PHQUASE,0,0,0,0,0,---,NO PLAY,---,5,0,0,0,---,ASSIST CLEAR,---,9,0,0,0,---,ASSIST CLEAR,---,12,0,0,0,---,HARD CLEAR,---,0,0,0,0,---,NO PLAY,---,2025-09-23 12:30
PENDUAL,COLOSSEUM,LOST GROUND,劇団レコード,0,0,0,0,0,---,NO PLAY,---,4,0,0,0,---,NO PLAY,---,7,0,0,0,---,NO PLAY,---,11,0,0,0,---,HARD CLEAR,---,0,0,0,0,---,NO PLAY,---,2025-09-23 12:30
PENDUAL,Cosmic Cat,FUTURE BASS,8bit Moonside,0,0,0,0,0,---,NO PLAY,---,6,0,0,0,---,ASSIST CLEAR,---,9,0,0,0,---,CLEAR,---,11,0,0,0,---,HARD CLEAR,---,12,0,0,0,---,HARD CLEAR,---,2025-09-23 12:30
PENDUAL,Despair of ELFERIA,HARD IRISH SYMPHONIC,猫叉Master,1,0,0,0,0,---,NO PLAY,---,7,0,0,0,---,CLEAR,---,10,0,0,0,---,CLEAR,---,12,2892,1198,496,---,EASY CLEAR,A,0,0,0,0,---,NO PLAY,---,2025-10-18 15:11
PENDUAL,Discloze,Hi-TECH PSYTRANCE,lapix,0,0,0,0,0,---,NO PLAY,---,6,0,0,0,---,NO PLAY,---,9,0,0,0,---,EASY CLEAR,---,11,0,0,0,---,HARD CLEAR,---,0,0,0,0,---,NO PLAY,---,2025-09-23 12:30
PENDUAL,EBONY & IVORY,RAGTIME CHIPTUNE,OSTER project,0,0,0,0,0,---,NO PLAY,---,6,0,0,0,---,NO PLAY,---,9,0,0,0,---,HARD CLEAR,---,12,0,0,0,---,HARD CLEAR,---,12,0,0,0,---,EASY CLEAR,---,2025-09-23 12:30
PENDUAL,entelecheia,SACRED TRANCE,Rche,0,0,0,0,0,---,NO PLAY,---,6,0,0,0,---,NO PLAY,---,10,0,0,0,---,EASY CLEAR,---,12,0,0,0,---,HARD CLEAR,---,0,0,0,0,---,NO PLAY,---,2025-09-23 12:30
PENDUAL,Erosion Mark,FALLIN APART CORE,kors k REASM Des-ROW,0,0,0,0,0,---,NO PLAY,---,4,0,0,0,---,NO PLAY,---,8,0,0,0,---,ASSIST CLEAR,---,11,0,0,0,---,HARD CLEAR,---,0,0,0,0,---,NO PLAY,---,2025-09-23 12:30
PENDUAL,fallen leaves -IIDX edition-,WORLD/ELECTRONICA,猫叉Master,0,0,0,0,0,---,NO PLAY,---,6,0,0,0,---,NO PLAY,---,10,0,0,0,---,EASY CLEAR,---,12,0,0,0,---,HARD CLEAR,---,0,0,0,0,---,NO PLAY,---,2025-09-23 12:30
PENDUAL,FANTASTIC THREE,DUB COMEDY,ジャカルタファンクブラザーズ,0,0,0,0,0,---,NO PLAY,---,7,0,0,0,---,NO PLAY,---,10,0,0,0,---,EASY CLEAR,---,12,0,0,0,---,HARD CLEAR,---,0,0,0,0,---,NO PLAY,---,2025-09-23 12:30
PENDUAL,Flashes,DRUM'N'BASS,Dollscythe,1,0,0,0,0,---,NO PLAY,---,6,0,0,0,---,ASSIST CLEAR,---,9,0,0,0,---,HARD CLEAR,---,12,2229,830,569,52,HARD CLEAR,B,0,0,0,0,---,NO PLAY,---,2025-09-23 16:37
PENDUAL,Gravigazer,PROGRESSIVE SCHRANZ,DJ TOTTO,0,0,0,0,0,---,NO PLAY,---,5,0,0,0,---,NO PLAY,---,10,0,0,0,---,EASY CLEAR,---,12,0,0,0,---,HARD CLEAR,---,0,0,0,0,---,NO PLAY,---,2025-09-23 12:30
PENDUAL,GUILTY,TECHNO,D.J.SETUP,0,0,0,0,0,---,NO PLAY,---,5,0,0,0,---,NO PLAY,---,8,0,0,0,---,NO PLAY,---,10,0,0,0,---,HARD CLEAR,---,12,0,0,0,---,HARD CLEAR,---,2025-09-23 12:30
PENDUAL,HELL SCAPER -Last Escape Remix-,GABBAH,Remixed by DJ TECHNORCH fw.GUHROOVY,0,0,0,0,0,---,NO PLAY,---,5,0,0,0,---,NO PLAY,---,8,0,0,0,---,NO PLAY,---,11,0,0,0,---,HARD CLEAR,---,0,0,0,0,---,NO PLAY,---,2025-09-23 12:30
PENDUAL,Hello Happiness,HAPPY HARDCORE,P*Light feat. mow*2,0,0,0,0,0,---,NO PLAY,---,5,0,0,0,---,ASSIST CLEAR,---,9,0,0,0,---,ASSIST CLEAR,---,11,0,0,0,---,HARD CLEAR,---,0,0,0,0,---,NO PLAY,---,2025-09-23 12:30
PENDUAL,illuminate,SYNTHETIC EDM,Sota Fujimori,0,0,0,0,0,---,NO PLAY,---,3,0,0,0,---,NO PLAY,---,8,0,0,0,---,ASSIST CLEAR,---,10,0,0,0,---,EASY CLEAR,---,0,0,0,0,---,NO PLAY,---,2025-09-23 12:30
PENDUAL,IMPLANTATION,GOA TRANCE,TOMOSUKE,0,0,0,0,0,---,NO PLAY,---,5,0,0,0,---,NO PLAY,---,10,0,0,0,---,EASY CLEAR,---,12,0,0,0,---,HARD CLEAR,---,0,0,0,0,---,NO PLAY,---,2025-09-23 12:30
PENDUAL,In The Breeze,HYBRID,96 & Sota ft. Mayumi Morinaga,0,0,0,0,0,---,NO PLAY,---,4,0,0,0,---,NO PLAY,---,7,0,0,0,---,NO PLAY,---,9,0,0,0,---,EASY CLEAR,---,0,0,0,0,---,NO PLAY,---,2025-09-23 12:30
PENDUAL,Invitation from Mr.C,HOLIC,C-Show,0,0,0,0,0,---,NO PLAY,---,6,0,0,0,---,NO PLAY,---,9,0,0,0,---,EASY CLEAR,---,12,0,0,0,---,HARD CLEAR,---,0,0,0,0,---,NO PLAY,---,2025-09-23 12:30
PENDUAL,IXION,PSYCHEDELIC TRANCE,L.E.D.,0,0,0,0,0,---,NO PLAY,---,5,0,0,0,---,NO PLAY,---,8,0,0,0,---,ASSIST CLEAR,---,9,0,0,0,---,HARD CLEAR,---,0,0,0,0,---,NO PLAY,---,2025-09-23 12:30
PENDUAL,Line 4 Ruin,ELECTRO TECH,Ryu☆,0,0,0,0,0,---,NO PLAY,---,4,0,0,0,---,ASSIST CLEAR,---,9,0,0,0,---,ASSIST CLEAR,---,11,0,0,0,---,HARD CLEAR,---,0,0,0,0,---,NO PLAY,---,2025-09-23 12:30
PENDUAL,Monopole.,ARTCORE ROCK,cosMo＠暴走P,0,0,0,0,0,---,NO PLAY,---,4,0,0,0,---,ASSIST CLEAR,---,8,0,0,0,---,ASSIST CLEAR,---,12,0,0,0,---,HARD CLEAR,---,0,0,0,0,---,NO PLAY,---,2025-09-23 12:30
PENDUAL,NEO GENERATOR SEVEN,MAINSTREAM HARDCORE,L.E.D.-G,0,0,0,0,0,---,NO PLAY,---,5,0,0,0,---,NO PLAY,---,9,0,0,0,---,NO PLAY,---,12,0,0,0,---,HARD CLEAR,---,0,0,0,0,---,NO PLAY,---,2025-09-23 12:30
PENDUAL,Night sky,PUMPCORE,USAO,0,0,0,0,0,---,NO PLAY,---,6,0,0,0,---,ASSIST CLEAR,---,9,0,0,0,---,ASSIST CLEAR,---,11,0,0,0,---,HARD CLEAR,---,0,0,0,0,---,NO PLAY,---,2025-09-23 12:30
PENDUAL,No Tears,HARD EDM,RoughSketch feat.Aikapin,0,0,0,0,0,---,NO PLAY,---,6,0,0,0,---,NO PLAY,---,9,0,0,0,---,HARD CLEAR,---,11,0,0,0,---,HARD CLEAR,---,0,0,0,0,---,NO PLAY,---,2025-09-23 12:30
PENDUAL,PENDUAL TALISMAN,SYSTEM BGM,猫叉L.E.D.Master,0,0,0,0,0,---,NO PLAY,---,5,0,0,0,---,NO PLAY,---,8,0,0,0,---,ASSIST CLEAR,---,11,0,0,0,---,HARD CLEAR,---,0,0,0,0,---,NO PLAY,---,2025-09-23 12:30
PENDUAL,Rave*it!! Rave*it!!,EDM SPEED,機龍,2,0,0,0,0,---,NO PLAY,---,6,0,0,0,---,ASSIST CLEAR,---,9,0,0,0,---,HARD CLEAR,---,12,2418,978,462,151,HARD CLEAR,A,0,0,0,0,---,NO PLAY,---,2025-10-18 16:25
PENDUAL,Realize Maze,SOLITUDE,movies (moimoi×Xceon×Dai.),0,0,0,0,0,---,NO PLAY,---,6,0,0,0,---,NO PLAY,---,9,0,0,0,---,NO PLAY,---,11,0,0,0,---,HARD CLEAR,---,0,0,0,0,---,NO PLAY,---,2025-09-23 12:30
PENDUAL,Reflux,TRANCESTEP,Eagle,0,0,0,0,0,---,NO PLAY,---,5,0,0,0,---,NO PLAY,---,9,0,0,0,---,EASY CLEAR,---,12,0,0,0,---,HARD CLEAR,---,0,0,0,0,---,NO PLAY,---,2025-09-23 12:30
PENDUAL,Sakura Mirage,CHIPCORE,Ryu☆,0,0,0,0,0,---,NO PLAY,---,6,0,0,0,---,CLEAR,---,8,0,0,0,---,ASSIST CLEAR,---,11,0,0,0,---,HARD CLEAR,---,0,0,0,0,---,NO PLAY,---,2025-09-23 12:30
PENDUAL,SAMSARA,DIMENSION WAVE,SOUND HOLIC feat. Nana Takahashi,0,0,0,0,0,---,NO PLAY,---,4,0,0,0,---,NO PLAY,---,7,0,0,0,---,ASSIST CLEAR,---,10,0,0,0,---,HARD CLEAR,---,0,0,0,0,---,NO PLAY,---,2025-09-23 12:30
PENDUAL,Say YEEEAHH,EDM,kors k,0,0,0,0,0,---,NO PLAY,---,6,0,0,0,---,NO PLAY,---,9,0,0,0,---,HARD CLEAR,---,12,0,0,0,---,HARD CLEAR,---,0,0,0,0,---,NO PLAY,---,2025-09-23 12:30
PENDUAL,Scarlet Moon,J-CORE,REDALiCE feat. Ayumi Nomiya,0,0,0,0,0,---,NO PLAY,---,6,0,0,0,---,ASSIST CLEAR,---,9,0,0,0,---,ASSIST CLEAR,---,11,0,0,0,---,HARD CLEAR,---,0,0,0,0,---,NO PLAY,---,2025-09-23 12:30
PENDUAL,Scars of FAUNA,WORLD/ELECTRONICA,猫叉Master,1,0,0,0,0,---,NO PLAY,---,5,0,0,0,---,NO PLAY,---,8,0,0,0,---,ASSIST CLEAR,---,11,2120,847,426,58,HARD CLEAR,A,0,0,0,0,---,NO PLAY,---,2025-09-23 17:23
PENDUAL,Shooting Fireball,MUSIC GAME TRADITIONAL,dj TAKA,0,0,0,0,0,---,NO PLAY,---,6,0,0,0,---,ASSIST CLEAR,---,10,0,0,0,---,HARD CLEAR,---,12,0,0,0,---,HARD CLEAR,---,0,0,0,0,---,NO PLAY,---,2025-09-23 12:30
PENDUAL,Sounds Of Summer,UK HARDCORE,Hommarju,0,0,0,0,0,---,NO PLAY,---,6,0,0,0,---,NO PLAY,---,10,0,0,0,---,CLEAR,---,12,0,0,0,---,HARD CLEAR,---,0,0,0,0,---,NO PLAY,---,2025-09-23 12:30
PENDUAL,SpaceLand☆TOYBOX,RAGTIME FUTURE POP,OSTER project,0,0,0,0,0,---,NO PLAY,---,6,0,0,0,---,NO PLAY,---,9,0,0,0,---,NO PLAY,---,12,0,0,0,---,HARD CLEAR,---,0,0,0,0,---,NO PLAY,---,2025-09-23 12:30
PENDUAL,Sweet Radar,ELECTRO POP,DJ Genki feat. Yukacco,0,0,0,0,0,---,NO PLAY,---,4,0,0,0,---,NO PLAY,---,7,0,0,0,---,NO PLAY,---,10,0,0,0,---,FULLCOMBO CLEAR,---,0,0,0,0,---,NO PLAY,---,2025-09-23 12:30
PENDUAL,Symmetry,EPIC ELECTRONICA,猫叉Master,1,0,0,0,0,---,NO PLAY,---,6,0,0,0,---,NO PLAY,---,10,0,0,0,---,HARD CLEAR,---,12,2522,1053,416,31,HARD CLEAR,A,0,0,0,0,---,NO PLAY,---,2025-10-18 14:45
PENDUAL,TA・DA ☆ YO・SHI,EUROBEAT,Y&Co.,0,0,0,0,0,---,NO PLAY,---,5,0,0,0,---,NO PLAY,---,8,0,0,0,---,CLEAR,---,10,0,0,0,---,HARD CLEAR,---,0,0,0,0,---,NO PLAY,---,2025-09-23 12:30
PENDUAL,The Least 100sec,PROGRESSIVE,Sasaki Hirofumi,0,0,0,0,0,---,NO PLAY,---,5,0,0,0,---,NO PLAY,---,9,0,0,0,---,NO PLAY,---,12,0,0,0,---,HARD CLEAR,---,0,0,0,0,---,NO PLAY,---,2025-09-23 12:30
PENDUAL,TIEFSEE,DEEP SPECTRUM,SOUND HOLIC Vs. dj TAKA feat. YURiCa,1,0,0,0,0,---,NO PLAY,---,6,0,0,0,---,NO PLAY,---,9,0,0,0,---,HARD CLEAR,---,12,2708,1139,430,26,HARD CLEAR,A,0,0,0,0,---,NO PLAY,---,2025-09-27 14:20
PENDUAL,TOXIC VIBRATION,MELODIC SPEED METAL,SOUND HOLIC Vs. T.Kakuta feat. YURiCa,0,0,0,0,0,---,NO PLAY,---,7,0,0,0,---,CLEAR,---,10,0,0,0,---,EASY CLEAR,---,12,0,0,0,---,HARD CLEAR,---,0,0,0,0,---,NO PLAY,---,2025-09-23 12:30
PENDUAL,Vulkan,GYPSYCORE,Hommarju,0,0,0,0,0,---,NO PLAY,---,5,0,0,0,---,ASSIST CLEAR,---,9,0,0,0,---,ASSIST CLEAR,---,11,0,0,0,---,HARD CLEAR,---,0,0,0,0,---,NO PLAY,---,2025-09-23 12:30
PENDUAL,We're so Happy (P*Light Remix) IIDX ver.,HAPPY HARDCORE,Remixed by P*Light,0,0,0,0,0,---,NO PLAY,---,6,0,0,0,---,NO PLAY,---,10,0,0,0,---,EASY CLEAR,---,12,0,0,0,---,HARD CLEAR,---,0,0,0,0,---,NO PLAY,---,2025-09-23 12:30
PENDUAL,ZZ,INTELLIGENCE,D.J.Amuro,0,1,0,0,0,---,FULLCOMBO CLEAR,---,6,0,0,0,---,NO PLAY,---,10,0,0,0,---,HARD CLEAR,---,12,0,0,0,---,HARD CLEAR,---,0,0,0,0,---,NO PLAY,---,2025-09-23 12:30
PENDUAL,それは花火のような恋,Hi-歌謡コア,夏色バーニングラブ☆Prim,0,3,0,0,0,---,ASSIST CLEAR,---,6,0,0,0,---,ASSIST CLEAR,---,10,0,0,0,---,EASY CLEAR,---,12,0,0,0,---,HARD CLEAR,---,0,0,0,0,---,NO PLAY,---,2025-09-23 12:30
PENDUAL,とろぴかる倶楽部,TROPICAL,HALFBY,0,0,0,0,0,---,NO PLAY,---,5,0,0,0,---,NO PLAY,---,8,0,0,0,---,NO PLAY,---,11,0,0,0,---,HARD CLEAR,---,0,0,0,0,---,NO PLAY,---,2025-09-23 12:30
PENDUAL,ぷろぐれっしぶ時空少女！うらしまたろ子ちゃん！,ぷろぐれっしぶ電波,ARM(IOSYS) feat. 山本椛,0,0,0,0,0,---,NO PLAY,---,5,0,0,0,---,NO PLAY,---,7,0,0,0,---,NO PLAY,---,11,0,0,0,---,HARD CLEAR,---,0,0,0,0,---,NO PLAY,---,2025-09-23 12:30
PENDUAL,もっと！モット！ときめき feat. 松下,きらめきコア,シャイニング度胸兄弟,0,0,0,0,0,---,NO PLAY,---,6,0,0,0,---,NO PLAY,---,9,0,0,0,---,NO PLAY,---,11,0,0,0,---,HARD CLEAR,---,0,0,0,0,---,NO PLAY,---,2025-09-23 12:30
PENDUAL,ドッキン☆サマーあばんちゅーる,ドタバタ☆夏休み,L.E.D.-G + Qrispy Joybox + ARM feat. ななひら,1,0,0,0,0,---,NO PLAY,---,5,0,0,0,---,NO PLAY,---,8,0,0,0,---,NO PLAY,---,11,1226,500,226,---,HARD CLEAR,D,0,0,0,0,---,NO PLAY,---,2025-09-23 17:41
PENDUAL,パ→ピ→プ→Yeah!,電波ソング,ヒゲドライバー join. shully & Nimo,0,2,0,0,0,---,ASSIST CLEAR,---,6,0,0,0,---,ASSIST CLEAR,---,9,0,0,0,---,ASSIST CLEAR,---,11,0,0,0,---,HARD CLEAR,---,0,0,0,0,---,NO PLAY,---,2025-09-23 12:30
PENDUAL,ベィスドロップ・フリークス,A-STYLE DRUMSTEP,かめりあ feat. ななひら,0,0,0,0,0,---,NO PLAY,---,4,0,0,0,---,ASSIST CLEAR,---,7,0,0,0,---,ASSIST CLEAR,---,10,0,0,0,---,HARD CLEAR,---,11,0,0,0,---,HARD CLEAR,---,2025-09-23 12:30
PENDUAL,リリーゼと炎龍レーヴァテイン,OLDSTYLE GAMEMUSIC,黒猫ダンジョン,0,0,0,0,0,---,NO PLAY,---,6,0,0,0,---,ASSIST CLEAR,---,10,0,0,0,---,EASY CLEAR,---,12,0,0,0,---,HARD CLEAR,---,0,0,0,0,---,NO PLAY,---,2025-09-23 12:30
PENDUAL,共鳴遊戯の華,ASTRAL DRUM & BASS,アイテール魔導士隊,0,0,0,0,0,---,NO PLAY,---,7,0,0,0,---,ASSIST CLEAR,---,10,0,0,0,---,ASSIST CLEAR,---,12,0,0,0,---,EASY CLEAR,---,0,0,0,0,---,NO PLAY,---,2025-09-23 12:30
PENDUAL,十六夜セツナ,HYPER J-POP,Xceon feat.Mayumi Morinaga,0,0,0,0,0,---,NO PLAY,---,5,0,0,0,---,NO PLAY,---,7,0,0,0,---,ASSIST CLEAR,---,10,0,0,0,---,HARD CLEAR,---,0,0,0,0,---,NO PLAY,---,2025-09-23 12:30
PENDUAL,千年ノ理,WORLD/ELECTRONICA,猫叉Master,0,0,0,0,0,---,NO PLAY,---,6,0,0,0,---,NO PLAY,---,9,0,0,0,---,HARD CLEAR,---,12,0,0,0,---,HARD CLEAR,---,12,0,0,0,---,EASY CLEAR,---,2025-09-23 12:30
PENDUAL,取り残された美術(Arranged:HiZuMi),HYPER J-POP,幽閉サテライト feat. senya,0,1,0,0,0,---,NO PLAY,---,5,0,0,0,---,NO PLAY,---,8,0,0,0,---,NO PLAY,---,10,0,0,0,---,HARD CLEAR,---,0,0,0,0,---,NO PLAY,---,2025-09-23 12:30
PENDUAL,夏色DIARY - L.E.D.-G STYLE MIX -,HAPPY SUMMER CORE,猫叉王子 feat.L.E.D.-G,0,0,0,0,0,---,NO PLAY,---,6,0,0,0,---,NO PLAY,---,10,0,0,0,---,EASY CLEAR,---,12,0,0,0,---,HARD CLEAR,---,0,0,0,0,---,NO PLAY,---,2025-09-23 12:30
PENDUAL,妖隠し -あやかしかくし-,DRUM'N'WALTZ,DJ TOTTO feat.3L,0,0,0,0,0,---,NO PLAY,---,5,0,0,0,---,NO PLAY,---,9,0,0,0,---,ASSIST CLEAR,---,10,0,0,0,---,HARD CLEAR,---,0,0,0,0,---,NO PLAY,---,2025-09-23 12:30
PENDUAL,少年は空を辿る,ムラクモ,Power Of Nature,0,0,0,0,0,---,NO PLAY,---,6,0,0,0,---,NO PLAY,---,10,0,0,0,---,EASY CLEAR,---,12,0,0,0,---,HARD CLEAR,---,0,0,0,0,---,NO PLAY,---,2025-09-23 12:30
PENDUAL,恋は白帯、サンシロー,KANA-POP,星野奏子,0,0,0,0,0,---,NO PLAY,---,3,0,0,0,---,NO PLAY,---,6,0,0,0,---,NO PLAY,---,9,0,0,0,---,HARD CLEAR,---,11,0,0,0,---,HARD CLEAR,---,2025-09-23 12:30
PENDUAL,打打打打打打打打打打,JAPANESE TRADITIONAL,ヒゲドライバー join. SELEN,0,1,0,0,0,---,NO PLAY,---,5,0,0,0,---,ASSIST CLEAR,---,8,0,0,0,---,ASSIST CLEAR,---,11,0,0,0,---,HARD CLEAR,---,0,0,0,0,---,NO PLAY,---,2025-09-23 12:30
PENDUAL,時空トラベローグ,TIME TRIP JAZZ,SWING HOLIC feat. A～YA,0,0,0,0,0,---,NO PLAY,---,6,0,0,0,---,NO PLAY,---,9,0,0,0,---,ASSIST CLEAR,---,11,0,0,0,---,HARD CLEAR,---,0,0,0,0,---,NO PLAY,---,2025-09-23 12:30
PENDUAL,白露の風,想歌 風,Qrispy Joybox feat. 常盤ゆう,0,0,0,0,0,---,NO PLAY,---,2,0,0,0,---,NO PLAY,---,6,0,0,0,---,NO PLAY,---,9,0,0,0,---,HARD CLEAR,---,0,0,0,0,---,NO PLAY,---,2025-09-23 12:30
PENDUAL,紅牡丹,J-CORE,DJ NAGAI feat. a☆ru,0,3,0,0,0,---,NO PLAY,---,6,0,0,0,---,NO PLAY,---,9,0,0,0,---,ASSIST CLEAR,---,12,0,0,0,---,HARD CLEAR,---,0,0,0,0,---,NO PLAY,---,2025-09-23 12:30
PENDUAL,表裏一体！？怪盗いいんちょの悩み,Hi-FUNK BREAKS,◇◆噂の怪盗少女 ぷらずま★彡Prim◇◆,1,0,0,0,0,---,NO PLAY,---,6,0,0,0,---,NO PLAY,---,10,1767,743,281,19,HARD CLEAR,AA,12,0,0,0,---,HARD CLEAR,---,12,0,0,0,---,EASY CLEAR,---,2025-09-23 17:18
PENDUAL,超青少年ノ為ノ超多幸ナ超古典的超舞曲,PIECED EUPHORIA,Project B-,0,0,0,0,0,---,NO PLAY,---,6,0,0,0,---,NO PLAY,---,9,0,0,0,---,CLEAR,---,11,0,0,0,---,HARD CLEAR,---,12,0,0,0,---,EASY CLEAR,---,2025-09-23 12:30
PENDUAL,鬼天,ASURA TEK CORE,兎々,1,0,0,0,0,---,NO PLAY,---,6,0,0,0,---,NO PLAY,---,9,0,0,0,---,ASSIST CLEAR,---,11,1016,401,214,---,HARD CLEAR,D,0,0,0,0,---,NO PLAY,---,2025-09-23 15:37
PENDUAL,Ｘ↑Ｘ↓,新世紀進歩的羽扇子音楽,DJ TECHNORCH,0,0,0,0,0,---,NO PLAY,---,5,0,0,0,---,NO PLAY,---,8,0,0,0,---,CLEAR,---,11,0,0,0,---,HARD CLEAR,---,0,0,0,0,---,NO PLAY,---,2025-09-23 12:30
copula,199024club -Re:BounceKiller-,TECH BREAKBEATS,DJ Mass MAD Izm*,0,0,0,0,0,---,NO PLAY,---,5,0,0,0,---,NO PLAY,---,10,0,0,0,---,HARD CLEAR,---,12,0,0,0,---,HARD CLEAR,---,0,0,0,0,---,NO PLAY,---,2025-09-23 12:30
copula,Acid Pumper,HARD DANCE,ni-21,0,0,0,0,0,---,NO PLAY,---,4,0,0,0,---,ASSIST CLEAR,---,9,0,0,0,---,HARD CLEAR,---,11,0,0,0,---,HARD CLEAR,---,0,0,0,0,---,NO PLAY,---,2025-09-23 12:30
copula,Angelic Jelly,HAPPY で HARDCORE,t+pazolite,0,0,0,0,0,---,NO PLAY,---,6,0,0,0,---,NO PLAY,---,9,0,0,0,---,ASSIST CLEAR,---,11,0,0,0,---,HARD CLEAR,---,0,0,0,0,---,NO PLAY,---,2025-09-23 12:30
copula,AO-1,DANCE EXPRESS,電龍,0,0,0,0,0,---,NO PLAY,---,7,0,0,0,---,CLEAR,---,10,0,0,0,---,HARD CLEAR,---,12,0,0,0,---,HARD CLEAR,---,0,0,0,0,---,NO PLAY,---,2025-09-23 12:30
copula,Arcana,UPLIFTING TRANCE,Maozon,0,0,0,0,0,---,NO PLAY,---,6,0,0,0,---,ASSIST CLEAR,---,8,0,0,0,---,CLEAR,---,10,0,0,0,---,HARD CLEAR,---,0,0,0,0,---,NO PLAY,---,2025-09-23 12:30
copula,Aublia,POST J-TRADITIONAL,onoken feat. ALIAKE,0,0,0,0,0,---,NO PLAY,---,5,0,0,0,---,NO PLAY,---,8,0,0,0,---,NO PLAY,---,11,0,0,0,---,HARD CLEAR,---,0,0,0,0,---,NO PLAY,---,2025-09-23 12:30
copula,Battle Train -IIDX Edition-,HARD DANCE,Sota Fujimori,0,0,0,0,0,---,NO PLAY,---,4,0,0,0,---,NO PLAY,---,10,0,0,0,---,ASSIST CLEAR,---,11,0,0,0,---,HARD CLEAR,---,0,0,0,0,---,NO PLAY,---,2025-09-23 12:30
copula,Blue Spring Express,DREAM CORE,DJ Scratch & Bend,0,0,0,0,0,---,NO PLAY,---,7,0,0,0,---,ASSIST CLEAR,---,10,0,0,0,---,EASY CLEAR,---,12,0,0,0,---,EASY CLEAR,---,0,0,0,0,---,NO PLAY,---,2025-09-23 12:30
copula,Central Station,FUTURE BASS,Recycle,0,0,0,0,0,---,NO PLAY,---,5,0,0,0,---,NO PLAY,---,8,0,0,0,---,ASSIST CLEAR,---,10,0,0,0,---,HARD CLEAR,---,0,0,0,0,---,NO PLAY,---,2025-09-23 12:30
copula,chaos eater -IIDX edition-,HARD STEP,猫叉Master+,0,0,0,0,0,---,NO PLAY,---,5,0,0,0,---,NO PLAY,---,9,0,0,0,---,NO PLAY,---,11,0,0,0,---,HARD CLEAR,---,0,0,0,0,---,NO PLAY,---,2025-09-23 12:30
copula,CODE:1 [revision1.0.1],TECHNO,HEXA,1,0,0,0,0,---,NO PLAY,---,5,0,0,0,---,NO PLAY,---,9,0,0,0,---,ASSIST CLEAR,---,12,1765,686,393,---,HARD CLEAR,C,0,0,0,0,---,NO PLAY,---,2025-09-23 15:57
copula,Daily Lunch Special,ラッキーハードコア,Lucky Vacuum,0,0,0,0,0,---,NO PLAY,---,6,0,0,0,---,NO PLAY,---,9,0,0,0,---,CLEAR,---,11,0,0,0,---,HARD CLEAR,---,0,0,0,0,---,NO PLAY,---,2025-09-23 12:30
copula,Damage Per Second,CYBER DRUMSTEP,Maozon,0,0,0,0,0,---,NO PLAY,---,4,0,0,0,---,NO PLAY,---,7,0,0,0,---,ASSIST CLEAR,---,9,0,0,0,---,HARD CLEAR,---,10,0,0,0,---,HARD CLEAR,---,2025-09-23 12:30
copula,Derelict Star feat. Ryu*,HARD DANCE,Remo-con,0,0,0,0,0,---,NO PLAY,---,6,0,0,0,---,NO PLAY,---,9,0,0,0,---,ASSIST CLEAR,---,11,0,0,0,---,HARD CLEAR,---,0,0,0,0,---,NO PLAY,---,2025-09-23 12:30
copula,Devil's Gear,MAINSTREAM HARDCORE,DJ Myosuke,1,0,0,0,0,---,NO PLAY,---,6,0,0,0,---,NO PLAY,---,10,0,0,0,---,ASSIST CLEAR,---,12,2209,799,611,---,EASY CLEAR,B,0,0,0,0,---,NO PLAY,---,2025-10-18 15:09
copula,DIAMOND CROSSING,HARD ELECTRIC POP,S-C-U vs L.E.D.,0,0,0,0,0,---,NO PLAY,---,7,0,0,0,---,HARD CLEAR,---,10,0,0,0,---,EASY CLEAR,---,12,0,0,0,---,HARD CLEAR,---,0,0,0,0,---,NO PLAY,---,2025-09-23 12:30
copula,do the thing feat. Kanae Asaba,EDM,MK,0,0,0,0,0,---,NO PLAY,---,3,0,0,0,---,NO PLAY,---,8,0,0,0,---,EASY CLEAR,---,10,0,0,0,---,HARD CLEAR,---,0,0,0,0,---,NO PLAY,---,2025-09-23 12:30
copula,Donkey Donk,DONK,Ryu☆,2,0,0,0,0,---,NO PLAY,---,6,0,0,0,---,NO PLAY,---,9,0,0,0,---,ASSIST CLEAR,---,10,1912,849,214,17,HARD CLEAR,AA,0,0,0,0,---,NO PLAY,---,2025-10-11 14:06
copula,Dynamite,HYBRID TWERK,USAO,0,3,0,0,0,---,NO PLAY,---,7,0,0,0,---,ASSIST CLEAR,---,10,0,0,0,---,HARD CLEAR,---,12,0,0,0,---,EASY CLEAR,---,0,0,0,0,---,NO PLAY,---,2025-09-23 12:30
copula,Everlasting Last,J-DANCE POP,HHH×MM×ST,0,0,0,0,0,---,NO PLAY,---,4,0,0,0,---,NO PLAY,---,8,0,0,0,---,NO PLAY,---,10,0,0,0,---,HARD CLEAR,---,0,0,0,0,---,NO PLAY,---,2025-09-23 12:30
copula,Exchange Place,FUTURE JERSEY,Dirty Androids,0,0,0,0,0,---,NO PLAY,---,4,0,0,0,---,NO PLAY,---,7,0,0,0,---,NO PLAY,---,9,0,0,0,---,HARD CLEAR,---,0,0,0,0,---,NO PLAY,---,2025-09-23 12:30
copula,GENERATE feat.綾倉盟,ELECTRONIC DANCE,Masayoshi Minoshima,0,0,0,0,0,---,NO PLAY,---,5,0,0,0,---,NO PLAY,---,8,0,0,0,---,ASSIST CLEAR,---,10,0,0,0,---,HARD CLEAR,---,0,0,0,0,---,NO PLAY,---,2025-09-23 12:30
copula,Go Faraway,TRAPSTYLE,DJ Noriken feat. Yukacco,0,0,0,0,0,---,NO PLAY,---,5,0,0,0,---,NO PLAY,---,7,0,0,0,---,NO PLAY,---,10,0,0,0,---,HARD CLEAR,---,0,0,0,0,---,NO PLAY,---,2025-09-23 12:30
copula,GOBBLE,CANTERBURY&BEAT,Kimitaka Matsumae,0,0,0,0,0,---,NO PLAY,---,4,0,0,0,---,NO PLAY,---,7,0,0,0,---,HARD CLEAR,---,11,0,0,0,---,HARD CLEAR,---,0,0,0,0,---,NO PLAY,---,2025-09-23 12:30
copula,Godspeed,JOINT WORK,dj TAKA xxx 猫叉Master xxx L.E.D.,0,0,0,0,0,---,NO PLAY,---,7,0,0,0,---,ASSIST CLEAR,---,10,0,0,0,---,CLEAR,---,12,0,0,0,---,HARD CLEAR,---,0,0,0,0,---,NO PLAY,---,2025-09-23 12:30
copula,Grand Chariot,HARD ART CORE,xi,2,0,0,0,0,---,NO PLAY,---,7,0,0,0,---,ASSIST CLEAR,---,10,0,0,0,---,HARD CLEAR,---,12,1756,670,416,---,CLEAR,C,0,0,0,0,---,NO PLAY,---,2025-10-11 13:08
copula,Highcharge Divolt,BEMANIZED DIGITAL ROCK,HuΣeR,0,0,0,0,0,---,NO PLAY,---,6,0,0,0,---,ASSIST CLEAR,---,10,0,0,0,---,ASSIST CLEAR,---,12,0,0,0,---,HARD CLEAR,---,0,0,0,0,---,NO PLAY,---,2025-09-23 12:30
copula,Inner Spirit,HiTECH FULLON,lapix,0,0,0,0,0,---,NO PLAY,---,5,0,0,0,---,ASSIST CLEAR,---,9,0,0,0,---,CLEAR,---,11,0,0,0,---,HARD CLEAR,---,0,0,0,0,---,NO PLAY,---,2025-09-23 12:30
copula,Journey,WORLD/ELECTRONICA,猫叉Master,0,0,0,0,0,---,NO PLAY,---,3,0,0,0,---,NO PLAY,---,6,0,0,0,---,NO PLAY,---,9,0,0,0,---,EASY CLEAR,---,11,0,0,0,---,HARD CLEAR,---,2025-09-23 12:30
copula,Konzert V,JUNGLE CLASSIC,Remo-con vs. dj TAKA,1,0,0,0,0,---,NO PLAY,---,6,0,0,0,---,NO PLAY,---,10,0,0,0,---,HARD CLEAR,---,12,2343,920,503,51,HARD CLEAR,A,0,0,0,0,---,NO PLAY,---,2025-10-18 16:30
copula,La dolce primavera,PRIMAVERA JAZZ WALTZ,OSTER project,0,0,0,0,0,---,NO PLAY,---,4,0,0,0,---,NO PLAY,---,8,0,0,0,---,NO PLAY,---,10,0,0,0,---,EASY CLEAR,---,0,0,0,0,---,NO PLAY,---,2025-09-23 12:30
copula,M4K3 1T B0UNC3,HDM,kors k,0,0,0,0,0,---,NO PLAY,---,7,0,0,0,---,NO PLAY,---,10,0,0,0,---,ASSIST CLEAR,---,12,0,0,0,---,HARD CLEAR,---,0,0,0,0,---,NO PLAY,---,2025-09-23 12:30
copula,Musik LoverZ,HARDSTYLE,RoughSketch,0,0,0,0,0,---,NO PLAY,---,5,0,0,0,---,NO PLAY,---,7,0,0,0,---,NO PLAY,---,10,0,0,0,---,HARD CLEAR,---,0,0,0,0,---,NO PLAY,---,2025-09-23 12:30
copula,NANAIRO,METAL POPS,LIQU@。,1,0,0,0,0,---,NO PLAY,---,5,0,0,0,---,NO PLAY,---,9,0,0,0,---,NO PLAY,---,10,2007,820,367,36,HARD CLEAR,A,0,0,0,0,---,NO PLAY,---,2025-10-04 14:52
copula,Nightmare before oversleep,SORROW STEP,猫叉Master,0,0,0,0,0,---,NO PLAY,---,7,0,0,0,---,ASSIST CLEAR,---,10,0,0,0,---,EASY CLEAR,---,12,0,0,0,---,HARD CLEAR,---,0,0,0,0,---,NO PLAY,---,2025-09-23 12:30
copula,NINJA IS DEAD IIDX ver.,SHINOBI SPEED,P*Light,0,0,0,0,0,---,NO PLAY,---,6,0,0,0,---,NO PLAY,---,9,0,0,0,---,NO PLAY,---,12,0,0,0,---,HARD CLEAR,---,0,0,0,0,---,NO PLAY,---,2025-09-23 12:30
copula,NO LIMIT -オレ達に限界は無い-,ONLY ONE DANCE MUSIC,SUPER STAR 満-MITSURU- vs. 伝説のダンサー マイク,0,0,0,0,0,---,NO PLAY,---,4,0,0,0,---,NO PLAY,---,6,0,0,0,---,NO PLAY,---,10,0,0,0,---,HARD CLEAR,---,0,0,0,0,---,NO PLAY,---,2025-09-23 12:30
copula,Nowhere,ELECTRO TRANCE,Nhato,0,0,0,0,0,---,NO PLAY,---,4,0,0,0,---,NO PLAY,---,8,0,0,0,---,NO PLAY,---,10,0,0,0,---,HARD CLEAR,---,0,0,0,0,---,NO PLAY,---,2025-09-23 12:30
copula,NZM,END ROLL,The 4th,2,0,0,0,0,---,NO PLAY,---,6,0,0,0,---,NO PLAY,---,9,0,0,0,---,ASSIST CLEAR,---,12,2329,898,533,---,CLEAR,B,0,0,0,0,---,NO PLAY,---,2025-10-18 15:20
copula,On the FM,RADIO SHOWCASE,C-Show,0,0,0,0,0,---,NO PLAY,---,6,0,0,0,---,NO PLAY,---,8,0,0,0,---,ASSIST CLEAR,---,11,0,0,0,---,HARD CLEAR,---,0,0,0,0,---,NO PLAY,---,2025-09-23 12:30
copula,Outbreak,FRENCHCORE,USAO,0,0,0,0,0,---,NO PLAY,---,6,0,0,0,---,NO PLAY,---,9,0,0,0,---,EASY CLEAR,---,11,0,0,0,---,HARD CLEAR,---,0,0,0,0,---,NO PLAY,---,2025-09-23 12:30
copula,POSSESSION,PSYCHIC FLASH,TAG underground,0,3,0,0,0,---,NO PLAY,---,7,0,0,0,---,NO PLAY,---,10,0,0,0,---,EASY CLEAR,---,12,0,0,0,---,HARD CLEAR,---,0,0,0,0,---,NO PLAY,---,2025-09-23 12:30
copula,refrain,TRANCE,dj TAKA feat.AiMEE,0,0,0,0,0,---,NO PLAY,---,6,0,0,0,---,NO PLAY,---,10,0,0,0,---,EASY CLEAR,---,12,0,0,0,---,HARD CLEAR,---,0,0,0,0,---,NO PLAY,---,2025-09-23 12:30
copula,Rock It,HARDCORE,Hommarju,0,0,0,0,0,---,NO PLAY,---,5,0,0,0,---,NO PLAY,---,8,0,0,0,---,ASSIST CLEAR,---,11,0,0,0,---,HARD CLEAR,---,0,0,0,0,---,NO PLAY,---,2025-09-23 12:30
copula,Routing,JAZZY-ELECTRO,かめりあ,0,0,0,0,0,---,NO PLAY,---,6,0,0,0,---,ASSIST CLEAR,---,9,0,0,0,---,NO PLAY,---,11,0,0,0,---,HARD CLEAR,---,0,0,0,0,---,NO PLAY,---,2025-09-23 12:30
copula,Sephirot,TRANCE,SHIKI,0,0,0,0,0,---,NO PLAY,---,5,0,0,0,---,ASSIST CLEAR,---,8,0,0,0,---,CLEAR,---,10,0,0,0,---,HARD CLEAR,---,0,0,0,0,---,NO PLAY,---,2025-09-23 12:30
copula,Set U Free feat. Kanae Asaba,HARD TRANCE,Y&Co.,1,0,0,0,0,---,NO PLAY,---,4,0,0,0,---,NO PLAY,---,8,0,0,0,---,NO PLAY,---,10,1924,766,392,48,HARD CLEAR,A,0,0,0,0,---,NO PLAY,---,2025-09-23 15:41
copula,SHELTER OF THE MIND,ROCKIN' DRUM&BASS,YURiCa/花たん,0,0,0,0,0,---,NO PLAY,---,6,0,0,0,---,NO PLAY,---,9,0,0,0,---,ASSIST CLEAR,---,11,0,0,0,---,HARD CLEAR,---,0,0,0,0,---,NO PLAY,---,2025-09-23 12:30
copula,STARLiGHT,DANCE SPEED GOLD,星龍,0,0,0,0,0,---,NO PLAY,---,5,0,0,0,---,NO PLAY,---,9,0,0,0,---,ASSIST CLEAR,---,11,0,0,0,---,HARD CLEAR,---,0,0,0,0,---,NO PLAY,---,2025-09-23 12:30
copula,STARLIGHT DANCEHALL,HAPPY EMOTION,P*Light,0,0,0,0,0,---,NO PLAY,---,6,0,0,0,---,NO PLAY,---,9,0,0,0,---,ASSIST CLEAR,---,11,0,0,0,---,HARD CLEAR,---,12,0,0,0,---,HARD CLEAR,---,2025-09-23 12:30
copula,StrayedCatz,FANTASY,削除,0,0,0,0,0,---,NO PLAY,---,6,0,0,0,---,ASSIST CLEAR,---,10,0,0,0,---,HARD CLEAR,---,12,0,0,0,---,HARD CLEAR,---,0,0,0,0,---,NO PLAY,---,2025-09-23 12:30
copula,Super Duper Racers,HARDCORE,kors k & Numb'n'dub,0,0,0,0,0,---,NO PLAY,---,4,0,0,0,---,NO PLAY,---,8,0,0,0,---,ASSIST CLEAR,---,10,0,0,0,---,HARD CLEAR,---,0,0,0,0,---,NO PLAY,---,2025-09-23 12:30
copula,SURVIVOR,GRAVITY POP,SOUND HOLIC Vs. ZYTOKINE feat. Nana Takahashi,0,0,0,0,0,---,NO PLAY,---,4,0,0,0,---,NO PLAY,---,7,0,0,0,---,FAILED,---,9,0,0,0,---,FULLCOMBO CLEAR,---,0,0,0,0,---,NO PLAY,---,2025-09-23 12:30
copula,Tori-no-kimochi,WORLD/ELECTRONICA,猫叉Master+,0,0,0,0,0,---,NO PLAY,---,1,0,0,0,---,NO PLAY,---,6,0,0,0,---,NO PLAY,---,10,0,0,0,---,FULLCOMBO CLEAR,---,0,0,0,0,---,NO PLAY,---,2025-09-23 12:30
copula,Triple Counter,RISK + VACUUM,DJ YOSHITAKA meets dj TAKA,0,0,0,0,0,---,NO PLAY,---,7,0,0,0,---,ASSIST CLEAR,---,10,0,0,0,---,EASY CLEAR,---,12,0,0,0,---,HARD CLEAR,---,0,0,0,0,---,NO PLAY,---,2025-09-23 12:30
copula,Uh-Oh,CANDY RAVE,kors k,0,0,0,0,0,---,NO PLAY,---,5,0,0,0,---,ASSIST CLEAR,---,8,0,0,0,---,CLEAR,---,11,0,0,0,---,HARD CLEAR,---,0,0,0,0,---,NO PLAY,---,2025-09-23 12:30
copula,Violet Pulse,GLITCH ELECTRO,G.K,0,0,0,0,0,---,NO PLAY,---,2,0,0,0,---,NO PLAY,---,8,0,0,0,---,ASSIST CLEAR,---,10,0,0,0,---,HARD CLEAR,---,12,0,0,0,---,CLEAR,---,2025-09-23 12:30
copula,Violet Rose,LATIN JAZZ TRIO,OSTER project,1,0,0,0,0,---,NO PLAY,---,7,0,0,0,---,NO PLAY,---,9,0,0,0,---,EASY CLEAR,---,11,1391,541,309,---,HARD CLEAR,C,0,0,0,0,---,NO PLAY,---,2025-10-04 16:25
copula,Welcome,HARDCORE,Uraken,0,0,0,0,0,---,NO PLAY,---,4,0,0,0,---,NO PLAY,---,10,0,0,0,---,EASY CLEAR,---,11,0,0,0,---,HARD CLEAR,---,12,0,0,0,---,HARD CLEAR,---,2025-09-23 12:30
copula,X,RENAISSANCE,D.J.Amuro,0,0,0,0,0,---,NO PLAY,---,7,0,0,0,---,NO PLAY,---,10,0,0,0,---,EASY CLEAR,---,12,0,0,0,---,HARD CLEAR,---,0,0,0,0,---,NO PLAY,---,2025-09-23 12:30
copula,ZEPHYRANTHES,BLOOM CORE,TAG,0,0,0,0,0,---,NO PLAY,---,5,0,0,0,---,ASSIST CLEAR,---,9,0,0,0,---,ASSIST CLEAR,---,11,0,0,0,---,HARD CLEAR,---,12,0,0,0,---,EASY CLEAR,---,2025-09-23 12:30
copula,か・し・ま・し☆PUMP UP！,SUMMER WORKOUT,miko,0,0,0,0,0,---,NO PLAY,---,6,0,0,0,---,NO PLAY,---,9,0,0,0,---,NO PLAY,---,11,0,0,0,---,HARD CLEAR,---,0,0,0,0,---,NO PLAY,---,2025-09-23 12:30
copula,めいさいアイドル☆あいむちゃん♪,電波デステクノ,DJ SHARPNEL feat. みらい,0,0,0,0,0,---,NO PLAY,---,7,0,0,0,---,NO PLAY,---,10,0,0,0,---,EASY CLEAR,---,12,0,0,0,---,HARD CLEAR,---,0,0,0,0,---,NO PLAY,---,2025-09-23 12:30
copula,オルタネイトβ,HYPER J-POP,Xceon feat. Mayumi Morinaga,0,0,0,0,0,---,NO PLAY,---,4,0,0,0,---,NO PLAY,---,7,0,0,0,---,NO PLAY,---,10,0,0,0,---,FULLCOMBO CLEAR,---,0,0,0,0,---,NO PLAY,---,2025-09-23 12:30
copula,ギョギョっと人魚 爆婚ブライダル,Hi-RESORT電波,海の底からマーメイド Prim by ARM×狐夢想,0,0,0,0,0,---,NO PLAY,---,4,0,0,0,---,NO PLAY,---,8,0,0,0,---,CLEAR,---,10,0,0,0,---,HARD CLEAR,---,0,0,0,0,---,NO PLAY,---,2025-09-23 12:30
copula,セロトニン,ORBITALICTRO,U1 overground,0,0,0,0,0,---,NO PLAY,---,6,0,0,0,---,NO PLAY,---,9,0,0,0,---,CLEAR,---,11,0,0,0,---,HARD CLEAR,---,0,0,0,0,---,NO PLAY,---,2025-09-23 12:30
copula,少女アリスと箱庭幻想コンチェルト,空想ファンタジーシリーズ,DJ TOTTO,0,0,0,0,0,---,NO PLAY,---,5,0,0,0,---,NO PLAY,---,8,0,0,0,---,HARD CLEAR,---,10,0,0,0,---,HARD CLEAR,---,0,0,0,0,---,NO PLAY,---,2025-09-23 12:30
copula,明鏡止水,禅ジャズ,TOMOSUKE feat. あさき,0,0,0,0,0,---,NO PLAY,---,5,0,0,0,---,NO PLAY,---,9,0,0,0,---,NO PLAY,---,11,0,0,0,---,HARD CLEAR,---,0,0,0,0,---,NO PLAY,---,2025-09-23 12:30
copula,朝焼けから始まるボクらの小さな旅,ARTCORE ROCK,cosMo＠暴走P,0,0,0,0,0,---,NO PLAY,---,5,0,0,0,---,NO PLAY,---,9,0,0,0,---,NO PLAY,---,11,0,0,0,---,HARD CLEAR,---,0,0,0,0,---,NO PLAY,---,2025-09-23 12:30
copula,灼熱 Pt.2 Long Train Running,BROKEN SAMBA BREAK,DJ Mass MAD Izm*,0,3,0,0,0,---,NO PLAY,---,7,0,0,0,---,ASSIST CLEAR,---,11,0,0,0,---,HARD CLEAR,---,12,0,0,0,---,FAILED,---,0,0,0,0,---,NO PLAY,---,2025-09-23 12:30
copula,真 地獄超特急 -HELL or HELL-,新世紀進歩的羽扇子音楽,DJ TECHNORCH Vs. L.E.D.Light-G,0,0,0,0,0,---,NO PLAY,---,7,0,0,0,---,ASSIST CLEAR,---,10,0,0,0,---,EASY CLEAR,---,12,0,0,0,---,CLEAR,---,0,0,0,0,---,NO PLAY,---,2025-09-23 12:30
copula,紫陽花 -AZISAI-,ORIENTAL TECHDANCE,Camellia Vs. Expander,0,2,0,0,0,---,NO PLAY,---,7,0,0,0,---,NO PLAY,---,10,0,0,0,---,ASSIST CLEAR,---,12,0,0,0,---,HARD CLEAR,---,12,0,0,0,---,EASY CLEAR,---,2025-09-23 12:30
copula,追想快晴テーマパーク,FUTURE E-POP,PHQUASE,0,0,0,0,0,---,NO PLAY,---,6,0,0,0,---,NO PLAY,---,10,0,0,0,---,CLEAR,---,11,0,0,0,---,HARD CLEAR,---,0,0,0,0,---,NO PLAY,---,2025-09-23 12:30
copula,量子の海のリントヴルム,エピックプログレ,黒猫ダンジョン,1,0,0,0,0,---,NO PLAY,---,6,0,0,0,---,ASSIST CLEAR,---,9,0,0,0,---,EASY CLEAR,---,11,1242,487,268,---,HARD CLEAR,D,0,0,0,0,---,NO PLAY,---,2025-10-04 16:11
copula,駅猫のワルツ,にゃんコア,ミニョンヌ鉄道兄弟,0,0,0,0,0,---,NO PLAY,---,6,0,0,0,---,NO PLAY,---,10,0,0,0,---,HARD CLEAR,---,12,0,0,0,---,EASY CLEAR,---,0,0,0,0,---,NO PLAY,---,2025-09-23 12:30
copula,麗 ～うらら～,WINTER GLOW,SOUND HOLIC feat. Nana Takahashi,0,1,0,0,0,---,NO PLAY,---,5,0,0,0,---,NO PLAY,---,9,0,0,0,---,ASSIST CLEAR,---,11,0,0,0,---,HARD CLEAR,---,0,0,0,0,---,NO PLAY,---,2025-09-23 12:30
SINOBUZ,!Viva!,TRIBAL HOUSE,Ryu*,0,0,0,0,0,---,NO PLAY,---,5,0,0,0,---,NO PLAY,---,8,0,0,0,---,CLEAR,---,10,0,0,0,---,HARD CLEAR,---,0,0,0,0,---,NO PLAY,---,2025-09-23 12:30
SINOBUZ,#MAGiCVLGiRL_TRVP_B3VTZ,NEON/TWERKCORE,DJ Noriken,0,0,0,0,0,---,NO PLAY,---,6,0,0,0,---,NO PLAY,---,9,0,0,0,---,HARD CLEAR,---,12,0,0,0,---,HARD CLEAR,---,0,0,0,0,---,NO PLAY,---,2025-09-23 12:30
SINOBUZ,(This Is Not) The Angels,BIG BEAT/BREAKBEATS,Hommarju,0,0,0,0,0,---,NO PLAY,---,4,0,0,0,---,NO PLAY,---,8,0,0,0,---,NO PLAY,---,11,0,0,0,---,HARD CLEAR,---,0,0,0,0,---,NO PLAY,---,2025-09-23 12:30
SINOBUZ,Amazing Mirage,HiTECH FULLON,lapix,0,2,0,0,0,---,NO PLAY,---,5,0,0,0,---,NO PLAY,---,9,0,0,0,---,ASSIST CLEAR,---,11,0,0,0,---,HARD CLEAR,---,12,0,0,0,---,HARD CLEAR,---,2025-09-23 12:30
SINOBUZ,AO-∞,DANCE SPEED,青龍,0,0,0,0,0,---,NO PLAY,---,6,0,0,0,---,NO PLAY,---,9,0,0,0,---,EASY CLEAR,---,10,0,0,0,---,HARD CLEAR,---,0,0,0,0,---,NO PLAY,---,2025-09-23 12:30
SINOBUZ,Apocalypse,EPIC D'N'B,Morrigan feat. リリィ,0,0,0,0,0,---,NO PLAY,---,5,0,0,0,---,ASSIST CLEAR,---,9,0,0,0,---,ASSIST CLEAR,---,12,0,0,0,---,HARD CLEAR,---,0,0,0,0,---,NO PLAY,---,2025-09-23 12:30
SINOBUZ,Around The Galaxy,UPLIFTING TRANCE,NISH,0,0,0,0,0,---,NO PLAY,---,5,0,0,0,---,NO PLAY,---,9,0,0,0,---,NO PLAY,---,11,0,0,0,---,HARD CLEAR,---,0,0,0,0,---,NO PLAY,---,2025-09-23 12:30
SINOBUZ,AsiaN distractive,WORLD,猫叉劇団,0,0,0,0,0,---,NO PLAY,---,5,0,0,0,---,NO PLAY,---,8,0,0,0,---,ASSIST CLEAR,---,11,0,0,0,---,HARD CLEAR,---,0,0,0,0,---,NO PLAY,---,2025-09-23 12:30
SINOBUZ,BabeL ～Grand Story～,SPIRAL STAIRS,Ako Atak,0,0,0,0,0,---,NO PLAY,---,6,0,0,0,---,NO PLAY,---,10,0,0,0,---,CLEAR,---,11,0,0,0,---,HARD CLEAR,---,0,0,0,0,---,NO PLAY,---,2025-09-23 12:30
SINOBUZ,Be A Star,ALTERNATIVE TECHNO POP,PHQUASE feat.ぁゅ,0,0,0,0,0,---,NO PLAY,---,4,0,0,0,---,NO PLAY,---,9,0,0,0,---,ASSIST CLEAR,---,11,0,0,0,---,HARD CLEAR,---,0,0,0,0,---,NO PLAY,---,2025-09-23 12:30
SINOBUZ,Beat Juggling Mix,DJ BATTLE,Hommarju,0,0,0,0,0,---,NO PLAY,---,6,0,0,0,---,NO PLAY,---,9,0,0,0,---,EASY CLEAR,---,11,0,0,0,---,HARD CLEAR,---,0,0,0,0,---,NO PLAY,---,2025-09-23 12:30
SINOBUZ,Believe in you,HARDCORE RAVE,DJ Shimamura feat. Renna,0,0,0,0,0,---,NO PLAY,---,5,0,0,0,---,NO PLAY,---,8,0,0,0,---,CLEAR,---,10,0,0,0,---,HARD CLEAR,---,0,0,0,0,---,NO PLAY,---,2025-09-23 12:30
SINOBUZ,Beyond The Seven,TRANCE,Nhato,1,0,0,0,0,---,NO PLAY,---,4,0,0,0,---,ASSIST CLEAR,---,7,0,0,0,---,ASSIST CLEAR,---,11,1572,620,332,---,HARD CLEAR,B,0,0,0,0,---,NO PLAY,---,2025-09-23 15:35
SINOBUZ,BREAK OVER,FESTIVAL SOUND,MASAYOSHI IIMORI,0,0,0,0,0,---,NO PLAY,---,5,0,0,0,---,NO PLAY,---,9,0,0,0,---,NO PLAY,---,11,0,0,0,---,HARD CLEAR,---,0,0,0,0,---,NO PLAY,---,2025-09-23 12:30
SINOBUZ,Breakin' Chain,MOOMBAHCORE,REDALiCE feat. MONICO,0,0,0,0,0,---,NO PLAY,---,4,0,0,0,---,ASSIST CLEAR,---,8,0,0,0,---,ASSIST CLEAR,---,10,0,0,0,---,HARD CLEAR,---,0,0,0,0,---,NO PLAY,---,2025-09-23 12:30
SINOBUZ,BroGamer,SUPER ULTIMATE HYPER CORE,USAO,0,0,0,0,0,---,NO PLAY,---,7,0,0,0,---,CLEAR,---,9,0,0,0,---,CLEAR,---,11,0,0,0,---,HARD CLEAR,---,12,0,0,0,---,EASY CLEAR,---,2025-09-23 12:30
SINOBUZ,Caterpillar,HARD TRAP,Eagle,0,0,0,0,0,---,NO PLAY,---,6,0,0,0,---,NO PLAY,---,10,0,0,0,---,CLEAR,---,12,0,0,0,---,HARD CLEAR,---,0,0,0,0,---,NO PLAY,---,2025-09-23 12:30
SINOBUZ,crew,ANTHEM,beatnation Records,0,0,0,0,0,---,NO PLAY,---,3,0,0,0,---,NO PLAY,---,8,0,0,0,---,ASSIST CLEAR,---,11,0,0,0,---,HARD CLEAR,---,0,0,0,0,---,NO PLAY,---,2025-09-23 12:30
SINOBUZ,Cyber True Color,DREAM COLLABORATION,kors k vs Sota Fujimori,0,0,0,0,0,---,NO PLAY,---,5,0,0,0,---,NO PLAY,---,9,0,0,0,---,NO PLAY,---,11,0,0,0,---,HARD CLEAR,---,0,0,0,0,---,NO PLAY,---,2025-09-23 12:30
SINOBUZ,DORNWALD ～Junge～,ARCHAIC TALE EP1,DJ TOTTO,1,0,0,0,0,---,NO PLAY,---,6,0,0,0,---,NO PLAY,---,10,0,0,0,---,HARD CLEAR,---,12,2002,759,484,---,CLEAR,C,0,0,0,0,---,NO PLAY,---,2025-09-23 16:53
SINOBUZ,ECHIDNA,HYBRID BUCHIAGE TRANCE,HuΣeR,3,0,0,0,0,---,NO PLAY,---,6,0,0,0,---,NO PLAY,---,10,0,0,0,---,CLEAR,---,12,1905,724,457,---,CLEAR,C,0,0,0,0,---,NO PLAY,---,2025-10-11 13:24
SINOBUZ,Egret and Willow,FUTURE BEATS,Dirty Androids,0,0,0,0,0,---,NO PLAY,---,6,0,0,0,---,NO PLAY,---,8,0,0,0,---,FAILED,---,11,0,0,0,---,HARD CLEAR,---,0,0,0,0,---,NO PLAY,---,2025-09-23 12:30
SINOBUZ,elemental bender feat. Kanae Asaba,EDM,MK,0,0,0,0,0,---,NO PLAY,---,3,0,0,0,---,NO PLAY,---,6,0,0,0,---,NO PLAY,---,8,0,0,0,---,HARD CLEAR,---,0,0,0,0,---,NO PLAY,---,2025-09-23 12:30
SINOBUZ,FUZIN RIZIN,HYPER DIGIMETAL,SOUND HOLIC feat. Nana Takahashi & 709sec.,0,0,0,0,0,---,NO PLAY,---,5,0,0,0,---,ASSIST CLEAR,---,9,0,0,0,---,ASSIST CLEAR,---,12,0,0,0,---,HARD CLEAR,---,0,0,0,0,---,NO PLAY,---,2025-09-23 12:30
SINOBUZ,Go Ahead!!,TRANCE CORE,Ryu☆ Vs. Sota,2,0,0,0,0,---,NO PLAY,---,7,0,0,0,---,ASSIST CLEAR,---,10,0,0,0,---,ASSIST CLEAR,---,12,1926,792,342,100,FAILED,A,0,0,0,0,---,NO PLAY,---,2025-10-18 15:27
SINOBUZ,GuNGNiR,REQUIEM PSY,Gram,0,0,0,0,0,---,NO PLAY,---,7,0,0,0,---,CLEAR,---,11,0,0,0,---,HARD CLEAR,---,12,0,0,0,---,EASY CLEAR,---,12,0,0,0,---,NO PLAY,---,2025-09-23 12:30
SINOBUZ,HADES,HARDSTYLE,Massive New Krew,0,2,0,0,0,---,ASSIST CLEAR,---,5,0,0,0,---,ASSIST CLEAR,---,9,0,0,0,---,EASY CLEAR,---,12,0,0,0,---,HARD CLEAR,---,0,0,0,0,---,NO PLAY,---,2025-09-23 12:30
SINOBUZ,HAPPY★RUSH,HAPPY,P*Light,0,0,0,0,0,---,NO PLAY,---,4,0,0,0,---,ASSIST CLEAR,---,9,0,0,0,---,CLEAR,---,11,0,0,0,---,HARD CLEAR,---,0,0,0,0,---,NO PLAY,---,2025-09-23 12:30
SINOBUZ,Honey Trap,HYPER TRAP,Expander,0,0,0,0,0,---,NO PLAY,---,5,0,0,0,---,NO PLAY,---,8,0,0,0,---,ASSIST CLEAR,---,11,0,0,0,---,HARD CLEAR,---,0,0,0,0,---,NO PLAY,---,2025-09-23 12:30
SINOBUZ,INVISIBLE STRIX,NEUROFUNK,L.E.D.,0,0,0,0,0,---,NO PLAY,---,6,0,0,0,---,NO PLAY,---,10,0,0,0,---,ASSIST CLEAR,---,11,0,0,0,---,HARD CLEAR,---,0,0,0,0,---,NO PLAY,---,2025-09-23 12:30
SINOBUZ,Lost wing at.0,DRUM'N'BASS,猫叉Master+,0,0,0,0,0,---,NO PLAY,---,5,0,0,0,---,ASSIST CLEAR,---,8,0,0,0,---,ASSIST CLEAR,---,11,0,0,0,---,HARD CLEAR,---,0,0,0,0,---,NO PLAY,---,2025-09-23 12:30
SINOBUZ,Macuilxochitl,PIANO CONTEMPORARY,TOMOSUKE,0,3,0,0,0,---,NO PLAY,---,7,0,0,0,---,NO PLAY,---,10,0,0,0,---,EASY CLEAR,---,11,0,0,0,---,HARD CLEAR,---,0,0,0,0,---,NO PLAY,---,2025-09-23 12:30
SINOBUZ,Magical,KAWAII FUTURE BASS,Snail's House,0,0,0,0,0,---,NO PLAY,---,4,0,0,0,---,ASSIST CLEAR,---,6,0,0,0,---,NO PLAY,---,10,0,0,0,---,HARD CLEAR,---,0,0,0,0,---,NO PLAY,---,2025-09-23 12:30
SINOBUZ,Mare Nectaris,EXPERIMENTAL,神楽,1,0,0,0,0,---,NO PLAY,---,7,0,0,0,---,ASSIST CLEAR,---,11,0,0,0,---,HARD CLEAR,---,12,2168,770,628,222,FAILED,C,0,0,0,0,---,NO PLAY,---,2025-09-23 18:25
SINOBUZ,Modular Technology,TECHNO,Sota Fujimori,0,0,0,0,0,---,NO PLAY,---,6,0,0,0,---,NO PLAY,---,10,0,0,0,---,ASSIST CLEAR,---,11,0,0,0,---,HARD CLEAR,---,0,0,0,0,---,NO PLAY,---,2025-09-23 12:30
SINOBUZ,Music is The Answer,TURBOFUNK,C-Show,0,0,0,0,0,---,NO PLAY,---,4,0,0,0,---,ASSIST CLEAR,---,8,0,0,0,---,ASSIST CLEAR,---,10,0,0,0,---,CLEAR,---,0,0,0,0,---,NO PLAY,---,2025-09-23 12:30
SINOBUZ,nostos,NOSTALGIA,Setaria Virtuoso,0,0,0,0,0,---,NO PLAY,---,5,0,0,0,---,NO PLAY,---,8,0,0,0,---,NO PLAY,---,11,0,0,0,---,HARD CLEAR,---,0,0,0,0,---,NO PLAY,---,2025-09-23 12:30
SINOBUZ,OOO,BUBBLEGUM DANCE,Ryu☆ feat.moimoi,0,0,0,0,0,---,NO PLAY,---,3,0,0,0,---,NO PLAY,---,7,0,0,0,---,NO PLAY,---,10,0,0,0,---,HARD CLEAR,---,0,0,0,0,---,NO PLAY,---,2025-09-23 12:30
SINOBUZ,OTENAMI Hurricane,POP BREAKCORE,t+pazolite,0,0,0,0,0,---,NO PLAY,---,6,0,0,0,---,NO PLAY,---,10,0,0,0,---,ASSIST CLEAR,---,12,0,0,0,---,HARD CLEAR,---,0,0,0,0,---,NO PLAY,---,2025-09-23 12:30
SINOBUZ,PAPAYAPA BASS,MONDO-GROOVE BASSHOUSE,かめりあ feat. ななひら,0,0,0,0,0,---,NO PLAY,---,5,0,0,0,---,NO PLAY,---,8,0,0,0,---,NO PLAY,---,11,0,0,0,---,HARD CLEAR,---,0,0,0,0,---,NO PLAY,---,2025-09-23 12:30
SINOBUZ,Piano Samurai,BEAT PIANO MUSIC,maras k(marasy+kors k),0,0,0,0,0,---,NO PLAY,---,5,0,0,0,---,NO PLAY,---,9,0,0,0,---,EASY CLEAR,---,10,0,0,0,---,HARD CLEAR,---,0,0,0,0,---,NO PLAY,---,2025-09-23 12:30
SINOBUZ,Quakes,HARD BREAK BEATS,dj Hellix,0,0,0,0,0,---,NO PLAY,---,6,0,0,0,---,ASSIST CLEAR,---,10,0,0,0,---,EASY CLEAR,---,12,0,0,0,---,EASY CLEAR,---,0,0,0,0,---,NO PLAY,---,2025-09-23 12:30
SINOBUZ,RAIN,TRANCE,dj TAKA,0,0,0,0,0,---,NO PLAY,---,6,0,0,0,---,ASSIST CLEAR,---,9,0,0,0,---,ASSIST CLEAR,---,12,0,0,0,---,HARD CLEAR,---,0,0,0,0,---,NO PLAY,---,2025-09-23 12:30
SINOBUZ,Rave Cannon,SPEED RAVE,kors k,0,0,0,0,0,---,NO PLAY,---,5,0,0,0,---,NO PLAY,---,9,0,0,0,---,CLEAR,---,12,0,0,0,---,HARD CLEAR,---,0,0,0,0,---,NO PLAY,---,2025-09-23 12:30
SINOBUZ,Remedy feat. Kanae Asaba,哀愁EUROBEAT,Y&Co.,0,0,0,0,0,---,NO PLAY,---,5,0,0,0,---,NO PLAY,---,8,0,0,0,---,NO PLAY,---,10,0,0,0,---,HARD CLEAR,---,0,0,0,0,---,NO PLAY,---,2025-09-23 12:30
SINOBUZ,ROTTERDAM SHOGUN,RDM,ABDI from ジャカルタファンクブラザーズ,0,3,0,0,0,---,NO PLAY,---,6,0,0,0,---,ASSIST CLEAR,---,9,0,0,0,---,CLEAR,---,11,0,0,0,---,HARD CLEAR,---,0,0,0,0,---,NO PLAY,---,2025-09-23 12:30
SINOBUZ,SAMURAI-Scramble,TECH BREAKBEATS,DJ Mass MAD Izm*,1,0,0,0,0,---,NO PLAY,---,5,0,0,0,---,NO PLAY,---,9,0,0,0,---,EASY CLEAR,---,11,1715,656,403,79,HARD CLEAR,A,12,0,0,0,---,EASY CLEAR,---,2025-10-18 14:21
SINOBUZ,Sarutobi Champion is 拙者,PIECED MAKIBISHI,Project B-,0,0,0,0,0,---,NO PLAY,---,6,0,0,0,---,NO PLAY,---,9,0,0,0,---,NO PLAY,---,11,0,0,0,---,HARD CLEAR,---,0,0,0,0,---,NO PLAY,---,2025-09-23 12:30
SINOBUZ,SAY BAY,SHINOBI RAVE,P*Light,0,0,0,0,0,---,NO PLAY,---,5,0,0,0,---,ASSIST CLEAR,---,8,0,0,0,---,ASSIST CLEAR,---,12,0,0,0,---,HARD CLEAR,---,0,0,0,0,---,NO PLAY,---,2025-09-23 12:30
SINOBUZ,Seaside Labyrinth,80's SYNTH FUNK,Dirty Androids,0,0,0,0,0,---,NO PLAY,---,4,0,0,0,---,NO PLAY,---,7,0,0,0,---,ASSIST CLEAR,---,9,0,0,0,---,HARD CLEAR,---,0,0,0,0,---,NO PLAY,---,2025-09-23 12:30
SINOBUZ,Selfish Sweet,R&B,OSTER project feat. かなたん,4,0,0,0,0,---,NO PLAY,---,3,0,0,0,---,NO PLAY,---,5,0,0,0,---,NO PLAY,---,9,0,0,0,---,HARD CLEAR,---,11,1996,767,462,43,HARD CLEAR,A,2025-10-18 15:36
SINOBUZ,SEQUENCE CAT,TECHNO,SLEDLAKE (SLAKE & L.E.D.),0,0,0,0,0,---,NO PLAY,---,5,0,0,0,---,NO PLAY,---,10,0,0,0,---,EASY CLEAR,---,11,0,0,0,---,HARD CLEAR,---,0,0,0,0,---,NO PLAY,---,2025-09-23 12:30
SINOBUZ,shuriken,CHIPTUNE,ヒゲドライバー,0,0,0,0,0,---,NO PLAY,---,4,0,0,0,---,NO PLAY,---,6,0,0,0,---,ASSIST CLEAR,---,10,0,0,0,---,HARD CLEAR,---,0,0,0,0,---,NO PLAY,---,2025-09-23 12:30
SINOBUZ,SINOBUZ Fantasy,CANDY ROCK,Noria,0,0,0,0,0,---,NO PLAY,---,6,0,0,0,---,NO PLAY,---,9,0,0,0,---,NO PLAY,---,10,0,0,0,---,HARD CLEAR,---,0,0,0,0,---,NO PLAY,---,2025-09-23 12:30
SINOBUZ,Sky High,ANTHEM,Cuvelia,0,3,0,0,0,---,NO PLAY,---,6,0,0,0,---,NO PLAY,---,10,0,0,0,---,CLEAR,---,12,0,0,0,---,HARD CLEAR,---,0,0,0,0,---,NO PLAY,---,2025-09-23 12:30
SINOBUZ,Snakey Kung-fu,ASIAN CONTEMPORARY,金獅子 vs 麒麟 feat. 獏,0,0,0,0,0,---,NO PLAY,---,6,0,0,0,---,ASSIST CLEAR,---,10,0,0,0,---,ASSIST CLEAR,---,12,0,0,0,---,HARD CLEAR,---,0,0,0,0,---,NO PLAY,---,2025-09-23 12:30
SINOBUZ,Steel Edge,DRUM&BASS,Maozon,0,0,0,0,0,---,NO PLAY,---,5,0,0,0,---,NO PLAY,---,8,0,0,0,---,ASSIST CLEAR,---,12,0,0,0,---,HARD CLEAR,---,0,0,0,0,---,NO PLAY,---,2025-09-23 12:30
SINOBUZ,Summerlights(IIDX Edition),HARDCORE RAVE,DJ Noriken,0,0,0,0,0,---,NO PLAY,---,6,0,0,0,---,ASSIST CLEAR,---,9,0,0,0,---,ASSIST CLEAR,---,12,0,0,0,---,HARD CLEAR,---,0,0,0,0,---,NO PLAY,---,2025-09-23 12:30
SINOBUZ,Super Rush,HARDTEK,kors k,1,0,0,0,0,---,NO PLAY,---,6,0,0,0,---,ASSIST CLEAR,---,9,0,0,0,---,ASSIST CLEAR,---,12,2895,1241,413,45,HARD CLEAR,AA,0,0,0,0,---,NO PLAY,---,2025-10-04 14:10
SINOBUZ,Surf on the Light,ELECTRO FUSION,Tomoyuki Uchida,0,0,0,0,0,---,NO PLAY,---,4,0,0,0,---,NO PLAY,---,8,0,0,0,---,ASSIST CLEAR,---,10,0,0,0,---,HARD CLEAR,---,0,0,0,0,---,NO PLAY,---,2025-09-23 12:30
SINOBUZ,The Commanders,HARDSTYLE,USAO,0,0,0,0,0,---,NO PLAY,---,5,0,0,0,---,NO PLAY,---,8,0,0,0,---,ASSIST CLEAR,---,10,0,0,0,---,HARD CLEAR,---,0,0,0,0,---,NO PLAY,---,2025-09-23 12:30
SINOBUZ,TOGAKUSHI,HARD TRANCE,SETUP,0,0,0,0,0,---,NO PLAY,---,5,0,0,0,---,NO PLAY,---,10,0,0,0,---,CLEAR,---,12,0,0,0,---,HARD CLEAR,---,0,0,0,0,---,NO PLAY,---,2025-09-23 12:30
SINOBUZ,Umbral,UPLIFTING TRANCE,Maozon,0,0,0,0,0,---,NO PLAY,---,3,0,0,0,---,NO PLAY,---,7,0,0,0,---,ASSIST CLEAR,---,10,0,0,0,---,FULLCOMBO CLEAR,---,12,0,0,0,---,HARD CLEAR,---,2025-09-23 12:30
SINOBUZ,Venom,JUMP UP/HARDCORE,kors k vs L.E.D.-G,0,0,0,0,0,---,NO PLAY,---,6,0,0,0,---,NO PLAY,---,10,0,0,0,---,EASY CLEAR,---,12,0,0,0,---,HARD CLEAR,---,0,0,0,0,---,NO PLAY,---,2025-09-23 12:30
SINOBUZ,Vermilion,HARD HOUSE,Remo-con,0,0,0,0,0,---,NO PLAY,---,5,0,0,0,---,NO PLAY,---,8,0,0,0,---,ASSIST CLEAR,---,10,0,0,0,---,HARD CLEAR,---,0,0,0,0,---,NO PLAY,---,2025-09-23 12:30
SINOBUZ,Warrior,MAINSTREAM HARDCORE,DJ CHUCKY feat. Jonjo,0,0,0,0,0,---,NO PLAY,---,5,0,0,0,---,NO PLAY,---,8,0,0,0,---,NO PLAY,---,10,0,0,0,---,HARD CLEAR,---,0,0,0,0,---,NO PLAY,---,2025-09-23 12:30
SINOBUZ,XINOBIKILL,CYBER JAZZSTEP,SOUND HOLIC feat. Nana Takahashi,0,0,0,0,0,---,NO PLAY,---,6,0,0,0,---,ASSIST CLEAR,---,9,0,0,0,---,NO PLAY,---,11,0,0,0,---,HARD CLEAR,---,0,0,0,0,---,NO PLAY,---,2025-09-23 12:30
SINOBUZ,yamabiko (SINOBUZ Edition),夏の夕暮れと、DUBSTEP。,かめりあ,0,0,0,0,0,---,NO PLAY,---,5,0,0,0,---,NO PLAY,---,8,0,0,0,---,NO PLAY,---,11,0,0,0,---,HARD CLEAR,---,0,0,0,0,---,NO PLAY,---,2025-09-23 12:30
SINOBUZ,Yellow Sketch(RX-Ver.S.P.L.),ALTERNATIVE ELECTRO,高田雅史,0,0,0,0,0,---,NO PLAY,---,4,0,0,0,---,NO PLAY,---,9,0,0,0,---,NO PLAY,---,11,0,0,0,---,HARD CLEAR,---,0,0,0,0,---,NO PLAY,---,2025-09-23 12:30
SINOBUZ,〆,HiTECH,lapix,0,0,0,0,0,---,NO PLAY,---,6,0,0,0,---,NO PLAY,---,9,0,0,0,---,CLEAR,---,12,0,0,0,---,HARD CLEAR,---,0,0,0,0,---,NO PLAY,---,2025-09-23 12:30
SINOBUZ,イザナミノナゲキ,WORLD/ELECTRONICA,猫叉Master,0,0,0,0,0,---,NO PLAY,---,6,0,0,0,---,NO PLAY,---,9,0,0,0,---,NO PLAY,---,12,0,0,0,---,HARD CLEAR,---,0,0,0,0,---,NO PLAY,---,2025-09-23 12:30
SINOBUZ,ディッシュウォッシャー◎彡おいわちゃん,ネオスカ電波,ARM×狐夢想 feat. 山本椛,0,0,0,0,0,---,NO PLAY,---,3,0,0,0,---,NO PLAY,---,7,0,0,0,---,NO PLAY,---,11,0,0,0,---,HARD CLEAR,---,0,0,0,0,---,NO PLAY,---,2025-09-23 12:30
SINOBUZ,九尾狐夜行,ORIENTAL FUSION,天狐,0,0,0,0,0,---,NO PLAY,---,5,0,0,0,---,NO PLAY,---,9,0,0,0,---,NO PLAY,---,12,0,0,0,---,HARD CLEAR,---,0,0,0,0,---,NO PLAY,---,2025-09-23 12:30
SINOBUZ,冬椿 ft. Kanae Asaba,HYPER ENKA POP,Xceon,1,1,0,0,0,---,NO PLAY,---,5,0,0,0,---,NO PLAY,---,7,0,0,0,---,NO PLAY,---,10,0,0,0,---,HARD CLEAR,---,11,890,344,202,---,HARD CLEAR,E,2025-10-11 14:19
SINOBUZ,刃図羅,LAST ARTS,猫叉Master vs HuΣeR,0,0,0,0,0,---,NO PLAY,---,6,0,0,0,---,NO PLAY,---,10,0,0,0,---,EASY CLEAR,---,12,0,0,0,---,HARD CLEAR,---,0,0,0,0,---,NO PLAY,---,2025-09-23 12:30
SINOBUZ,忍恋花,忍歌,黒脛,0,0,0,0,0,---,NO PLAY,---,5,0,0,0,---,NO PLAY,---,9,0,0,0,---,NO PLAY,---,11,0,0,0,---,HARD CLEAR,---,0,0,0,0,---,NO PLAY,---,2025-09-23 12:30
SINOBUZ,恋はどう？モロ◎波動OK☆方程式!!,理系ポップ,あべにゅうぷろじぇくと feat. 佐倉紗織 produced by ave;new,0,0,0,0,0,---,NO PLAY,---,5,0,0,0,---,NO PLAY,---,8,0,0,0,---,NO PLAY,---,10,0,0,0,---,HARD CLEAR,---,0,0,0,0,---,NO PLAY,---,2025-09-23 12:30
SINOBUZ,月雪に舞う華のように,FOREST SNOW,猫叉Master,0,0,0,0,0,---,NO PLAY,---,5,0,0,0,---,NO PLAY,---,7,0,0,0,---,NO PLAY,---,10,0,0,0,---,EASY CLEAR,---,0,0,0,0,---,NO PLAY,---,2025-09-23 12:30
SINOBUZ,次葉 -turn the page-,POP ROCK,小寺可南子,0,0,0,0,0,---,NO PLAY,---,4,0,0,0,---,NO PLAY,---,8,0,0,0,---,ASSIST CLEAR,---,10,0,0,0,---,HARD CLEAR,---,0,0,0,0,---,NO PLAY,---,2025-09-23 12:30
SINOBUZ,津軽雪,MICHINOKU,罠師 VS 安室,0,0,0,0,0,---,NO PLAY,---,7,0,0,0,---,NO PLAY,---,10,0,0,0,---,EASY CLEAR,---,12,0,0,0,---,HARD CLEAR,---,0,0,0,0,---,NO PLAY,---,2025-09-23 12:30
SINOBUZ,火影,HIP HOP,RoughSkreamZ feat.楽天斎,0,0,0,0,0,---,NO PLAY,---,5,0,0,0,---,NO PLAY,---,9,0,0,0,---,HARD CLEAR,---,12,0,0,0,---,HARD CLEAR,---,0,0,0,0,---,NO PLAY,---,2025-09-23 12:30
SINOBUZ,焔極OVERKILL,HARDCORE,RoughSketch Vs. L.E.D.-G,0,0,0,0,0,---,NO PLAY,---,6,0,0,0,---,ASSIST CLEAR,---,10,0,0,0,---,HARD CLEAR,---,12,0,0,0,---,EASY CLEAR,---,0,0,0,0,---,NO PLAY,---,2025-09-23 12:30
SINOBUZ,獅子霞麗ノ舞,DRAMATIC WALTZ,HuΣeR,0,0,0,0,0,---,NO PLAY,---,4,0,0,0,---,NO PLAY,---,6,0,0,0,---,NO PLAY,---,9,0,0,0,---,HARD CLEAR,---,0,0,0,0,---,NO PLAY,---,2025-09-23 12:30
SINOBUZ,禍根,ORBITALIC FUTURE BASS,U1 overground,0,0,0,0,0,---,NO PLAY,---,5,0,0,0,---,NO PLAY,---,9,0,0,0,---,ASSIST CLEAR,---,11,0,0,0,---,HARD CLEAR,---,0,0,0,0,---,NO PLAY,---,2025-09-23 12:30
SINOBUZ,童話回廊,空想ファンタジーシリーズ,DJ TOTTO,0,0,0,0,0,---,NO PLAY,---,5,0,0,0,---,ASSIST CLEAR,---,9,0,0,0,---,NO PLAY,---,12,0,0,0,---,HARD CLEAR,---,0,0,0,0,---,NO PLAY,---,2025-09-23 12:30
SINOBUZ,鴉,CROSSBREED,L.E.D.-G,0,0,0,0,0,---,NO PLAY,---,7,0,0,0,---,CLEAR,---,10,0,0,0,---,EASY CLEAR,---,11,0,0,0,---,HARD CLEAR,---,0,0,0,0,---,NO PLAY,---,2025-09-23 12:30
CANNON BALLERS,1001 -ESCAPE-,JAZZ ROCK,SOUND HOLIC feat. Nana Takahashi,0,0,0,0,0,---,NO PLAY,---,5,0,0,0,---,NO PLAY,---,8,0,0,0,---,ASSIST CLEAR,---,10,0,0,0,---,HARD CLEAR,---,0,0,0,0,---,NO PLAY,---,2025-09-23 12:30
CANNON BALLERS,255,HYPER SPEED RAVE,255,1,0,0,0,0,---,NO PLAY,---,6,0,0,0,---,ASSIST CLEAR,---,9,0,0,0,---,NO PLAY,---,12,2210,826,558,85,CLEAR,B,0,0,0,0,---,NO PLAY,---,2025-10-04 15:35
CANNON BALLERS,AA -rebuild-,RENAISSANCE,D.J.Amuro,0,0,0,0,0,---,NO PLAY,---,7,0,0,0,---,CLEAR,---,10,0,0,0,---,HARD CLEAR,---,12,0,0,0,---,HARD CLEAR,---,0,0,0,0,---,NO PLAY,---,2025-09-23 12:30
CANNON BALLERS,Abraxas,DUBSTEP,SYUNN,0,0,0,0,0,---,NO PLAY,---,5,0,0,0,---,NO PLAY,---,9,0,0,0,---,ASSIST CLEAR,---,11,0,0,0,---,HARD CLEAR,---,0,0,0,0,---,NO PLAY,---,2025-09-23 12:30
CANNON BALLERS,ACCELERATE,SYNTH-TECH,Sota Fujimori,0,0,0,0,0,---,NO PLAY,---,6,0,0,0,---,NO PLAY,---,8,0,0,0,---,ASSIST CLEAR,---,10,0,0,0,---,HARD CLEAR,---,0,0,0,0,---,NO PLAY,---,2025-09-23 12:30
CANNON BALLERS,Alpheratz,PIANO TRANCE,Xceon,0,0,0,0,0,---,NO PLAY,---,2,0,0,0,---,NO PLAY,---,5,0,0,0,---,NO PLAY,---,9,0,0,0,---,HARD CLEAR,---,0,0,0,0,---,NO PLAY,---,2025-09-23 12:30
CANNON BALLERS,Amor De Verao,熱帯 THE BASS,かめりあ feat. ななひら,0,0,0,0,0,---,NO PLAY,---,4,0,0,0,---,NO PLAY,---,8,0,0,0,---,ASSIST CLEAR,---,11,0,0,0,---,HARD CLEAR,---,0,0,0,0,---,NO PLAY,---,2025-09-23 12:30
CANNON BALLERS,ANAGMA,PSY TECH DANCE,C-Show,0,0,0,0,0,---,NO PLAY,---,5,0,0,0,---,NO PLAY,---,8,0,0,0,---,ASSIST CLEAR,---,10,0,0,0,---,HARD CLEAR,---,0,0,0,0,---,NO PLAY,---,2025-09-23 12:30
CANNON BALLERS,ANCHOR,STYLISH CROSSOVER,BEMANI Sound Team "HuΣeR Vs. SYUNN",1,0,0,0,0,---,NO PLAY,---,7,0,0,0,---,ASSIST CLEAR,---,10,1881,749,383,38,HARD CLEAR,A,12,0,0,0,---,HARD CLEAR,---,0,0,0,0,---,NO PLAY,---,2025-10-04 15:55
CANNON BALLERS,Antigravity,HARDCORE DANCE SPEED,t+pazolite,0,0,0,0,0,---,NO PLAY,---,6,0,0,0,---,ASSIST CLEAR,---,10,0,0,0,---,ASSIST CLEAR,---,12,0,0,0,---,CLEAR,---,0,0,0,0,---,NO PLAY,---,2025-09-23 12:30
CANNON BALLERS,Arca,GENESIS,BEMANI Sound Team "Akhuta Works",0,0,0,0,0,---,NO PLAY,---,5,0,0,0,---,NO PLAY,---,9,0,0,0,---,ASSIST CLEAR,---,12,0,0,0,---,HARD CLEAR,---,0,0,0,0,---,NO PLAY,---,2025-09-23 12:30
CANNON BALLERS,Around the Future,CYBERCORE,Maozon vs. C-Show,1,0,0,0,0,---,NO PLAY,---,6,0,0,0,---,NO PLAY,---,9,0,0,0,---,NO PLAY,---,11,1359,493,373,---,HARD CLEAR,C,0,0,0,0,---,NO PLAY,---,2025-09-23 16:34
CANNON BALLERS,Back Spin Sweeper,WAGON WHEEL TRANCE,DJ TOTTO,0,0,0,0,0,---,NO PLAY,---,6,0,0,0,---,ASSIST CLEAR,---,9,0,0,0,---,EASY CLEAR,---,11,0,0,0,---,HARD CLEAR,---,0,0,0,0,---,NO PLAY,---,2025-09-23 12:30
CANNON BALLERS,Battleground,SCHRANZ,kors k,0,0,0,0,0,---,NO PLAY,---,6,0,0,0,---,NO PLAY,---,9,0,0,0,---,NO PLAY,---,11,0,0,0,---,HARD CLEAR,---,0,0,0,0,---,NO PLAY,---,2025-09-23 12:30
CANNON BALLERS,Be a Hero!,DIGITAL THRASH PUNK,中島由貴,0,0,0,0,0,---,NO PLAY,---,4,0,0,0,---,ASSIST CLEAR,---,9,0,0,0,---,NO PLAY,---,11,0,0,0,---,HARD CLEAR,---,0,0,0,0,---,NO PLAY,---,2025-09-23 12:30
CANNON BALLERS,Best of Me,CYBER LIQUID FUNK,Maozon,0,0,0,0,0,---,NO PLAY,---,4,0,0,0,---,NO PLAY,---,8,0,0,0,---,FAILED,---,10,0,0,0,---,HARD CLEAR,---,0,0,0,0,---,NO PLAY,---,2025-09-23 12:30
CANNON BALLERS,Boomy and The Boost,NEO JUNGLE,Eagle,0,2,0,0,0,---,NO PLAY,---,6,0,0,0,---,ASSIST CLEAR,---,9,0,0,0,---,HARD CLEAR,---,12,0,0,0,---,HARD CLEAR,---,0,0,0,0,---,NO PLAY,---,2025-09-23 12:30
CANNON BALLERS,Break Stasis,DRUMSTEP/HARDCORE,Hommarju & Akira Complex,0,0,0,0,0,---,NO PLAY,---,6,0,0,0,---,NO PLAY,---,9,0,0,0,---,ASSIST CLEAR,---,10,0,0,0,---,HARD CLEAR,---,0,0,0,0,---,NO PLAY,---,2025-09-23 12:30
CANNON BALLERS,ChaserXX,CYBERNETICS PIANO HOUSE,HuΣeR,1,0,0,0,0,---,NO PLAY,---,6,0,0,0,---,ASSIST CLEAR,---,9,0,0,0,---,ASSIST CLEAR,---,11,0,0,0,---,HARD CLEAR,---,12,2725,1057,611,92,EASY CLEAR,A,2025-10-11 14:11
CANNON BALLERS,Chemical Cookie,FUTURE BASS,YUC'e,1,0,0,0,0,---,NO PLAY,---,5,0,0,0,---,NO PLAY,---,8,0,0,0,---,ASSIST CLEAR,---,10,1558,620,318,36,HARD CLEAR,A,0,0,0,0,---,NO PLAY,---,2025-10-04 14:24
CANNON BALLERS,City Never Sleeps (IIDX Edition),DRUM&BASS,Dirty Androids,0,0,0,0,0,---,NO PLAY,---,7,0,0,0,---,ASSIST CLEAR,---,9,0,0,0,---,CLEAR,---,11,0,0,0,---,HARD CLEAR,---,0,0,0,0,---,NO PLAY,---,2025-09-23 12:30
CANNON BALLERS,COSMIC☆WONDER☆REVOLUTION,COSMIC POP,猫叉Master+,0,0,0,0,0,---,NO PLAY,---,4,0,0,0,---,NO PLAY,---,7,0,0,0,---,NO PLAY,---,9,0,0,0,---,FULLCOMBO CLEAR,---,0,0,0,0,---,NO PLAY,---,2025-09-23 12:30
CANNON BALLERS,DEADHEAT,HARDCORE,DJ Myosuke,1,0,0,0,0,---,NO PLAY,---,6,0,0,0,---,ASSIST CLEAR,---,10,0,0,0,---,HARD CLEAR,---,12,1701,612,477,---,EASY CLEAR,C,0,0,0,0,---,NO PLAY,---,2025-10-18 15:14
CANNON BALLERS,DEATH†ZIGOQ ～怒りの高速爆走野郎～,世紀末コア,L.E.D.ALiCE(DJ NAGAI Vs. BEMANI Sound Team "L.E.D.-G"),0,0,0,0,0,---,NO PLAY,---,7,0,0,0,---,NO PLAY,---,10,0,0,0,---,HARD CLEAR,---,12,0,0,0,---,EASY CLEAR,---,12,0,0,0,---,NO PLAY,---,2025-09-23 12:30
CANNON BALLERS,DropZ-Line-,PUMPCORE,Getty vs. DJ DiA,0,0,0,0,0,---,NO PLAY,---,7,0,0,0,---,ASSIST CLEAR,---,10,0,0,0,---,CLEAR,---,12,0,0,0,---,HARD CLEAR,---,0,0,0,0,---,NO PLAY,---,2025-09-23 12:30
CANNON BALLERS,Eine Haube ～聖地の果てにあるもの～,VELLUM,AIKO OI,0,0,0,0,0,---,NO PLAY,---,5,0,0,0,---,NO PLAY,---,8,0,0,0,---,ASSIST CLEAR,---,11,0,0,0,---,HARD CLEAR,---,0,0,0,0,---,NO PLAY,---,2025-09-23 12:30
CANNON BALLERS,EMERALDAS,IRREGULAR DJENT STEP,BEMANI Sound Team "HuΣeR vs dj Hellix",0,3,0,0,0,---,NO PLAY,---,7,0,0,0,---,ASSIST CLEAR,---,11,0,0,0,---,HARD CLEAR,---,12,0,0,0,---,EASY CLEAR,---,0,0,0,0,---,NO PLAY,---,2025-09-23 12:30
CANNON BALLERS,encounter,DRUM'N'BASS,猫叉Master+,0,0,0,0,0,---,NO PLAY,---,5,0,0,0,---,NO PLAY,---,9,0,0,0,---,EASY CLEAR,---,12,0,0,0,---,HARD CLEAR,---,0,0,0,0,---,NO PLAY,---,2025-09-23 12:30
CANNON BALLERS,Exhaust Hype,HARD BASS HOUSE,DJ Noriken,0,0,0,0,0,---,NO PLAY,---,5,0,0,0,---,NO PLAY,---,9,0,0,0,---,ASSIST CLEAR,---,11,0,0,0,---,HARD CLEAR,---,0,0,0,0,---,NO PLAY,---,2025-09-23 12:30
CANNON BALLERS,Expanded !!,MIDDLE EASTERN TWERK,BEMANI Sound Team "Expander",0,0,0,0,0,---,NO PLAY,---,4,0,0,0,---,NO PLAY,---,8,0,0,0,---,ASSIST CLEAR,---,10,0,0,0,---,HARD CLEAR,---,0,0,0,0,---,NO PLAY,---,2025-09-23 12:30
CANNON BALLERS,Fervidex,ARTCORE,Feryquitous,0,0,0,0,0,---,NO PLAY,---,5,0,0,0,---,ASSIST CLEAR,---,9,0,0,0,---,FAILED,---,11,0,0,0,---,HARD CLEAR,---,0,0,0,0,---,NO PLAY,---,2025-09-23 12:30
CANNON BALLERS,FREEDOM,HYPER DUBSTEP,USAO,0,0,0,0,0,---,NO PLAY,---,5,0,0,0,---,NO PLAY,---,8,0,0,0,---,ASSIST CLEAR,---,11,0,0,0,---,HARD CLEAR,---,0,0,0,0,---,NO PLAY,---,2025-09-23 12:30
CANNON BALLERS,From Time To Time,TECH HOUSE,sanodg,0,0,0,0,0,---,NO PLAY,---,4,0,0,0,---,NO PLAY,---,9,0,0,0,---,NO PLAY,---,10,0,0,0,---,HARD CLEAR,---,0,0,0,0,---,NO PLAY,---,2025-09-23 12:30
CANNON BALLERS,FUTURE is Dead,HOLIC,C-Show,0,0,0,0,0,---,NO PLAY,---,5,0,0,0,---,ASSIST CLEAR,---,8,0,0,0,---,ASSIST CLEAR,---,11,0,0,0,---,HARD CLEAR,---,0,0,0,0,---,NO PLAY,---,2025-09-23 12:30
CANNON BALLERS,Get Up! feat. Kanae Asaba,TROPICAL HOUSE,MK,0,0,0,0,0,---,NO PLAY,---,3,0,0,0,---,NO PLAY,---,7,0,0,0,---,NO PLAY,---,9,0,0,0,---,HARD CLEAR,---,0,0,0,0,---,NO PLAY,---,2025-09-23 12:30
CANNON BALLERS,HAT TRICK,HANDZ STYLE,P*Light,1,0,0,0,0,---,NO PLAY,---,5,0,0,0,---,ASSIST CLEAR,---,8,0,0,0,---,ASSIST CLEAR,---,10,1866,812,242,8,HARD CLEAR,AA,0,0,0,0,---,NO PLAY,---,2025-10-11 12:46
CANNON BALLERS,Hella Deep,FREESTYLE,MASAYOSHI IIMORI,0,0,0,0,0,---,NO PLAY,---,4,0,0,0,---,NO PLAY,---,7,0,0,0,---,CLEAR,---,10,0,0,0,---,HARD CLEAR,---,0,0,0,0,---,NO PLAY,---,2025-09-23 12:30
CANNON BALLERS,HYPE THE CORE,GABBA,DJ CHUCKY,0,0,0,0,0,---,NO PLAY,---,6,0,0,0,---,NO PLAY,---,10,0,0,0,---,ASSIST CLEAR,---,11,0,0,0,---,HARD CLEAR,---,0,0,0,0,---,NO PLAY,---,2025-09-23 12:30
CANNON BALLERS,I Love You,EURO TRANCE,O/iviA,0,0,0,0,0,---,NO PLAY,---,5,0,0,0,---,NO PLAY,---,9,0,0,0,---,NO PLAY,---,11,0,0,0,---,HARD CLEAR,---,0,0,0,0,---,NO PLAY,---,2025-09-23 12:30
CANNON BALLERS,Illusionary Waterlily,EMOTIONAL RAVE EUPHORIA,DJ Noriken,0,0,0,0,0,---,NO PLAY,---,6,0,0,0,---,NO PLAY,---,10,0,0,0,---,ASSIST CLEAR,---,12,0,0,0,---,HARD CLEAR,---,0,0,0,0,---,NO PLAY,---,2025-09-23 12:30
CANNON BALLERS,Initiation,00's TECHNO,BEMANI Sound Team "謎の勢力",1,3,0,0,0,---,NO PLAY,---,7,0,0,0,---,ASSIST CLEAR,---,10,0,0,0,---,EASY CLEAR,---,12,2651,1033,585,115,CLEAR,B,0,0,0,0,---,NO PLAY,---,2025-10-18 14:52
CANNON BALLERS,Life Is A Game ft.DD"ナカタ"Metal,UPTEMPO HARDCORE,RoughSketch,0,0,0,0,0,---,NO PLAY,---,6,0,0,0,---,NO PLAY,---,10,0,0,0,---,HARD CLEAR,---,12,0,0,0,---,HARD CLEAR,---,0,0,0,0,---,NO PLAY,---,2025-09-23 12:30
CANNON BALLERS,LUV DRIVE,POPCORE,RoughSketch feat.Aikapin,0,0,0,0,0,---,NO PLAY,---,5,0,0,0,---,NO PLAY,---,7,0,0,0,---,NO PLAY,---,10,0,0,0,---,HARD CLEAR,---,0,0,0,0,---,NO PLAY,---,2025-09-23 12:30
CANNON BALLERS,MAXIVCORD,ADMIRABLE,BEMANI Sound Team "dj TAKA",0,0,0,0,0,---,NO PLAY,---,5,0,0,0,---,NO PLAY,---,9,0,0,0,---,FAILED,---,11,0,0,0,---,HARD CLEAR,---,0,0,0,0,---,NO PLAY,---,2025-09-23 12:30
CANNON BALLERS,Midnight Lady,NU 80's DISCO FUNK,Dirty Androids,0,0,0,0,0,---,NO PLAY,---,4,0,0,0,---,NO PLAY,---,6,0,0,0,---,NO PLAY,---,9,0,0,0,---,HARD CLEAR,---,0,0,0,0,---,NO PLAY,---,2025-09-23 12:30
CANNON BALLERS,n'pa pa BBQ,FUTURE TERROR,YUC'e,1,0,0,0,0,---,NO PLAY,---,4,0,0,0,---,ASSIST CLEAR,---,8,0,0,0,---,ASSIST CLEAR,---,11,2115,852,411,52,HARD CLEAR,A,0,0,0,0,---,NO PLAY,---,2025-09-23 17:20
CANNON BALLERS,NITROUS CANNON,MACHINEGUN PSYSTYLE,かめりあ,1,0,0,0,0,---,NO PLAY,---,7,0,0,0,---,NO PLAY,---,10,0,0,0,---,EASY CLEAR,---,12,2683,1083,517,---,EASY CLEAR,A,0,0,0,0,---,NO PLAY,---,2025-10-18 14:43
CANNON BALLERS,No Limit 2 dAnce feat. 大山愛未,HYPER TECHNO,Y&Co.,0,0,0,0,0,---,NO PLAY,---,5,0,0,0,---,NO PLAY,---,8,0,0,0,---,NO PLAY,---,11,0,0,0,---,HARD CLEAR,---,0,0,0,0,---,NO PLAY,---,2025-09-23 12:30
CANNON BALLERS,Nothing but Theory,ULTRA JAZZFUNKTION,lapix,0,0,0,0,0,---,NO PLAY,---,5,0,0,0,---,NO PLAY,---,8,0,0,0,---,CLEAR,---,11,0,0,0,---,HARD CLEAR,---,12,0,0,0,---,HARD CLEAR,---,2025-09-23 12:30
CANNON BALLERS,O/D*20,TECHNO,Ryu*,0,0,0,0,0,---,NO PLAY,---,6,0,0,0,---,ASSIST CLEAR,---,8,0,0,0,---,CLEAR,---,10,0,0,0,---,HARD CLEAR,---,12,0,0,0,---,EASY CLEAR,---,2025-09-23 12:30
CANNON BALLERS,Only for now,PSYCHDELIC TRANCE,RINA SOUND PRODUCE : KAZUYA TAKASE,0,0,0,0,0,---,NO PLAY,---,4,0,0,0,---,NO PLAY,---,8,0,0,0,---,ASSIST CLEAR,---,10,0,0,0,---,HARD CLEAR,---,0,0,0,0,---,NO PLAY,---,2025-09-23 12:30
CANNON BALLERS,Papilio ulysses,DRUMSTEP,BEMANI Sound Team "SYUNN",0,0,0,0,0,---,NO PLAY,---,7,0,0,0,---,ASSIST CLEAR,---,10,0,0,0,---,CLEAR,---,12,0,0,0,---,HARD CLEAR,---,0,0,0,0,---,NO PLAY,---,2025-09-23 12:30
CANNON BALLERS,Persephone,HARDSTYLE,Massive New Krew,0,0,0,0,0,---,NO PLAY,---,6,0,0,0,---,ASSIST CLEAR,---,9,0,0,0,---,ASSIST CLEAR,---,12,0,0,0,---,HARD CLEAR,---,0,0,0,0,---,NO PLAY,---,2025-09-23 12:30
CANNON BALLERS,Rampage,HARDCORE,USAO,0,0,0,0,0,---,NO PLAY,---,6,0,0,0,---,ASSIST CLEAR,---,10,0,0,0,---,ASSIST CLEAR,---,12,0,0,0,---,HARD CLEAR,---,0,0,0,0,---,NO PLAY,---,2025-09-23 12:30
CANNON BALLERS,Raspberry Railgun,PANIC FUSION,OSTER project,0,0,0,0,0,---,NO PLAY,---,7,0,0,0,---,ASSIST CLEAR,---,10,0,0,0,---,ASSIST CLEAR,---,12,0,0,0,---,HARD CLEAR,---,0,0,0,0,---,NO PLAY,---,2025-09-23 12:30
CANNON BALLERS,REVOLVER,Hi-TECHDANCE,sky_delta,0,0,0,0,0,---,NO PLAY,---,5,0,0,0,---,NO PLAY,---,8,0,0,0,---,CLEAR,---,11,0,0,0,---,HARD CLEAR,---,12,0,0,0,---,EASY CLEAR,---,2025-09-23 12:30
CANNON BALLERS,Sleepless days,THE WORLD EVOLVE,猫叉Master feat.Mayumi Morinaga,0,0,0,0,0,---,NO PLAY,---,4,0,0,0,---,ASSIST CLEAR,---,6,0,0,0,---,NO PLAY,---,9,0,0,0,---,ASSIST CLEAR,---,0,0,0,0,---,NO PLAY,---,2025-09-23 12:30
CANNON BALLERS,Slipstream,FUTURE CORE,lapix,0,0,0,0,0,---,NO PLAY,---,5,0,0,0,---,NO PLAY,---,9,0,0,0,---,CLEAR,---,12,0,0,0,---,HARD CLEAR,---,0,0,0,0,---,NO PLAY,---,2025-09-23 12:30
CANNON BALLERS,SPEED DEMON,HARDTEK,GUHROOVY feat. NO+CHIN,0,0,0,0,0,---,NO PLAY,---,5,0,0,0,---,NO PLAY,---,8,0,0,0,---,ASSIST CLEAR,---,10,0,0,0,---,HARD CLEAR,---,0,0,0,0,---,NO PLAY,---,2025-09-23 12:30
CANNON BALLERS,STARLIGHT JUNCTION,HEAV'NLY TRANCE,SOUND HOLIC feat. Nana Takahashi,0,0,0,0,0,---,NO PLAY,---,4,0,0,0,---,ASSIST CLEAR,---,8,0,0,0,---,NO PLAY,---,10,0,0,0,---,HARD CLEAR,---,11,0,0,0,---,EX HARD CLEAR,---,2025-09-23 12:30
CANNON BALLERS,Static State,ELECTRO TRANCE,Nhato,0,0,0,0,0,---,NO PLAY,---,6,0,0,0,---,NO PLAY,---,9,0,0,0,---,NO PLAY,---,10,0,0,0,---,HARD CLEAR,---,0,0,0,0,---,NO PLAY,---,2025-09-23 12:30
CANNON BALLERS,Temple of Anubis,PSYSTYLE,Massive New Krew,0,0,0,0,0,---,NO PLAY,---,5,0,0,0,---,ASSIST CLEAR,---,8,0,0,0,---,ASSIST CLEAR,---,11,0,0,0,---,HARD CLEAR,---,0,0,0,0,---,NO PLAY,---,2025-09-23 12:30
CANNON BALLERS,THE CANNONBALLER,EUROBEAT,L.E.D. feat. YURiCa/花たん,0,2,0,0,0,---,NO PLAY,---,6,0,0,0,---,NO PLAY,---,10,0,0,0,---,EASY CLEAR,---,11,0,0,0,---,HARD CLEAR,---,0,0,0,0,---,NO PLAY,---,2025-09-23 12:30
CANNON BALLERS,The Chase,TECH BREAKS,DJ Mass MAD Izm*,0,0,0,0,0,---,NO PLAY,---,5,0,0,0,---,NO PLAY,---,10,0,0,0,---,HARD CLEAR,---,12,0,0,0,---,HARD CLEAR,---,0,0,0,0,---,NO PLAY,---,2025-09-23 12:30
CANNON BALLERS,UMMU,OSHARave,t+pazolite,0,2,0,0,0,---,NO PLAY,---,6,0,0,0,---,NO PLAY,---,10,0,0,0,---,CLEAR,---,11,0,0,0,---,HARD CLEAR,---,0,0,0,0,---,NO PLAY,---,2025-09-23 12:30
CANNON BALLERS,Usual Days-remix,DANCE POP,ota2,0,0,0,0,0,---,NO PLAY,---,5,0,0,0,---,NO PLAY,---,9,0,0,0,---,NO PLAY,---,11,0,0,0,---,HARD CLEAR,---,0,0,0,0,---,NO PLAY,---,2025-09-23 12:30
CANNON BALLERS,Xperanza,HYBRID HARDCORE,aran,0,3,0,0,0,---,NO PLAY,---,7,0,0,0,---,ASSIST CLEAR,---,10,0,0,0,---,EASY CLEAR,---,12,0,0,0,---,HARD CLEAR,---,0,0,0,0,---,NO PLAY,---,2025-09-23 12:30
CANNON BALLERS,うさ☆かめ 大戦争！,プログレッシブ徒競走,ARM×狐夢想 feat. I've : 柚子乃 & RINA,0,0,0,0,0,---,NO PLAY,---,6,0,0,0,---,NO PLAY,---,8,0,0,0,---,NO PLAY,---,11,0,0,0,---,HARD CLEAR,---,0,0,0,0,---,NO PLAY,---,2025-09-23 12:30
CANNON BALLERS,エディブルフラワーの独白,HARD FRENCH,OSTER project feat. 常盤ゆう,0,0,0,0,0,---,NO PLAY,---,4,0,0,0,---,NO PLAY,---,8,0,0,0,---,CLEAR,---,10,0,0,0,---,HARD CLEAR,---,0,0,0,0,---,NO PLAY,---,2025-09-23 12:30
CANNON BALLERS,シムルグの目醒め,NATURE,BEMANI Sound Team "DJ TOTTO" feat.rionos,2,0,0,0,0,---,NO PLAY,---,7,0,0,0,---,NO PLAY,---,10,0,0,0,---,EASY CLEAR,---,12,2420,933,554,115,EASY CLEAR,B,0,0,0,0,---,NO PLAY,---,2025-10-18 16:14
CANNON BALLERS,ナイトシティー・アヴァンチュール,歌謡ニューウェーブ,森永真由美,0,0,0,0,0,---,NO PLAY,---,5,0,0,0,---,NO PLAY,---,7,0,0,0,---,NO PLAY,---,9,0,0,0,---,HARD CLEAR,---,0,0,0,0,---,NO PLAY,---,2025-09-23 12:30
CANNON BALLERS,ハイ*ビスカス ft. Kanae Asaba,YANKEE CAR J TRANCE,Xceon,0,0,0,0,0,---,NO PLAY,---,4,0,0,0,---,NO PLAY,---,7,0,0,0,---,NO PLAY,---,10,0,0,0,---,HARD CLEAR,---,0,0,0,0,---,NO PLAY,---,2025-09-23 12:30
CANNON BALLERS,バ→ビ→ブ→Bomb!,電波ソング,ヒゲドライバー join. 新菜まこ & 松平なな,0,0,0,0,0,---,NO PLAY,---,5,0,0,0,---,NO PLAY,---,9,0,0,0,---,NO PLAY,---,11,0,0,0,---,HARD CLEAR,---,0,0,0,0,---,NO PLAY,---,2025-09-23 12:30
CANNON BALLERS,バスルーム ロマンス,CLASSIC MOTIF,BEMANI Sound Team "Saori Watanabe",0,0,0,0,0,---,NO PLAY,---,5,0,0,0,---,NO PLAY,---,8,0,0,0,---,ASSIST CLEAR,---,10,0,0,0,---,HARD CLEAR,---,0,0,0,0,---,NO PLAY,---,2025-09-23 12:30
CANNON BALLERS,パラドキシカル・タイムリープトライアル(Short Ver.),AKIBA-POP,MOSAIC.WAV,0,0,0,0,0,---,NO PLAY,---,5,0,0,0,---,NO PLAY,---,9,0,0,0,---,HARD CLEAR,---,11,0,0,0,---,HARD CLEAR,---,0,0,0,0,---,NO PLAY,---,2025-09-23 12:30
CANNON BALLERS,ラストセンチュリーメランコリック,FUTURE J-POP,DJ Taku aka ☆Taku Takahashi (m-flo),0,0,0,0,0,---,NO PLAY,---,5,0,0,0,---,NO PLAY,---,8,0,0,0,---,NO PLAY,---,10,0,0,0,---,HARD CLEAR,---,0,0,0,0,---,NO PLAY,---,2025-09-23 12:30
CANNON BALLERS,共犯ヘヴンズコード,ELEGANT SWING,D-Evoke（与那嶺雅人/小日向翔）,0,0,0,0,0,---,NO PLAY,---,3,0,0,0,---,NO PLAY,---,7,0,0,0,---,NO PLAY,---,10,0,0,0,---,FAILED,---,0,0,0,0,---,NO PLAY,---,2025-09-23 12:30
CANNON BALLERS,命の標本,STRANGE WORLD MUSIC,志方あきこ,0,0,0,0,0,---,NO PLAY,---,4,0,0,0,---,NO PLAY,---,8,0,0,0,---,NO PLAY,---,11,0,0,0,---,HARD CLEAR,---,0,0,0,0,---,NO PLAY,---,2025-09-23 12:30
CANNON BALLERS,東京神話,ORBITALIC GABBER STEP,DJ TECHNORCH feat.宇宙★海月 vs BEMANI Sound Team "U1-ASAMi",2,2,0,0,0,---,NO PLAY,---,6,0,0,0,---,NO PLAY,---,9,0,0,0,---,HARD CLEAR,---,12,1597,625,347,---,CLEAR,C,0,0,0,0,---,NO PLAY,---,2025-10-11 12:39
CANNON BALLERS,神謳 -RESONANCE-,Hi-MYTH,SOUND HOLIC feat. Nana Takahashi Vs.GOD PHOENIX Prim,0,0,0,0,0,---,NO PLAY,---,7,0,0,0,---,NO PLAY,---,10,0,0,0,---,ASSIST CLEAR,---,12,0,0,0,---,HARD CLEAR,---,0,0,0,0,---,NO PLAY,---,2025-09-23 12:30
CANNON BALLERS,純真可憐デザイア,EMOTIONAL ROCK,BEMANI Sound Team "HuΣeR" feat.Fernweh,0,1,0,0,0,---,NO PLAY,---,4,0,0,0,---,NO PLAY,---,8,0,0,0,---,ASSIST CLEAR,---,10,0,0,0,---,HARD CLEAR,---,0,0,0,0,---,NO PLAY,---,2025-09-23 12:30
CANNON BALLERS,草原の王女-軌跡を辿って-,JOURNEY SCENE,劇団レコード,0,0,0,0,0,---,NO PLAY,---,3,0,0,0,---,NO PLAY,---,7,0,0,0,---,ASSIST CLEAR,---,10,0,0,0,---,HARD CLEAR,---,0,0,0,0,---,NO PLAY,---,2025-09-23 12:30
Rootage,& Intelligence,MEGA MIX,lapix,0,0,0,0,0,---,NO PLAY,---,5,0,0,0,---,NO PLAY,---,9,0,0,0,---,NO PLAY,---,11,0,0,0,---,HARD CLEAR,---,0,0,0,0,---,NO PLAY,---,2025-09-23 12:30
Rootage,50th Memorial Songs -Beginning Story-,ANNIVERSARY,BEMANI Sound Team,0,2,0,0,0,---,NO PLAY,---,4,0,0,0,---,NO PLAY,---,8,0,0,0,---,NO PLAY,---,10,0,0,0,---,HARD CLEAR,---,0,0,0,0,---,NO PLAY,---,2025-09-23 12:30
Rootage,50th Memorial Songs -Flagship medley-,ANNIVERSARY,BEMANI Sound Team,0,2,0,0,0,---,NO PLAY,---,5,0,0,0,---,NO PLAY,---,8,0,0,0,---,NO PLAY,---,10,0,0,0,---,HARD CLEAR,---,0,0,0,0,---,NO PLAY,---,2025-09-23 12:30
Rootage,50th Memorial Songs -The BEMANI History-,ANNIVERSARY,BEMANI Sound Team,0,3,0,0,0,---,NO PLAY,---,5,0,0,0,---,NO PLAY,---,9,0,0,0,---,NO PLAY,---,11,0,0,0,---,HARD CLEAR,---,0,0,0,0,---,NO PLAY,---,2025-09-23 12:30
Rootage,50th Memorial Songs -二人の時 ～under the cherry blossoms～-,ANNIVERSARY,BEMANI Sound Team,0,3,0,0,0,---,NO PLAY,---,5,0,0,0,---,NO PLAY,---,8,0,0,0,---,NO PLAY,---,10,0,0,0,---,HARD CLEAR,---,0,0,0,0,---,NO PLAY,---,2025-09-23 12:30
Rootage,Afterimage d'automne,ASYMMETRY ART,BEMANI Sound Team "猫叉劇団",0,0,0,0,0,---,NO PLAY,---,6,0,0,0,---,NO PLAY,---,9,0,0,0,---,ASSIST CLEAR,---,11,0,0,0,---,HARD CLEAR,---,0,0,0,0,---,NO PLAY,---,2025-09-23 12:30
Rootage,BLACK JACKAL,DANCE MUSIC,Akira Complex,0,0,0,0,0,---,NO PLAY,---,5,0,0,0,---,NO PLAY,---,8,0,0,0,---,ASSIST CLEAR,---,10,0,0,0,---,HARD CLEAR,---,0,0,0,0,---,NO PLAY,---,2025-09-23 12:30
Rootage,BLOSSOM,BLOOM TRANCE,BEMANI Sound Team "TAG",0,0,0,0,0,---,NO PLAY,---,5,0,0,0,---,NO PLAY,---,8,0,0,0,---,ASSIST CLEAR,---,10,0,0,0,---,HARD CLEAR,---,0,0,0,0,---,NO PLAY,---,2025-09-23 12:30
Rootage,Carmina,SYMPHONIC TRANCECORE,CANVAS feat. Quimar,1,3,0,0,0,---,NO PLAY,---,6,0,0,0,---,NO PLAY,---,10,0,0,0,---,HARD CLEAR,---,12,2585,1017,551,114,FAILED,B,0,0,0,0,---,NO PLAY,---,2025-10-11 13:50
Rootage,Carry Me Away,FUTURE CORE,lapix,0,3,0,0,0,---,NO PLAY,---,7,0,0,0,---,NO PLAY,---,9,0,0,0,---,NO PLAY,---,12,0,0,0,---,HARD CLEAR,---,0,0,0,0,---,NO PLAY,---,2025-09-23 12:30
Rootage,Catch Our Fire!,MARVELOUS CHEER,中島由貴,0,0,0,0,0,---,NO PLAY,---,6,0,0,0,---,NO PLAY,---,10,0,0,0,---,NO PLAY,---,12,0,0,0,---,HARD CLEAR,---,0,0,0,0,---,NO PLAY,---,2025-09-23 12:30
Rootage,CODE:0,BIG BEAT,BEMANI Sound Team "HEXA",0,0,0,0,0,---,NO PLAY,---,5,0,0,0,---,NO PLAY,---,9,0,0,0,---,EASY CLEAR,---,11,0,0,0,---,HARD CLEAR,---,12,0,0,0,---,EASY CLEAR,---,2025-09-23 12:30
Rootage,CoMAAAAAAA,UPLIFTING ETHNIC,Ryu☆,0,0,0,0,0,---,NO PLAY,---,6,0,0,0,---,NO PLAY,---,9,0,0,0,---,ASSIST CLEAR,---,10,0,0,0,---,HARD CLEAR,---,0,0,0,0,---,NO PLAY,---,2025-09-23 12:30
Rootage,COSMIC CYBER,BIGCORE,BEMANI Sound Team "Captain Sonic",0,0,0,0,0,---,NO PLAY,---,5,0,0,0,---,NO PLAY,---,9,0,0,0,---,ASSIST CLEAR,---,11,0,0,0,---,HARD CLEAR,---,0,0,0,0,---,NO PLAY,---,2025-09-23 12:30
Rootage,Cranberry City ft. Luschel,GARAGE,lapix,0,0,0,0,0,---,NO PLAY,---,5,0,0,0,---,FULLCOMBO CLEAR,---,8,0,0,0,---,ASSIST CLEAR,---,10,0,0,0,---,HARD CLEAR,---,0,0,0,0,---,NO PLAY,---,2025-09-23 12:30
Rootage,dAuntl3ss,HARDER DANCE MUSIC,DJ Noriken,0,0,0,0,0,---,NO PLAY,---,6,0,0,0,---,ASSIST CLEAR,---,10,0,0,0,---,EASY CLEAR,---,12,0,0,0,---,HARD CLEAR,---,0,0,0,0,---,NO PLAY,---,2025-09-23 12:30
Rootage,Dr. Chemical & Killing Machine,INDUSTRIAL TECHNO,Hommarju,0,0,0,0,0,---,NO PLAY,---,5,0,0,0,---,NO PLAY,---,9,0,0,0,---,HARD CLEAR,---,12,0,0,0,---,HARD CLEAR,---,0,0,0,0,---,NO PLAY,---,2025-09-23 12:30
Rootage,Drastic Dramatic,8BARS,KING & Princess,0,0,0,0,0,---,NO PLAY,---,7,0,0,0,---,ASSIST CLEAR,---,10,0,0,0,---,CLEAR,---,12,0,0,0,---,HARD CLEAR,---,0,0,0,0,---,NO PLAY,---,2025-09-23 12:30
Rootage,DRUNK MONKY,MINIMAL,DJ ODDBALL,0,0,0,0,0,---,NO PLAY,---,7,0,0,0,---,NO PLAY,---,10,0,0,0,---,EASY CLEAR,---,12,0,0,0,---,HARD CLEAR,---,0,0,0,0,---,NO PLAY,---,2025-09-23 12:30
Rootage,Ember Lights,FUSION TRANCE,Nhato,0,0,0,0,0,---,NO PLAY,---,5,0,0,0,---,NO PLAY,---,9,0,0,0,---,ASSIST CLEAR,---,11,0,0,0,---,HARD CLEAR,---,0,0,0,0,---,NO PLAY,---,2025-09-23 12:30
Rootage,EVANESCENT,PROGRESSIVE ROCK,SOUND HOLIC feat. Nana Takahashi,0,0,0,0,0,---,NO PLAY,---,6,0,0,0,---,NO PLAY,---,10,0,0,0,---,EASY CLEAR,---,12,0,0,0,---,HARD CLEAR,---,0,0,0,0,---,NO PLAY,---,2025-09-23 12:30
Rootage,Garuda,JUKE/FOOTWORK,kors k,0,0,0,0,0,---,NO PLAY,---,5,0,0,0,---,NO PLAY,---,9,0,0,0,---,FAILED,---,11,0,0,0,---,HARD CLEAR,---,0,0,0,0,---,NO PLAY,---,2025-09-23 12:30
Rootage,Geirskogul,CYBER DRUMSTEP,Maozon,0,0,0,0,0,---,NO PLAY,---,5,0,0,0,---,NO PLAY,---,8,0,0,0,---,ASSIST CLEAR,---,10,0,0,0,---,HARD CLEAR,---,0,0,0,0,---,NO PLAY,---,2025-09-23 12:30
Rootage,GENE,TECHNO GRAFFITI,VINCENT GANATCH,0,0,0,0,0,---,NO PLAY,---,7,0,0,0,---,ASSIST CLEAR,---,10,0,0,0,---,EASY CLEAR,---,12,0,0,0,---,HARD CLEAR,---,0,0,0,0,---,NO PLAY,---,2025-09-23 12:30
Rootage,GIGA THRASH,DUBSTEP,Blacklolita,0,0,0,0,0,---,NO PLAY,---,6,0,0,0,---,ASSIST CLEAR,---,9,0,0,0,---,NO PLAY,---,11,0,0,0,---,HARD CLEAR,---,0,0,0,0,---,NO PLAY,---,2025-09-23 12:30
Rootage,Glory,EDM,kradness,0,0,0,0,0,---,NO PLAY,---,4,0,0,0,---,NO PLAY,---,7,0,0,0,---,NO PLAY,---,9,0,0,0,---,HARD CLEAR,---,0,0,0,0,---,NO PLAY,---,2025-09-23 12:30
Rootage,GO OVER WITH GLARE -ROOTAGE 26-,HARDSTYLE,BEMANI Sound Team "L.E.D.-G",0,0,0,0,0,---,NO PLAY,---,6,0,0,0,---,NO PLAY,---,10,0,0,0,---,EASY CLEAR,---,12,0,0,0,---,FAILED,---,0,0,0,0,---,NO PLAY,---,2025-09-23 12:30
Rootage,HARD BRAIN,HARD TECHNO,AJURIKA,0,0,0,0,0,---,NO PLAY,---,6,0,0,0,---,NO PLAY,---,9,0,0,0,---,HARD CLEAR,---,12,0,0,0,---,HARD CLEAR,---,0,0,0,0,---,NO PLAY,---,2025-09-23 12:30
Rootage,HEISEI,ELECTRONIC RHAPSODY,BEMANI Sound Team "dj TAKA",0,2,0,0,0,---,NO PLAY,---,6,0,0,0,---,FAILED,---,10,0,0,0,---,ASSIST CLEAR,---,11,0,0,0,---,HARD CLEAR,---,0,0,0,0,---,NO PLAY,---,2025-09-23 12:30
Rootage,Hurry Hurry,RAVE SXXX,Masayoshi Iimori,0,0,0,0,0,---,NO PLAY,---,4,0,0,0,---,NO PLAY,---,6,0,0,0,---,ASSIST CLEAR,---,9,0,0,0,---,HARD CLEAR,---,0,0,0,0,---,NO PLAY,---,2025-09-23 12:30
Rootage,IDC feat.REVERBEE (Mo'Cuts Ver),TECH-BREAKS,DJ Mass MAD Izm*,0,0,0,0,0,---,NO PLAY,---,7,0,0,0,---,CLEAR,---,9,0,0,0,---,ASSIST CLEAR,---,11,0,0,0,---,HARD CLEAR,---,0,0,0,0,---,NO PLAY,---,2025-09-23 12:30
Rootage,IDOL syndrome.,PSYCHEDELIC ROCK,RINA,1,0,0,0,0,---,NO PLAY,---,4,0,0,0,---,NO PLAY,---,7,0,0,0,---,NO PLAY,---,10,1748,712,324,15,HARD CLEAR,AA,11,0,0,0,---,HARD CLEAR,---,2025-09-23 15:51
Rootage,KILL EACH OTHER,PSYSTYLE,BEMANI Sound Team "L.E.D. VS. L.E.D.-G",0,0,0,0,0,---,NO PLAY,---,7,0,0,0,---,ASSIST CLEAR,---,10,0,0,0,---,HARD CLEAR,---,12,0,0,0,---,HARD CLEAR,---,0,0,0,0,---,NO PLAY,---,2025-09-23 12:30
Rootage,L.F.O,UK HARDCORE,aran,0,0,0,0,0,---,NO PLAY,---,5,0,0,0,---,NO PLAY,---,9,0,0,0,---,ASSIST CLEAR,---,12,0,0,0,---,HARD CLEAR,---,0,0,0,0,---,NO PLAY,---,2025-09-23 12:30
Rootage,LADYBIRD,GLITCH HOP,YUC'e,0,0,0,0,0,---,NO PLAY,---,7,0,0,0,---,NO PLAY,---,9,0,0,0,---,EASY CLEAR,---,11,0,0,0,---,HARD CLEAR,---,0,0,0,0,---,NO PLAY,---,2025-09-23 12:30
Rootage,Let me be your cure,ELECTRIC DANCE ROCK,Pizuya's Cell,0,0,0,0,0,---,NO PLAY,---,5,0,0,0,---,NO PLAY,---,7,0,0,0,---,CLEAR,---,10,0,0,0,---,HARD CLEAR,---,0,0,0,0,---,NO PLAY,---,2025-09-23 12:30
Rootage,Lethal Weapon,RECKLESS HARDCORE,BEMANI Sound Team "HuΣeR",0,0,0,0,0,---,NO PLAY,---,6,0,0,0,---,NO PLAY,---,9,0,0,0,---,NO PLAY,---,12,0,0,0,---,HARD CLEAR,---,0,0,0,0,---,NO PLAY,---,2025-09-23 12:30
Rootage,Level One,Drumstep / DnB,Yamato,0,0,0,0,0,---,NO PLAY,---,6,0,0,0,---,NO PLAY,---,10,0,0,0,---,HARD CLEAR,---,12,0,0,0,---,EASY CLEAR,---,0,0,0,0,---,NO PLAY,---,2025-09-23 12:30
Rootage,Lift Us High,MELODIC TRANCE,BEMANI Sound Team "Sota Fujimori",0,0,0,0,0,---,NO PLAY,---,5,0,0,0,---,NO PLAY,---,8,0,0,0,---,ASSIST CLEAR,---,10,0,0,0,---,HARD CLEAR,---,0,0,0,0,---,NO PLAY,---,2025-09-23 12:30
Rootage,LOST TECHNOLOGIE,TECHNO,かめりあ,0,0,0,0,0,---,NO PLAY,---,5,0,0,0,---,NO PLAY,---,9,0,0,0,---,ASSIST CLEAR,---,12,0,0,0,---,HARD CLEAR,---,0,0,0,0,---,NO PLAY,---,2025-09-23 12:30
Rootage,Macho Monky,JUNGLE TERROR,kors k,0,0,0,0,0,---,NO PLAY,---,6,0,0,0,---,NO PLAY,---,10,0,0,0,---,EASY CLEAR,---,12,0,0,0,---,HARD CLEAR,---,0,0,0,0,---,NO PLAY,---,2025-09-23 12:30
Rootage,Necroxis Girl,GLITCH DUBSTEP,BEMANI Sound Team "HuΣeR",0,0,0,0,0,---,NO PLAY,---,6,0,0,0,---,NO PLAY,---,9,0,0,0,---,ASSIST CLEAR,---,11,0,0,0,---,HARD CLEAR,---,0,0,0,0,---,NO PLAY,---,2025-09-23 12:30
Rootage,Next Tales 2 Oath (IIDX 20th Anniv "Ring" Theme),THEME SONG,Hommarju,0,0,0,0,0,---,NO PLAY,---,5,0,0,0,---,NO PLAY,---,9,0,0,0,---,ASSIST CLEAR,---,11,0,0,0,---,HARD CLEAR,---,0,0,0,0,---,NO PLAY,---,2025-09-23 12:30
Rootage,Night! Night! Night!,EURO DYNAMITE,MM,0,0,0,0,0,---,NO PLAY,---,6,0,0,0,---,NO PLAY,---,9,0,0,0,---,EASY CLEAR,---,11,0,0,0,---,HARD CLEAR,---,0,0,0,0,---,NO PLAY,---,2025-09-23 12:30
Rootage,ONIGOROSHI,TOKYO STYLE SPEEDCORE,m1dy,0,0,0,0,0,---,NO PLAY,---,6,0,0,0,---,NO PLAY,---,10,0,0,0,---,EASY CLEAR,---,12,0,0,0,---,HARD CLEAR,---,0,0,0,0,---,NO PLAY,---,2025-09-23 12:30
Rootage,OVER TIME,ELECTRO POP,空中分解feat.アンテナガール,1,0,0,0,0,---,NO PLAY,---,3,0,0,0,---,NO PLAY,---,5,0,0,0,---,NO PLAY,---,8,0,0,0,---,HARD CLEAR,---,10,1676,737,202,13,HARD CLEAR,AA,2025-10-11 14:17
Rootage,Painful Fate,DRUM'N'BASS,BEMANI Sound Team "猫叉Master",0,0,0,0,0,---,NO PLAY,---,7,0,0,0,---,ASSIST CLEAR,---,10,0,0,0,---,ASSIST CLEAR,---,12,0,0,0,---,HARD CLEAR,---,0,0,0,0,---,NO PLAY,---,2025-09-23 12:30
Rootage,Playing With Fire,SPEED RAVE,kors k,0,0,0,0,0,---,NO PLAY,---,6,0,0,0,---,NO PLAY,---,9,0,0,0,---,EASY CLEAR,---,11,0,0,0,---,HARD CLEAR,---,0,0,0,0,---,NO PLAY,---,2025-09-23 12:30
Rootage,Psycho Sheep Riddim,RIDDIM DUBSTEP,BEMANI Sound Team "SYUNN",0,0,0,0,0,---,NO PLAY,---,3,0,0,0,---,NO PLAY,---,7,0,0,0,---,ASSIST CLEAR,---,9,0,0,0,---,HARD CLEAR,---,11,0,0,0,---,HARD CLEAR,---,2025-09-23 12:30
Rootage,Red. by Jack Trance,TECH-BREAKS,DJ Mass MAD Izm*,0,0,0,0,0,---,NO PLAY,---,7,0,0,0,---,ASSIST CLEAR,---,10,0,0,0,---,HARD CLEAR,---,12,0,0,0,---,EASY CLEAR,---,0,0,0,0,---,NO PLAY,---,2025-09-23 12:30
Rootage,REPLAY,TECHNO,SLAKE,0,0,0,0,0,---,NO PLAY,---,4,0,0,0,---,NO PLAY,---,8,0,0,0,---,ASSIST CLEAR,---,10,0,0,0,---,HARD CLEAR,---,0,0,0,0,---,NO PLAY,---,2025-09-23 12:30
Rootage,ROCK女 feat. 大山愛未， Ken,TRANCE,Y&Co.,0,0,0,0,0,---,NO PLAY,---,7,0,0,0,---,NO PLAY,---,9,0,0,0,---,NO PLAY,---,11,0,0,0,---,HARD CLEAR,---,0,0,0,0,---,NO PLAY,---,2025-09-23 12:30
Rootage,ruin of opals,IRIDESCENCE JAZZ ETUDE,上ノ瀬つかさ,0,0,0,0,0,---,NO PLAY,---,6,0,0,0,---,NO PLAY,---,10,0,0,0,---,EASY CLEAR,---,12,0,0,0,---,HARD CLEAR,---,0,0,0,0,---,NO PLAY,---,2025-09-23 12:30
Rootage,R∞tAge,NEO J-TEKNO,BEMANI Sound Team "HuΣeR+",0,3,0,0,0,---,NO PLAY,---,5,0,0,0,---,NO PLAY,---,8,0,0,0,---,FAILED,---,11,0,0,0,---,HARD CLEAR,---,0,0,0,0,---,NO PLAY,---,2025-09-23 12:30
Rootage,SPEED ROCKER,PSYCHEDELIC TRANCE,AJURIKA,0,0,0,0,0,---,NO PLAY,---,4,0,0,0,---,NO PLAY,---,9,0,0,0,---,ASSIST CLEAR,---,10,0,0,0,---,HARD CLEAR,---,0,0,0,0,---,NO PLAY,---,2025-09-23 12:30
Rootage,Technicolour Dreams,HDM,DUNE & M-Project & GUHROOVY,0,0,0,0,0,---,NO PLAY,---,5,0,0,0,---,NO PLAY,---,8,0,0,0,---,NO PLAY,---,10,0,0,0,---,HARD CLEAR,---,0,0,0,0,---,NO PLAY,---,2025-09-23 12:30
Rootage,The Best of Both Worlds,EUROTRAPBEAT,☆Taku Takahashi (m-flo， block.fm),0,0,0,0,0,---,NO PLAY,---,3,0,0,0,---,NO PLAY,---,8,0,0,0,---,ASSIST CLEAR,---,10,0,0,0,---,HARD CLEAR,---,0,0,0,0,---,NO PLAY,---,2025-09-23 12:30
Rootage,THE DAY OF JUBILATIONS,HARD ELECTRIC POP,BEMANI Sound Team "S-C-U vs L.E.D.",0,0,0,0,0,---,NO PLAY,---,7,0,0,0,---,ASSIST CLEAR,---,10,0,0,0,---,EASY CLEAR,---,12,0,0,0,---,HARD CLEAR,---,0,0,0,0,---,NO PLAY,---,2025-09-23 12:30
Rootage,The Rebellion of Sequencer,DJENTCORE,DJ Myosuke,0,0,0,0,0,---,NO PLAY,---,7,0,0,0,---,CLEAR,---,10,0,0,0,---,ASSIST CLEAR,---,12,0,0,0,---,HARD CLEAR,---,0,0,0,0,---,NO PLAY,---,2025-09-23 12:30
Rootage,toy boxer,BOXINGCORE,BEMANI Sound Team "S-C-U & SYUNN",0,0,0,0,0,---,NO PLAY,---,4,0,0,0,---,NO PLAY,---,8,0,0,0,---,CLEAR,---,10,0,0,0,---,CLEAR,---,0,0,0,0,---,NO PLAY,---,2025-09-23 12:30
Rootage,ToyCube Pf.(RX-Ver.S.P.L.),NEW AGE,高田雅史,0,0,0,0,0,---,NO PLAY,---,4,0,0,0,---,NO PLAY,---,7,0,0,0,---,NO PLAY,---,9,0,0,0,---,EASY CLEAR,---,0,0,0,0,---,NO PLAY,---,2025-09-23 12:30
Rootage,Trill auf G,MUSIC GAMES HARDCORE,BEMANI Sound Team "dj TAKA",0,0,0,0,0,---,NO PLAY,---,6,0,0,0,---,NO PLAY,---,10,0,0,0,---,EASY CLEAR,---,12,0,0,0,---,HARD CLEAR,---,0,0,0,0,---,NO PLAY,---,2025-09-23 12:30
Rootage,Twilight Warp,CYBER DANCE MUSIC,Maozon feat. Kyte,0,0,0,0,0,---,NO PLAY,---,4,0,0,0,---,NO PLAY,---,7,0,0,0,---,NO PLAY,---,9,0,0,0,---,HARD CLEAR,---,0,0,0,0,---,NO PLAY,---,2025-09-23 12:30
Rootage,Unbelief,METAL,BEMANI Sound Team "Anonymous",0,0,0,0,0,---,NO PLAY,---,5,0,0,0,---,NO PLAY,---,10,0,0,0,---,EASY CLEAR,---,12,0,0,0,---,HARD CLEAR,---,0,0,0,0,---,NO PLAY,---,2025-09-23 12:30
Rootage,UNDERWORLD HOLOGRAPHY,DRUM & BASS,BEMANI Sound Team "L.E.D." feat. KOTOKO,0,0,0,0,0,---,NO PLAY,---,5,0,0,0,---,NO PLAY,---,9,0,0,0,---,ASSIST CLEAR,---,11,0,0,0,---,HARD CLEAR,---,0,0,0,0,---,NO PLAY,---,2025-09-23 12:30
Rootage,Urban Constellations,JAZZY FOOTWORK JUNGLE,Dirty Androids,0,0,0,0,0,---,NO PLAY,---,4,0,0,0,---,ASSIST CLEAR,---,8,0,0,0,---,ASSIST CLEAR,---,11,0,0,0,---,HARD CLEAR,---,0,0,0,0,---,NO PLAY,---,2025-09-23 12:30
Rootage,Visterhv,REBIRTH OUT,Feryquitous,0,0,0,0,0,---,NO PLAY,---,6,0,0,0,---,NO PLAY,---,10,0,0,0,---,CLEAR,---,12,0,0,0,---,HARD CLEAR,---,0,0,0,0,---,NO PLAY,---,2025-09-23 12:30
Rootage,voltississimo,VVV,BEMANI Sound Team "PHQUASE",0,0,0,0,0,---,NO PLAY,---,6,0,0,0,---,NO PLAY,---,10,0,0,0,---,HARD CLEAR,---,12,0,0,0,---,EASY CLEAR,---,0,0,0,0,---,NO PLAY,---,2025-09-23 12:30
Rootage,Wing of Hearts,HYPER HANDS UP,USAO & DJ Nanashi,0,0,0,0,0,---,NO PLAY,---,5,0,0,0,---,ASSIST CLEAR,---,8,0,0,0,---,ASSIST CLEAR,---,10,0,0,0,---,HARD CLEAR,---,0,0,0,0,---,NO PLAY,---,2025-09-23 12:30
Rootage,Wolf 1061,PIANO TRANCE,Xceon,0,0,0,0,0,---,NO PLAY,---,4,0,0,0,---,NO PLAY,---,8,0,0,0,---,ASSIST CLEAR,---,11,0,0,0,---,HARD CLEAR,---,0,0,0,0,---,NO PLAY,---,2025-09-23 12:30
Rootage,Wonderland,CANDY RAVE GABBER,kors k,0,0,0,0,0,---,NO PLAY,---,5,0,0,0,---,NO PLAY,---,9,0,0,0,---,EASY CLEAR,---,11,0,0,0,---,HARD CLEAR,---,0,0,0,0,---,NO PLAY,---,2025-09-23 12:30
Rootage,X-DEN,ULTIΣATE COLLABORATION,T.Σ.Generation,0,0,0,0,0,---,NO PLAY,---,8,0,0,0,---,ASSIST CLEAR,---,11,0,0,0,---,HARD CLEAR,---,12,0,0,0,---,FAILED,---,0,0,0,0,---,NO PLAY,---,2025-09-23 12:30
Rootage,XENON II ～TOMOYUKIの野望～,ELECTRO SHOCK,Mr.T,0,0,0,0,0,---,NO PLAY,---,6,0,0,0,---,NO PLAY,---,9,0,0,0,---,ASSIST CLEAR,---,11,0,0,0,---,HARD CLEAR,---,0,0,0,0,---,NO PLAY,---,2025-09-23 12:30
Rootage,Xlo,NEUTRONIKA,sasakure.UK,0,0,0,0,0,---,NO PLAY,---,7,0,0,0,---,NO PLAY,---,10,0,0,0,---,EASY CLEAR,---,12,0,0,0,---,CLEAR,---,0,0,0,0,---,NO PLAY,---,2025-09-23 12:30
Rootage,Yum Yum Jelly,FUTURE BASS,YUC'e,0,0,0,0,0,---,NO PLAY,---,5,0,0,0,---,NO PLAY,---,9,0,0,0,---,ASSIST CLEAR,---,11,0,0,0,---,HARD CLEAR,---,0,0,0,0,---,NO PLAY,---,2025-09-23 12:30
Rootage,ZENDEGI DANCE,ORBITALIC ORIENTAL ELECTRO,ARM × BEMANI Sound Team "U1 overground",1,0,0,0,0,---,NO PLAY,---,6,0,0,0,---,NO PLAY,---,9,0,0,0,---,NO PLAY,---,11,2136,882,372,35,HARD CLEAR,A,0,0,0,0,---,NO PLAY,---,2025-10-04 16:23
Rootage,おーまい！らぶりー！すうぃーてぃ！だーりん！,LOVELY YOUTH,BEMANI Sound Team "PON" feat.NU-KO,0,0,0,0,0,---,NO PLAY,---,5,0,0,0,---,NO PLAY,---,9,0,0,0,---,NO PLAY,---,11,0,0,0,---,HARD CLEAR,---,0,0,0,0,---,NO PLAY,---,2025-09-23 12:30
Rootage,お菓子の王国,SPEED CANDY,Snail's House,1,0,0,0,0,---,NO PLAY,---,7,0,0,0,---,CLEAR,---,10,0,0,0,---,ASSIST CLEAR,---,12,2685,1117,451,---,CLEAR,B,0,0,0,0,---,NO PLAY,---,2025-10-18 15:01
Rootage,グラナダの風,SPANISH GUITAR,BEMANI Sound Team "劇団レコード",0,0,0,0,0,---,NO PLAY,---,5,0,0,0,---,NO PLAY,---,8,0,0,0,---,ASSIST CLEAR,---,10,0,0,0,---,HARD CLEAR,---,0,0,0,0,---,NO PLAY,---,2025-09-23 12:30
Rootage,セカンドピアス,GIRLS ROCK,OSTER project feat. echo,0,0,0,0,0,---,NO PLAY,---,3,0,0,0,---,NO PLAY,---,6,0,0,0,---,NO PLAY,---,9,0,0,0,---,HARD CLEAR,---,0,0,0,0,---,NO PLAY,---,2025-09-23 12:30
Rootage,ハードベース・フェスタ,A-STYLE RUSSIAN HARDBASS,かめりあ feat. ななひら,0,0,0,0,0,---,NO PLAY,---,6,0,0,0,---,ASSIST CLEAR,---,9,0,0,0,---,NO PLAY,---,11,0,0,0,---,HARD CLEAR,---,0,0,0,0,---,NO PLAY,---,2025-09-23 12:30
Rootage,ミストレス・アンに花束を,ELECTRONICA,soejima takuma feat.BEMANI Sound Team "猫叉Master",0,0,0,0,0,---,NO PLAY,---,3,0,0,0,---,NO PLAY,---,6,0,0,0,---,ASSIST CLEAR,---,8,0,0,0,---,HARD CLEAR,---,0,0,0,0,---,NO PLAY,---,2025-09-23 12:30
Rootage,ミッドナイト☆WAR,BEMANIZED ROCKCORE,いちか,0,0,0,0,0,---,NO PLAY,---,5,0,0,0,---,NO PLAY,---,8,0,0,0,---,NO PLAY,---,11,0,0,0,---,HARD CLEAR,---,0,0,0,0,---,NO PLAY,---,2025-09-23 12:30
Rootage,夏の匂い。キミの残像。 ft. Kanae Asaba,Re 90's J-DANCE POP,Xceon,0,0,0,0,0,---,NO PLAY,---,4,0,0,0,---,ASSIST CLEAR,---,8,0,0,0,---,ASSIST CLEAR,---,10,0,0,0,---,HARD CLEAR,---,0,0,0,0,---,NO PLAY,---,2025-09-23 12:30
Rootage,抱きしめてモナムール,Hi-歌謡コア,冬色AMOUR☆Prim,0,0,0,0,0,---,NO PLAY,---,5,0,0,0,---,NO PLAY,---,10,0,0,0,---,EASY CLEAR,---,12,0,0,0,---,HARD CLEAR,---,0,0,0,0,---,NO PLAY,---,2025-09-23 12:30
Rootage,最小三倍完全数,ピタゴラス的不完全性破壊衝動音律(ハンマーによる),DJ TECHNORCH,0,0,0,0,0,---,NO PLAY,---,5,0,0,0,---,NO PLAY,---,9,0,0,0,---,CLEAR,---,12,0,0,0,---,HARD CLEAR,---,0,0,0,0,---,NO PLAY,---,2025-09-23 12:30
Rootage,泰東ノ翠霞,JAPANESE POPS,bermei.inazawa/feat.霜月はるか,0,0,0,0,0,---,NO PLAY,---,3,0,0,0,---,NO PLAY,---,6,0,0,0,---,NO PLAY,---,11,0,0,0,---,HARD CLEAR,---,0,0,0,0,---,NO PLAY,---,2025-09-23 12:30
Rootage,深愛のリグレット,PIANO J TRANCE POP,Xceon feat.Mayumi Morinaga,0,0,0,0,0,---,NO PLAY,---,4,0,0,0,---,NO PLAY,---,7,0,0,0,---,NO PLAY,---,10,0,0,0,---,HARD CLEAR,---,0,0,0,0,---,NO PLAY,---,2025-09-23 12:30
Rootage,爆ゼニ☆がってんワーカー,勤労☆電波,ARM×狐夢想 feat. ななひら,0,0,0,0,0,---,NO PLAY,---,6,0,0,0,---,NO PLAY,---,9,0,0,0,---,ASSIST CLEAR,---,11,0,0,0,---,HARD CLEAR,---,0,0,0,0,---,NO PLAY,---,2025-09-23 12:30
Rootage,花冠 feat.Aikapin,SOCA,RoughSkreamZ,0,0,0,0,0,---,NO PLAY,---,6,0,0,0,---,NO PLAY,---,9,0,0,0,---,EASY CLEAR,---,11,0,0,0,---,HARD CLEAR,---,0,0,0,0,---,NO PLAY,---,2025-09-23 12:30
Rootage,金野火織の金色提言,音ゲー賛美歌,DJ TECHNORCH feat. 宇宙★海月,0,0,0,0,0,---,NO PLAY,---,6,0,0,0,---,NO PLAY,---,10,0,0,0,---,EASY CLEAR,---,12,0,0,0,---,EASY CLEAR,---,0,0,0,0,---,NO PLAY,---,2025-09-23 12:30
Rootage,龍王の霊廟(Mausoleum Of The Primal Dragon),RETROSPECTIVE EPIC MUSIC,BEMANI Sound Team "黒猫ダンジョン",0,0,0,0,0,---,NO PLAY,---,6,0,0,0,---,NO PLAY,---,10,0,0,0,---,CLEAR,---,11,0,0,0,---,HARD CLEAR,---,12,0,0,0,---,HARD CLEAR,---,2025-09-23 12:30
HEROIC VERSE,27th style,HIP HOP,三代目 "dj TAKA & DAYBREAKERS",0,0,0,0,0,---,NO PLAY,---,5,0,0,0,---,NO PLAY,---,9,0,0,0,---,NO PLAY,---,11,0,0,0,---,HARD CLEAR,---,0,0,0,0,---,NO PLAY,---,2025-09-23 12:30
HEROIC VERSE,Advent Infamous,NEO DIGITAL FUTURE,Blacklolita,0,0,0,0,0,---,NO PLAY,---,5,0,0,0,---,NO PLAY,---,8,0,0,0,---,ASSIST CLEAR,---,11,0,0,0,---,HARD CLEAR,---,0,0,0,0,---,NO PLAY,---,2025-09-23 12:30
HEROIC VERSE,AKASHIC BREAK,LAPLACE CORE,BEMANI Sound Team "TAG",0,0,0,0,0,---,NO PLAY,---,6,0,0,0,---,NO PLAY,---,10,0,0,0,---,EASY CLEAR,---,12,0,0,0,---,HARD CLEAR,---,0,0,0,0,---,NO PLAY,---,2025-09-23 12:30
HEROIC VERSE,And-RoiD,J-POP,Fujishiro feat.KNA,0,0,0,0,0,---,NO PLAY,---,4,0,0,0,---,NO PLAY,---,7,0,0,0,---,NO PLAY,---,9,0,0,0,---,HARD CLEAR,---,0,0,0,0,---,NO PLAY,---,2025-09-23 12:30
HEROIC VERSE,Artist,MYSTICAL HARD DANCE,CANVAS feat. Quimar,2,0,0,0,0,---,NO PLAY,---,7,0,0,0,---,NO PLAY,---,10,0,0,0,---,EASY CLEAR,---,12,1212,475,262,---,CLEAR,E,0,0,0,0,---,NO PLAY,---,2025-10-11 13:26
HEROIC VERSE,Backyard Stars,FUTURE BASS,TAKU INOUE,0,0,0,0,0,---,NO PLAY,---,6,0,0,0,---,NO PLAY,---,9,0,0,0,---,EASY CLEAR,---,10,0,0,0,---,HARD CLEAR,---,0,0,0,0,---,NO PLAY,---,2025-09-23 12:30
HEROIC VERSE,BEAT PRISONER,PRIME BIG BEAT,AJURIKA,1,0,0,0,0,---,NO PLAY,---,6,0,0,0,---,NO PLAY,---,9,0,0,0,---,HARD CLEAR,---,12,2538,991,556,64,HARD CLEAR,A,0,0,0,0,---,NO PLAY,---,2025-10-18 14:36
HEROIC VERSE,beatAffection,BEAT MUSIC,ビートまりお,0,0,0,0,0,---,NO PLAY,---,5,0,0,0,---,NO PLAY,---,8,0,0,0,---,ASSIST CLEAR,---,10,0,0,0,---,EASY CLEAR,---,0,0,0,0,---,NO PLAY,---,2025-09-23 12:30
HEROIC VERSE,Beautiful Harmony (IIDX Mix),PROGRESSIVE TRANCE,Ryu☆,0,0,0,0,0,---,NO PLAY,---,5,0,0,0,---,NO PLAY,---,8,0,0,0,---,ASSIST CLEAR,---,10,0,0,0,---,HARD CLEAR,---,0,0,0,0,---,NO PLAY,---,2025-09-23 12:30
HEROIC VERSE,Bow shock!!,JAZZ PIANO TRANCE,Xceon,1,0,0,0,0,---,NO PLAY,---,4,0,0,0,---,NO PLAY,---,9,0,0,0,---,EASY CLEAR,---,11,2589,1137,315,24,HARD CLEAR,AA,12,0,0,0,---,EASY CLEAR,---,2025-10-18 14:23
HEROIC VERSE,Calvados Queen,JAZZ ROCK,OSTER project feat. かなたん,1,0,0,0,0,---,NO PLAY,---,5,0,0,0,---,NO PLAY,---,8,0,0,0,---,ASSIST CLEAR,---,10,1830,727,376,22,HARD CLEAR,A,0,0,0,0,---,NO PLAY,---,2025-10-04 15:42
HEROIC VERSE,Change Yourself,TRANCE,ARM × kradness,0,0,0,0,0,---,NO PLAY,---,5,0,0,0,---,NO PLAY,---,9,0,0,0,---,NO PLAY,---,11,0,0,0,---,HARD CLEAR,---,0,0,0,0,---,NO PLAY,---,2025-09-23 12:30
HEROIC VERSE,Crank It,BASS HOUSE,Crayvxn,0,0,0,0,0,---,NO PLAY,---,4,0,0,0,---,NO PLAY,---,7,0,0,0,---,NO PLAY,---,9,0,0,0,---,HARD CLEAR,---,0,0,0,0,---,NO PLAY,---,2025-09-23 12:30
HEROIC VERSE,Dans la nuit de l'eternite,POLONAISE,BEMANI Sound Team "レ・度胸兄弟",0,0,0,0,0,---,NO PLAY,---,7,0,0,0,---,NO PLAY,---,10,0,0,0,---,EASY CLEAR,---,12,0,0,0,---,EASY CLEAR,---,0,0,0,0,---,NO PLAY,---,2025-09-23 12:30
HEROIC VERSE,Do What You Want,FUTURE BASS,BEMANI Sound Team "SYUNN",0,0,0,0,0,---,NO PLAY,---,4,0,0,0,---,NO PLAY,---,7,0,0,0,---,NO PLAY,---,10,0,0,0,---,HARD CLEAR,---,0,0,0,0,---,NO PLAY,---,2025-09-23 12:30
HEROIC VERSE,Double Dribble,FUNKY GABBER,lapix,0,0,0,0,0,---,NO PLAY,---,6,0,0,0,---,NO PLAY,---,10,0,0,0,---,HARD CLEAR,---,12,0,0,0,---,HARD CLEAR,---,0,0,0,0,---,NO PLAY,---,2025-09-23 12:30
HEROIC VERSE,EROICA,VERSE,BEMANI Sound Team "HERO",0,0,0,0,0,---,NO PLAY,---,7,0,0,0,---,NO PLAY,---,10,0,0,0,---,EASY CLEAR,---,12,0,0,0,---,CLEAR,---,0,0,0,0,---,NO PLAY,---,2025-09-23 12:30
HEROIC VERSE,Everlasting Message,EPIC ORCHESTRA,ぺのれり,0,0,0,0,0,---,NO PLAY,---,7,0,0,0,---,NO PLAY,---,10,0,0,0,---,HARD CLEAR,---,12,0,0,0,---,EASY CLEAR,---,0,0,0,0,---,NO PLAY,---,2025-09-23 12:30
HEROIC VERSE,fairy cocktail,エレクトロニック/エレクトロニカ/ポップ,Tomggg,0,0,0,0,0,---,NO PLAY,---,3,0,0,0,---,NO PLAY,---,6,0,0,0,---,NO PLAY,---,8,0,0,0,---,HARD CLEAR,---,0,0,0,0,---,NO PLAY,---,2025-09-23 12:30
HEROIC VERSE,Fly Above (Vicissitude Remix),DREAM DRUM'N'BASS,Remixed by BEMANI Sound Team "PHQUASE",0,0,0,0,0,---,NO PLAY,---,4,0,0,0,---,NO PLAY,---,7,0,0,0,---,NO PLAY,---,10,0,0,0,---,HARD CLEAR,---,0,0,0,0,---,NO PLAY,---,2025-09-23 12:30
HEROIC VERSE,Forgetting Machine,DRUM'N'BASS,TAKU INOUE,0,0,0,0,0,---,NO PLAY,---,5,0,0,0,---,NO PLAY,---,8,0,0,0,---,NO PLAY,---,10,0,0,0,---,HARD CLEAR,---,0,0,0,0,---,NO PLAY,---,2025-09-23 12:30
HEROIC VERSE,Friction[!]Function,PROGRES BEAT,Feryquitous,0,0,0,0,0,---,NO PLAY,---,6,0,0,0,---,NO PLAY,---,9,0,0,0,---,NO PLAY,---,12,0,0,0,---,HARD CLEAR,---,0,0,0,0,---,NO PLAY,---,2025-09-23 12:30
HEROIC VERSE,GHOST,FREEFORM HARDCORE,Hommarju,0,0,0,0,0,---,NO PLAY,---,5,0,0,0,---,NO PLAY,---,8,0,0,0,---,NO PLAY,---,11,0,0,0,---,HARD CLEAR,---,0,0,0,0,---,NO PLAY,---,2025-09-23 12:30
HEROIC VERSE,GIGA VIOLATE,EDM-DUBSTYLE,Blacklolita,0,0,0,0,0,---,NO PLAY,---,6,0,0,0,---,NO PLAY,---,8,0,0,0,---,ASSIST CLEAR,---,11,0,0,0,---,HARD CLEAR,---,0,0,0,0,---,NO PLAY,---,2025-09-23 12:30
HEROIC VERSE,Hold My Hand,MELODIC DANCE MUSIC,BEMANI Sound Team "Sota Fujimori",0,0,0,0,0,---,NO PLAY,---,5,0,0,0,---,NO PLAY,---,8,0,0,0,---,NO PLAY,---,10,0,0,0,---,HARD CLEAR,---,0,0,0,0,---,NO PLAY,---,2025-09-23 12:30
HEROIC VERSE,Hyper Drive feat. ぷにぷに電機,DANCE POP,パソコン音楽クラブ,0,0,0,0,0,---,NO PLAY,---,3,0,0,0,---,NO PLAY,---,7,0,0,0,---,NO PLAY,---,9,0,0,0,---,HARD CLEAR,---,0,0,0,0,---,NO PLAY,---,2025-09-23 12:30
HEROIC VERSE,If,FUTURE BASS,Pa's Lam System,0,0,0,0,0,---,NO PLAY,---,5,0,0,0,---,NO PLAY,---,8,0,0,0,---,NO PLAY,---,10,0,0,0,---,HARD CLEAR,---,0,0,0,0,---,NO PLAY,---,2025-09-23 12:30
HEROIC VERSE,Inferno of Fomalhaut,DJENT STEP,fallen shepherd ft. ricono,0,0,0,0,0,---,NO PLAY,---,5,0,0,0,---,NO PLAY,---,10,0,0,0,---,EASY CLEAR,---,12,0,0,0,---,HARD CLEAR,---,0,0,0,0,---,NO PLAY,---,2025-09-23 12:30
HEROIC VERSE,Infinity Mirror,NEO 90's CINEMATIC TECHNO,Dirty Androids,0,0,0,0,0,---,NO PLAY,---,5,0,0,0,---,NO PLAY,---,8,0,0,0,---,ASSIST CLEAR,---,10,0,0,0,---,FULLCOMBO CLEAR,---,0,0,0,0,---,NO PLAY,---,2025-09-23 12:30
HEROIC VERSE,Into The Madness,SPOOKY,Yuta Imai,0,0,0,0,0,---,NO PLAY,---,5,0,0,0,---,NO PLAY,---,8,0,0,0,---,FAILED,---,11,0,0,0,---,HARD CLEAR,---,0,0,0,0,---,NO PLAY,---,2025-09-23 12:30
HEROIC VERSE,LASER CRUSTER (IGNITE REMIX),DRUM & BASS / HYBRID TRAP,Remixed by BEMANI Sound Team "HuΣeR",0,0,0,0,0,---,NO PLAY,---,4,0,0,0,---,NO PLAY,---,8,0,0,0,---,NO PLAY,---,12,0,0,0,---,HARD CLEAR,---,0,0,0,0,---,NO PLAY,---,2025-09-23 12:30
HEROIC VERSE,Level 2,BIGBEAT / DUBSTEP,Yamato,0,0,0,0,0,---,NO PLAY,---,6,0,0,0,---,NO PLAY,---,9,0,0,0,---,HARD CLEAR,---,12,0,0,0,---,HARD CLEAR,---,0,0,0,0,---,NO PLAY,---,2025-09-23 12:30
HEROIC VERSE,LIGHTNING STRIKES,Hi-GAIN ENERGY,BEMANI Sound Team "HuΣeR",0,2,0,0,0,---,NO PLAY,---,5,0,0,0,---,NO PLAY,---,9,0,0,0,---,ASSIST CLEAR,---,12,0,0,0,---,HARD CLEAR,---,12,0,0,0,---,EASY CLEAR,---,2025-09-23 12:30
HEROIC VERSE,Like+it!,EUROBEAT,Ryu☆,0,0,0,0,0,---,NO PLAY,---,6,0,0,0,---,NO PLAY,---,9,0,0,0,---,CLEAR,---,11,0,0,0,---,HARD CLEAR,---,0,0,0,0,---,NO PLAY,---,2025-09-23 12:30
HEROIC VERSE,Lords Of The Roundtable,PIANO BEAT MUSIC,DJ Mass MAD Izm* feat.REO,0,0,0,0,0,---,NO PLAY,---,6,0,0,0,---,NO PLAY,---,10,0,0,0,---,HARD CLEAR,---,12,0,0,0,---,EASY CLEAR,---,0,0,0,0,---,NO PLAY,---,2025-09-23 12:30
HEROIC VERSE,Lost Souls,DARKSTEP,BEMANI Sound Team "SYUNN",1,0,0,0,0,---,NO PLAY,---,4,0,0,0,---,NO PLAY,---,9,0,0,0,---,ASSIST CLEAR,---,11,0,0,0,---,HARD CLEAR,---,12,2754,1110,534,117,FAILED,A,2025-10-11 13:43
HEROIC VERSE,Matt Silver,TECHSTYLE,Remo-con,0,0,0,0,0,---,NO PLAY,---,6,0,0,0,---,NO PLAY,---,9,0,0,0,---,HARD CLEAR,---,12,0,0,0,---,HARD CLEAR,---,0,0,0,0,---,NO PLAY,---,2025-09-23 12:30
HEROIC VERSE,Megalara Garuda,DRUMSTEP,SYUNN,0,0,0,0,0,---,NO PLAY,---,7,0,0,0,---,ASSIST CLEAR,---,10,0,0,0,---,EASY CLEAR,---,12,0,0,0,---,HARD CLEAR,---,0,0,0,0,---,NO PLAY,---,2025-09-23 12:30
HEROIC VERSE,Mel,DRUM'N'BASS,Applekid,0,0,0,0,0,---,NO PLAY,---,4,0,0,0,---,NO PLAY,---,7,0,0,0,---,NO PLAY,---,9,0,0,0,---,HARD CLEAR,---,0,0,0,0,---,NO PLAY,---,2025-09-23 12:30
HEROIC VERSE,Moving on,PSYCHEDELIC TRANCE,AJURIKA feat.矢吹真央,0,0,0,0,0,---,NO PLAY,---,5,0,0,0,---,NO PLAY,---,8,0,0,0,---,ASSIST CLEAR,---,11,0,0,0,---,HARD CLEAR,---,0,0,0,0,---,NO PLAY,---,2025-09-23 12:30
HEROIC VERSE,Nasty Techniques,Hi-TECH FULL ON,kors k,0,0,0,0,0,---,NO PLAY,---,5,0,0,0,---,NO PLAY,---,9,0,0,0,---,ASSIST CLEAR,---,11,0,0,0,---,HARD CLEAR,---,0,0,0,0,---,NO PLAY,---,2025-09-23 12:30
HEROIC VERSE,NEWALONE,INDUSTRIAL BASS,Masayoshi Iimori,0,0,0,0,0,---,NO PLAY,---,4,0,0,0,---,NO PLAY,---,7,0,0,0,---,NO PLAY,---,9,0,0,0,---,HARD CLEAR,---,0,0,0,0,---,NO PLAY,---,2025-09-23 12:30
HEROIC VERSE,ORCA,CETACEA HDM,かめりあ,0,0,0,0,0,---,NO PLAY,---,7,0,0,0,---,CLEAR,---,10,0,0,0,---,CLEAR,---,12,0,0,0,---,HARD CLEAR,---,0,0,0,0,---,NO PLAY,---,2025-09-23 12:30
HEROIC VERSE,OUTER PLANETS,EPIC STORY,BEMANI Sound Team "劇団レコード",1,0,0,0,0,---,NO PLAY,---,4,0,0,0,---,NO PLAY,---,7,0,0,0,---,NO PLAY,---,10,1785,770,245,19,HARD CLEAR,AA,0,0,0,0,---,NO PLAY,---,2025-10-18 14:13
HEROIC VERSE,Override,EUPHORIC HARDCORE,Nhato,1,0,0,0,0,---,NO PLAY,---,5,0,0,0,---,NO PLAY,---,8,0,0,0,---,CLEAR,---,11,0,0,0,---,HARD CLEAR,---,12,2505,929,647,216,FAILED,B,2025-09-23 16:26
HEROIC VERSE,PHASE SHIFT MANEUVER,PSYSTYLE,BEMANI Sound Team "L.E.D.",0,0,0,0,0,---,NO PLAY,---,6,0,0,0,---,NO PLAY,---,9,0,0,0,---,ASSIST CLEAR,---,11,0,0,0,---,HARD CLEAR,---,0,0,0,0,---,NO PLAY,---,2025-09-23 12:30
HEROIC VERSE,Primitive Vibes,TRIBAL FRONTIER,lapix,0,3,0,0,0,---,NO PLAY,---,6,0,0,0,---,NO PLAY,---,10,0,0,0,---,ASSIST CLEAR,---,12,0,0,0,---,HARD CLEAR,---,0,0,0,0,---,NO PLAY,---,2025-09-23 12:30
HEROIC VERSE,Queen Kaguya,ORBITALIC MOON MIXTURE,BEMANI Sound Team "U1 overground",0,0,0,0,0,---,NO PLAY,---,6,0,0,0,---,NO PLAY,---,9,0,0,0,---,NO PLAY,---,11,0,0,0,---,HARD CLEAR,---,0,0,0,0,---,NO PLAY,---,2025-09-23 12:30
HEROIC VERSE,Rainstorm,UPLIFTING TRANCE,Maozon feat. Chica,0,0,0,0,0,---,NO PLAY,---,5,0,0,0,---,NO PLAY,---,8,0,0,0,---,ASSIST CLEAR,---,10,0,0,0,---,HARD CLEAR,---,0,0,0,0,---,NO PLAY,---,2025-09-23 12:30
HEROIC VERSE,Rave Patroller,FUTURE SKOOL BREAKBEATS HARDCORE,Eagle,0,0,0,0,0,---,NO PLAY,---,7,0,0,0,---,ASSIST CLEAR,---,10,0,0,0,---,EASY CLEAR,---,12,0,0,0,---,HARD CLEAR,---,0,0,0,0,---,NO PLAY,---,2025-09-23 12:30
HEROIC VERSE,rough percussionythm,HARD D&B,BEMANI Sound Team "setup VS 謎の勢力",0,0,0,0,0,---,NO PLAY,---,6,0,0,0,---,NO PLAY,---,9,0,0,0,---,NO PLAY,---,11,0,0,0,---,HARD CLEAR,---,0,0,0,0,---,NO PLAY,---,2025-09-23 12:30
HEROIC VERSE,S!ck (Nhato Remix),HARDCORE,Remixed by Nhato,0,0,0,0,0,---,NO PLAY,---,6,0,0,0,---,NO PLAY,---,9,0,0,0,---,ASSIST CLEAR,---,11,0,0,0,---,HARD CLEAR,---,0,0,0,0,---,NO PLAY,---,2025-09-23 12:30
HEROIC VERSE,SCREW // owo // SCREW,TWERKCORE // uwu // BEATJUGGLE,かめりあ,0,0,0,0,0,---,NO PLAY,---,6,0,0,0,---,CLEAR,---,9,0,0,0,---,HARD CLEAR,---,12,0,0,0,---,CLEAR,---,0,0,0,0,---,NO PLAY,---,2025-09-23 12:30
HEROIC VERSE,Shiva,HARD PSY,Relect,0,0,0,0,0,---,NO PLAY,---,4,0,0,0,---,NO PLAY,---,8,0,0,0,---,NO PLAY,---,11,0,0,0,---,HARD CLEAR,---,0,0,0,0,---,NO PLAY,---,2025-09-23 12:30
HEROIC VERSE,Silly Love,ELECTRO NU DISCO,DE DE MOUSE,0,1,0,0,0,---,NO PLAY,---,4,0,0,0,---,NO PLAY,---,8,0,0,0,---,NO PLAY,---,10,0,0,0,---,HARD CLEAR,---,0,0,0,0,---,NO PLAY,---,2025-09-23 12:30
HEROIC VERSE,Ska-sh All Neurons!!,A-STYLE NEURO+"スカ"+FUNK DRUMSTEP,かめりあ feat. ななひら,0,0,0,0,0,---,NO PLAY,---,4,0,0,0,---,NO PLAY,---,7,0,0,0,---,FAILED,---,10,0,0,0,---,HARD CLEAR,---,0,0,0,0,---,NO PLAY,---,2025-09-23 12:30
HEROIC VERSE,Smashing Wedge,HARDCORE,nora2r,0,0,0,0,0,---,NO PLAY,---,5,0,0,0,---,NO PLAY,---,10,0,0,0,---,CLEAR,---,12,0,0,0,---,EASY CLEAR,---,0,0,0,0,---,NO PLAY,---,2025-09-23 12:30
HEROIC VERSE,Sparkle Smilin',TWINKLE POP,BEMANI Sound Team "Qrispy Joybox" feat.いちか,0,0,0,0,0,---,NO PLAY,---,4,0,0,0,---,NO PLAY,---,8,0,0,0,---,ASSIST CLEAR,---,11,0,0,0,---,HARD CLEAR,---,0,0,0,0,---,NO PLAY,---,2025-09-23 12:30
HEROIC VERSE,STOIC HYPOTHESIS,RIDDIM CORE,BEMANI Sound Team "Expander",0,0,0,0,0,---,NO PLAY,---,6,0,0,0,---,NO PLAY,---,9,0,0,0,---,NO PLAY,---,11,0,0,0,---,HARD CLEAR,---,0,0,0,0,---,NO PLAY,---,2025-09-23 12:30
HEROIC VERSE,Sugar Drippin',GARAGE,kors k,0,0,0,0,0,---,NO PLAY,---,4,0,0,0,---,NO PLAY,---,7,0,0,0,---,NO PLAY,---,9,0,0,0,---,HARD CLEAR,---,0,0,0,0,---,NO PLAY,---,2025-09-23 12:30
HEROIC VERSE,T-REX vs Velociraptor (In the Far east euphoria),RAVECORE,RoughSketch & TARACHINE,0,0,0,0,0,---,NO PLAY,---,7,0,0,0,---,ASSIST CLEAR,---,9,0,0,0,---,EASY CLEAR,---,12,0,0,0,---,HARD CLEAR,---,0,0,0,0,---,NO PLAY,---,2025-09-23 12:30
HEROIC VERSE,take me higher,FUTURE JERSEY,KOTONOHOUSE,0,0,0,0,0,---,NO PLAY,---,4,0,0,0,---,NO PLAY,---,7,0,0,0,---,NO PLAY,---,10,0,0,0,---,CLEAR,---,0,0,0,0,---,NO PLAY,---,2025-09-23 12:30
HEROIC VERSE,TECHNO Style Essentials,TECHNO,BEMANI Sound Team "SETUP from Berlin",0,0,0,0,0,---,NO PLAY,---,6,0,0,0,---,NO PLAY,---,9,0,0,0,---,CLEAR,---,12,0,0,0,---,HARD CLEAR,---,0,0,0,0,---,NO PLAY,---,2025-09-23 12:30
HEROIC VERSE,THE BRAVE MUST DIE,HARDCORE,BEMANI Sound Team "L.E.D.-G",1,0,0,0,0,---,NO PLAY,---,6,0,0,0,---,NO PLAY,---,10,0,0,0,---,EASY CLEAR,---,12,3048,1240,568,46,HARD CLEAR,A,0,0,0,0,---,NO PLAY,---,2025-10-11 13:14
HEROIC VERSE,THE F∀UST,PIERROT CORE,Masqed Pierrot,0,0,0,0,0,---,NO PLAY,---,7,0,0,0,---,ASSIST CLEAR,---,10,0,0,0,---,EASY CLEAR,---,12,0,0,0,---,EASY CLEAR,---,0,0,0,0,---,NO PLAY,---,2025-09-23 12:30
HEROIC VERSE,The Sky of Sadness,WORLD/CONTEMPORARY,猫叉Master,0,0,0,0,0,---,NO PLAY,---,4,0,0,0,---,NO PLAY,---,8,0,0,0,---,ASSIST CLEAR,---,10,0,0,0,---,HARD CLEAR,---,0,0,0,0,---,NO PLAY,---,2025-09-23 12:30
HEROIC VERSE,Theory,TRAP,YUTO,0,0,0,0,0,---,NO PLAY,---,5,0,0,0,---,NO PLAY,---,8,0,0,0,---,NO PLAY,---,11,0,0,0,---,HARD CLEAR,---,0,0,0,0,---,NO PLAY,---,2025-09-23 12:30
HEROIC VERSE,TRIUMPH,UK HARDCORE,AJURIKA,3,0,0,0,0,---,NO PLAY,---,6,0,0,0,---,NO PLAY,---,9,0,0,0,---,HARD CLEAR,---,12,2537,1032,473,53,HARD CLEAR,A,0,0,0,0,---,NO PLAY,---,2025-10-18 15:04
HEROIC VERSE,UNITE THE HEART,DANCE POP DUET,BEMANI Sound Team "T.Kakuta" feat. 709sec. / 花たん,0,0,0,0,0,---,NO PLAY,---,7,0,0,0,---,NO PLAY,---,10,0,0,0,---,EASY CLEAR,---,11,0,0,0,---,HARD CLEAR,---,0,0,0,0,---,NO PLAY,---,2025-09-23 12:30
HEROIC VERSE,VALKYRIAS -英雄誕生-,HEROIC VALHALLA ROCK,BEMANI Sound Team "HuΣeR" feat.Fernweh,0,2,0,0,0,---,NO PLAY,---,6,0,0,0,---,NO PLAY,---,9,0,0,0,---,CLEAR,---,11,0,0,0,---,HARD CLEAR,---,0,0,0,0,---,NO PLAY,---,2025-09-23 12:30
HEROIC VERSE,VIBRΛ,EMO STEP,Nhato Vs. MK,1,0,0,0,0,---,NO PLAY,---,5,0,0,0,---,NO PLAY,---,7,0,0,0,---,NO PLAY,---,10,1458,591,276,15,HARD CLEAR,A,0,0,0,0,---,NO PLAY,---,2025-10-11 12:16
HEROIC VERSE,Vinculum stellarum,ANTHEM TRANCE,iconoclasm,0,0,0,0,0,---,NO PLAY,---,5,0,0,0,---,NO PLAY,---,10,0,0,0,---,HARD CLEAR,---,12,0,0,0,---,HARD CLEAR,---,0,0,0,0,---,NO PLAY,---,2025-09-23 12:30
HEROIC VERSE,Virus Funk,PROGRESSIVE DISCO,Nhato,0,0,0,0,0,---,NO PLAY,---,4,0,0,0,---,NO PLAY,---,7,0,0,0,---,NO PLAY,---,10,0,0,0,---,HARD CLEAR,---,0,0,0,0,---,NO PLAY,---,2025-09-23 12:30
HEROIC VERSE,Volcanic Dragon,HARDCORE RAVE,DJ Shimamura,0,0,0,0,0,---,NO PLAY,---,6,0,0,0,---,NO PLAY,---,8,0,0,0,---,ASSIST CLEAR,---,11,0,0,0,---,HARD CLEAR,---,0,0,0,0,---,NO PLAY,---,2025-09-23 12:30
HEROIC VERSE,Voo Doo Bamboleo,TRIBAL DANCE,SOUND HOLIC Vs. ZYTOKINE feat. CALEN,0,0,0,0,0,---,NO PLAY,---,5,0,0,0,---,NO PLAY,---,8,0,0,0,---,CLEAR,---,10,0,0,0,---,HARD CLEAR,---,0,0,0,0,---,NO PLAY,---,2025-09-23 12:30
HEROIC VERSE,Ypsilon,HARD STACC,BEMANI Sound Team "setup",0,0,0,0,0,---,NO PLAY,---,6,0,0,0,---,NO PLAY,---,9,0,0,0,---,ASSIST CLEAR,---,11,0,0,0,---,HARD CLEAR,---,12,0,0,0,---,HARD CLEAR,---,2025-09-23 12:30
HEROIC VERSE,がっつり陰キャ!? 怪盗いいんちょの億劫^^;,Hi-メランコリックコア,噂の怪盗少女ぷらずま★彡Prim@休業中～( _ _ ).。,0,0,0,0,0,---,NO PLAY,---,7,0,0,0,---,NO PLAY,---,10,0,0,0,---,EASY CLEAR,---,12,0,0,0,---,EASY CLEAR,---,0,0,0,0,---,NO PLAY,---,2025-09-23 12:30
HEROIC VERSE,シャムシールの舞,バトルダンス,Zektbach,0,0,0,0,0,---,NO PLAY,---,4,0,0,0,---,NO PLAY,---,8,0,0,0,---,ASSIST CLEAR,---,11,0,0,0,---,HARD CLEAR,---,0,0,0,0,---,NO PLAY,---,2025-09-23 12:30
HEROIC VERSE,セピアの軌跡 ft. 天宮みや(少女フラクタル),MS J TRANCE POP,Xceon,0,2,0,0,0,---,NO PLAY,---,4,0,0,0,---,NO PLAY,---,7,0,0,0,---,NO PLAY,---,10,0,0,0,---,HARD CLEAR,---,0,0,0,0,---,NO PLAY,---,2025-09-23 12:30
HEROIC VERSE,バッドエンド・シンドローム,PIANO CHRONICLE,アリスシャッハと魔法の楽団,0,0,0,0,0,---,NO PLAY,---,5,0,0,0,---,NO PLAY,---,8,0,0,0,---,ASSIST CLEAR,---,11,0,0,0,---,HARD CLEAR,---,0,0,0,0,---,NO PLAY,---,2025-09-23 12:30
HEROIC VERSE,ピアノ協奏曲第1番”蠍火” (BlackY Remix),PDM,Remixed by BlackY,0,0,0,0,0,---,NO PLAY,---,5,0,0,0,---,NO PLAY,---,9,0,0,0,---,CLEAR,---,12,0,0,0,---,EASY CLEAR,---,0,0,0,0,---,NO PLAY,---,2025-09-23 12:30
HEROIC VERSE,ラブキラ☆スプラッシュ,HYPER POP,BEMANI Sound Team "Sota F." feat.いちか,0,0,0,0,0,---,NO PLAY,---,5,0,0,0,---,NO PLAY,---,8,0,0,0,---,NO PLAY,---,10,0,0,0,---,HARD CLEAR,---,0,0,0,0,---,NO PLAY,---,2025-09-23 12:30
HEROIC VERSE,ランカーキラーガール,KILLER PUNK,中島由貴 × いちか,0,0,0,0,0,---,NO PLAY,---,6,0,0,0,---,NO PLAY,---,9,0,0,0,---,ASSIST CLEAR,---,11,0,0,0,---,HARD CLEAR,---,0,0,0,0,---,NO PLAY,---,2025-09-23 12:30
HEROIC VERSE,曼荼羅恋々,GOTHIC CORE,BEMANI Sound Team "Akhuta Works" feat. Nana Takahashi,0,0,0,0,0,---,NO PLAY,---,6,0,0,0,---,NO PLAY,---,9,0,0,0,---,CLEAR,---,11,0,0,0,---,HARD CLEAR,---,0,0,0,0,---,NO PLAY,---,2025-09-23 12:30
HEROIC VERSE,深淵に捧ぐレクイエム,CYBER REQUIEM,OSTER project,0,0,0,0,0,---,NO PLAY,---,5,0,0,0,---,NO PLAY,---,9,0,0,0,---,CLEAR,---,12,0,0,0,---,HARD CLEAR,---,0,0,0,0,---,NO PLAY,---,2025-09-23 12:30
HEROIC VERSE,灼熱Beach Side Bunny (Masayoshi Iimori Remix),NRG,Remixed by Masayoshi Iimori,0,0,0,0,0,---,NO PLAY,---,4,0,0,0,---,NO PLAY,---,7,0,0,0,---,NO PLAY,---,10,0,0,0,---,HARD CLEAR,---,0,0,0,0,---,NO PLAY,---,2025-09-23 12:30
HEROIC VERSE,狂水一華,STYLISH CROSSOVER,BEMANI Sound Team "HuΣeR Vs. SYUNN" feat.いちか,0,0,0,0,0,---,NO PLAY,---,5,0,0,0,---,NO PLAY,---,9,0,0,0,---,ASSIST CLEAR,---,11,0,0,0,---,HARD CLEAR,---,0,0,0,0,---,NO PLAY,---,2025-09-23 12:30
HEROIC VERSE,眠りの国のステラ,空想ファンタジーシリーズ,BEMANI Sound Team "DJ TOTTO",0,0,0,0,0,---,NO PLAY,---,6,0,0,0,---,NO PLAY,---,9,0,0,0,---,NO PLAY,---,11,0,0,0,---,HARD CLEAR,---,0,0,0,0,---,NO PLAY,---,2025-09-23 12:30
HEROIC VERSE,華麗なる大犬円舞曲,CINEMATIC VALSE,Wiktoria,0,0,0,0,0,---,NO PLAY,---,7,0,0,0,---,NO PLAY,---,10,0,0,0,---,EASY CLEAR,---,12,0,0,0,---,EASY CLEAR,---,0,0,0,0,---,NO PLAY,---,2025-09-23 12:30
HEROIC VERSE,錬成人間トリコロイダー,特撮ハードコア,DJ SHARPNEL feat. ￥Ｃｕスタ平,1,0,0,0,0,---,NO PLAY,---,5,0,0,0,---,NO PLAY,---,8,0,0,0,---,NO PLAY,---,11,2650,1136,378,61,HARD CLEAR,AA,0,0,0,0,---,NO PLAY,---,2025-10-18 14:40
HEROIC VERSE,開きたまえ！Next stAge！,CHARACTER SONG,librarians of Rootage (Ripnte， Stampa and Cleep),0,0,0,0,0,---,NO PLAY,---,5,0,0,0,---,NO PLAY,---,9,0,0,0,---,ASSIST CLEAR,---,11,0,0,0,---,HARD CLEAR,---,0,0,0,0,---,NO PLAY,---,2025-09-23 12:30
HEROIC VERSE,魅惑のYUMMYスイーツ,TWINKLE POP,BEMANI Sound Team "TATSUYA",0,0,0,0,0,---,NO PLAY,---,5,0,0,0,---,NO PLAY,---,9,0,0,0,---,NO PLAY,---,12,0,0,0,---,HARD CLEAR,---,0,0,0,0,---,NO PLAY,---,2025-09-23 12:30
BISTROVER,-65℃,WHITE OUT,BEMANI Sound Team "D.J.Amuro",0,0,0,0,0,---,NO PLAY,---,7,0,0,0,---,NO PLAY,---,10,0,0,0,---,EASY CLEAR,---,12,0,0,0,---,EASY CLEAR,---,0,0,0,0,---,NO PLAY,---,2025-09-23 12:30
BISTROVER,ABSOLUTE (kors k Remix),IIDX ANTHEM REVIVAL,Remixed by kors k,0,0,0,0,0,---,NO PLAY,---,5,0,0,0,---,NO PLAY,---,8,0,0,0,---,NO PLAY,---,11,0,0,0,---,HARD CLEAR,---,0,0,0,0,---,NO PLAY,---,2025-09-23 12:30
BISTROVER,Ah Hah Yeah,UPTEMPO RAW,Masayoshi Iimori,0,0,0,0,0,---,NO PLAY,---,4,0,0,0,---,NO PLAY,---,8,0,0,0,---,ASSIST CLEAR,---,11,0,0,0,---,HARD CLEAR,---,0,0,0,0,---,NO PLAY,---,2025-09-23 12:30
BISTROVER,AMRITA -不滅ノ花-,ORIENTAL TRANCE,SOUND HOLIC feat. Nana Takahashi,1,0,0,0,0,---,NO PLAY,---,4,0,0,0,---,NO PLAY,---,8,0,0,0,---,NO PLAY,---,11,1816,721,374,---,HARD CLEAR,B,0,0,0,0,---,NO PLAY,---,2025-09-23 18:02
BISTROVER,apo:llioth,HARDCORE,Juggernaut.,1,0,0,0,0,---,NO PLAY,---,5,0,0,0,---,NO PLAY,---,9,0,0,0,---,CLEAR,---,11,2171,833,505,46,HARD CLEAR,A,0,0,0,0,---,NO PLAY,---,2025-09-23 16:20
BISTROVER,As You Want,CYBER LIQUID FUNK,Maozon,0,0,0,0,0,---,NO PLAY,---,4,0,0,0,---,NO PLAY,---,8,0,0,0,---,NO PLAY,---,10,0,0,0,---,HARD CLEAR,---,0,0,0,0,---,NO PLAY,---,2025-09-23 12:30
BISTROVER,ASIAN VIRTUAL REALITIES (MELTING TOGETHER IN DAZZLING DARKNESS),BIG BEAT,かめりあ,0,0,0,0,0,---,NO PLAY,---,5,0,0,0,---,NO PLAY,---,9,0,0,0,---,EASY CLEAR,---,12,0,0,0,---,HARD CLEAR,---,0,0,0,0,---,NO PLAY,---,2025-09-23 12:30
BISTROVER,BEMANI PRO LEAGUE Theme,BPL EDM,BEMANI Sound Team "Sota F.",0,0,0,0,0,---,NO PLAY,---,4,0,0,0,---,NO PLAY,---,7,0,0,0,---,NO PLAY,---,9,0,0,0,---,HARD CLEAR,---,0,0,0,0,---,NO PLAY,---,2025-09-23 12:30
BISTROVER,BIGソムタム,DRUM STEP,AJURIKA,1,3,0,0,0,---,NO PLAY,---,7,0,0,0,---,ASSIST CLEAR,---,9,0,0,0,---,ASSIST CLEAR,---,12,2893,1290,313,25,HARD CLEAR,AA,0,0,0,0,---,NO PLAY,---,2025-10-11 12:24
BISTROVER,BLACK or WHITE?,SYMPHONIC SPEED SCHRANZ,BlackYooh vs. siromaru,3,3,0,0,0,---,NO PLAY,---,6,0,0,0,---,NO PLAY,---,10,0,0,0,---,HARD CLEAR,---,12,2862,1136,590,---,EASY CLEAR,A,0,0,0,0,---,NO PLAY,---,2025-10-18 14:54
BISTROVER,Burning Flame,HYPER TECHNO,AJURIKA feat.SAK.,0,0,0,0,0,---,NO PLAY,---,6,0,0,0,---,NO PLAY,---,9,0,0,0,---,CLEAR,---,11,0,0,0,---,HARD CLEAR,---,12,0,0,0,---,HARD CLEAR,---,2025-09-23 12:30
BISTROVER,Chewingood!!!,CHIP RAVE,TORIENA,0,1,0,0,0,---,NO PLAY,---,4,0,0,0,---,NO PLAY,---,7,0,0,0,---,NO PLAY,---,10,0,0,0,---,HARD CLEAR,---,0,0,0,0,---,NO PLAY,---,2025-09-23 12:30
BISTROVER,COSMIC RAY,BIGCORE,BEMANI Sound Team "Captain Sonic",0,0,0,0,0,---,NO PLAY,---,7,0,0,0,---,NO PLAY,---,10,0,0,0,---,EASY CLEAR,---,12,0,0,0,---,HARD CLEAR,---,0,0,0,0,---,NO PLAY,---,2025-09-23 12:30
BISTROVER,Crazy Jackpot,UK HARDCORE,Hommarju,0,0,0,0,0,---,NO PLAY,---,5,0,0,0,---,NO PLAY,---,9,0,0,0,---,ASSIST CLEAR,---,11,0,0,0,---,HARD CLEAR,---,0,0,0,0,---,NO PLAY,---,2025-09-23 12:30
BISTROVER,Danza Aestas,CONTEMPORARY SALSA,Feryquitous,1,0,0,0,0,---,NO PLAY,---,5,0,0,0,---,NO PLAY,---,8,0,0,0,---,NO PLAY,---,11,1858,710,438,---,HARD CLEAR,B,0,0,0,0,---,NO PLAY,---,2025-10-04 16:27
BISTROVER,Dawn Saga,CELTIC TRANCE STEP,Nhato,0,0,0,0,0,---,NO PLAY,---,5,0,0,0,---,NO PLAY,---,9,0,0,0,---,ASSIST CLEAR,---,11,0,0,0,---,HARD CLEAR,---,0,0,0,0,---,NO PLAY,---,2025-09-23 12:30
BISTROVER,DENIM,TECHNO,SLAKE,0,0,0,0,0,---,NO PLAY,---,4,0,0,0,---,NO PLAY,---,9,0,0,0,---,NO PLAY,---,10,0,0,0,---,HARD CLEAR,---,0,0,0,0,---,NO PLAY,---,2025-09-23 12:30
BISTROVER,Don't Stop The Music feat. Kanae Asaba,ELECTRO FUNK,Nhato,0,0,0,0,0,---,NO PLAY,---,3,0,0,0,---,NO PLAY,---,6,0,0,0,---,NO PLAY,---,9,0,0,0,---,HARD CLEAR,---,0,0,0,0,---,NO PLAY,---,2025-09-23 12:30
BISTROVER,DUAL STRIKER,IIDX SOUNDS,Mayumi Morinaga，Fernweh by BEMANI Sound Team "L.E.D. & HuΣeR",0,0,0,0,0,---,NO PLAY,---,6,0,0,0,---,NO PLAY,---,10,0,0,0,---,ASSIST CLEAR,---,12,0,0,0,---,HARD CLEAR,---,0,0,0,0,---,NO PLAY,---,2025-09-23 12:30
BISTROVER,Empire of Fury,JUNGLE TERROR,kors k,1,0,0,0,0,---,NO PLAY,---,7,0,0,0,---,NO PLAY,---,10,0,0,0,---,HARD CLEAR,---,12,952,386,180,---,CLEAR,E,0,0,0,0,---,NO PLAY,---,2025-10-18 15:06
BISTROVER,Euphoric Lagoon,J-DANCE FUSION,BEMANI Sound Team "TAG",0,0,0,0,0,---,NO PLAY,---,5,0,0,0,---,NO PLAY,---,8,0,0,0,---,ASSIST CLEAR,---,10,0,0,0,---,HARD CLEAR,---,0,0,0,0,---,NO PLAY,---,2025-09-23 12:30
BISTROVER,Explorer feat. ぷにぷに電機,DANCE POP,パソコン音楽クラブ,0,0,0,0,0,---,NO PLAY,---,4,0,0,0,---,NO PLAY,---,7,0,0,0,---,NO PLAY,---,10,0,0,0,---,HARD CLEAR,---,11,0,0,0,---,HARD CLEAR,---,2025-09-23 12:30
BISTROVER,Farewell to Marrakech,MOROCCAN CROSSOVER,Dirty Androids,1,0,0,0,0,---,NO PLAY,---,5,0,0,0,---,NO PLAY,---,8,0,0,0,---,NO PLAY,---,11,1795,752,291,26,HARD CLEAR,A,0,0,0,0,---,NO PLAY,---,2025-10-04 14:07
BISTROVER,Fire Beat,EXPERIMENTAL EUROBEAT,kors k,0,0,0,0,0,---,NO PLAY,---,6,0,0,0,---,NO PLAY,---,10,0,0,0,---,EASY CLEAR,---,12,0,0,0,---,HARD CLEAR,---,0,0,0,0,---,NO PLAY,---,2025-09-23 12:30
BISTROVER,Frisk And Squeak,MAKINA,nora2r,0,0,0,0,0,---,NO PLAY,---,4,0,0,0,---,NO PLAY,---,8,0,0,0,---,NO PLAY,---,10,0,0,0,---,HARD CLEAR,---,0,0,0,0,---,NO PLAY,---,2025-09-23 12:30
BISTROVER,GIGA RAID,NEO RUSSIAN FUTURE,Blacklolita,1,0,0,0,0,---,NO PLAY,---,5,0,0,0,---,NO PLAY,---,9,0,0,0,---,CLEAR,---,11,1789,711,367,32,HARD CLEAR,A,0,0,0,0,---,NO PLAY,---,2025-10-11 12:52
BISTROVER,Globe Glitter,RAVE STEP,Sana，ATSUMI UEDA by BEMANI Sound Team "PON",0,0,0,0,0,---,NO PLAY,---,5,0,0,0,---,NO PLAY,---,8,0,0,0,---,NO PLAY,---,11,0,0,0,---,HARD CLEAR,---,0,0,0,0,---,NO PLAY,---,2025-09-23 12:30
BISTROVER,Here We Are,J-CORE,The 4th feat.ここなつ,0,2,0,0,0,---,NO PLAY,---,5,0,0,0,---,NO PLAY,---,8,0,0,0,---,NO PLAY,---,10,0,0,0,---,HARD CLEAR,---,0,0,0,0,---,NO PLAY,---,2025-09-23 12:30
BISTROVER,HIGH VOLTAGE,HARDSTYLE,Yuta Imai,0,0,0,0,0,---,NO PLAY,---,4,0,0,0,---,NO PLAY,---,7,0,0,0,---,NO PLAY,---,10,0,0,0,---,HARD CLEAR,---,0,0,0,0,---,NO PLAY,---,2025-09-23 12:30
BISTROVER,Ignis†Irae,X,BEMANI Sound Team "神",0,0,0,0,0,---,NO PLAY,---,6,0,0,0,---,NO PLAY,---,10,0,0,0,---,CLEAR,---,12,0,0,0,---,EASY CLEAR,---,0,0,0,0,---,NO PLAY,---,2025-09-23 12:30
BISTROVER,IIDX RED Ending (Ryu☆Remix),CAPTIVATE,Remixed by Ryu☆,0,0,0,0,0,---,NO PLAY,---,4,0,0,0,---,NO PLAY,---,7,0,0,0,---,NO PLAY,---,9,0,0,0,---,HARD CLEAR,---,0,0,0,0,---,NO PLAY,---,2025-09-23 12:30
BISTROVER,innocent revolver,BIGBAND JAZZ,OSTER project,0,0,0,0,0,---,NO PLAY,---,6,0,0,0,---,NO PLAY,---,10,0,0,0,---,EASY CLEAR,---,12,0,0,0,---,HARD CLEAR,---,0,0,0,0,---,NO PLAY,---,2025-09-23 12:30
BISTROVER,Jungle Eater,DRUMSTEP / RAGGATEK,Hommarju,0,0,0,0,0,---,NO PLAY,---,5,0,0,0,---,NO PLAY,---,9,0,0,0,---,EASY CLEAR,---,11,0,0,0,---,HARD CLEAR,---,0,0,0,0,---,NO PLAY,---,2025-09-23 12:30
BISTROVER,LAST DAY,PSYCHEDELIC TRANCE,AJURIKA,0,0,0,0,0,---,NO PLAY,---,6,0,0,0,---,NO PLAY,---,9,0,0,0,---,NO PLAY,---,11,0,0,0,---,HARD CLEAR,---,0,0,0,0,---,NO PLAY,---,2025-09-23 12:30
BISTROVER,Level 3,DRUMSTEP / DnB,Yamato,0,0,0,0,0,---,NO PLAY,---,6,0,0,0,---,NO PLAY,---,10,0,0,0,---,HARD CLEAR,---,12,0,0,0,---,HARD CLEAR,---,0,0,0,0,---,NO PLAY,---,2025-09-23 12:30
BISTROVER,LOCUS OF THE TRAVEL,HAPPY BISTRO CORE,CANVAS feat. Quimar & BEMANI Sound Team "L.E.D.-G",0,0,0,0,0,---,NO PLAY,---,6,0,0,0,---,NO PLAY,---,10,0,0,0,---,HARD CLEAR,---,12,0,0,0,---,CLEAR,---,0,0,0,0,---,NO PLAY,---,2025-09-23 12:30
BISTROVER,Lovely Howdy Cowboy!!,HAPPY COUNTRY CORE,まろん feat. キャサリン,0,0,0,0,0,---,NO PLAY,---,6,0,0,0,---,NO PLAY,---,9,0,0,0,---,NO PLAY,---,11,0,0,0,---,HARD CLEAR,---,0,0,0,0,---,NO PLAY,---,2025-09-23 12:30
BISTROVER,MA・TSU・RI,JAPANESQUE,かなたん，アマギセーラ，ぁゅ by BEMANI Sound Team "藤森崇多",1,0,0,0,0,---,NO PLAY,---,5,0,0,0,---,NO PLAY,---,9,0,0,0,---,NO PLAY,---,11,1723,620,483,38,HARD CLEAR,B,0,0,0,0,---,NO PLAY,---,2025-10-04 15:57
BISTROVER,MEGAERA,BULGARIAN CORE,fallen shepherd × cotowari ft. nayuta,0,0,0,0,0,---,NO PLAY,---,7,0,0,0,---,NO PLAY,---,10,0,0,0,---,HARD CLEAR,---,12,0,0,0,---,EASY CLEAR,---,0,0,0,0,---,NO PLAY,---,2025-09-23 12:30
BISTROVER,Midnight Drive,HIP HOP,らっぷびと Prod. by uno,0,0,0,0,0,---,NO PLAY,---,3,0,0,0,---,NO PLAY,---,8,0,0,0,---,NO PLAY,---,10,0,0,0,---,HARD CLEAR,---,0,0,0,0,---,NO PLAY,---,2025-09-23 12:30
BISTROVER,MOVE! (We Keep It Movin'),ORBITALIC ELECTRIC MUSIC,Jonny Dynamite!，Lisa - paint with stars -，Rio Hiiragi by BEMANI Sound Team "U1-ASAMi",0,0,0,0,0,---,NO PLAY,---,4,0,0,0,---,NO PLAY,---,7,0,0,0,---,NO PLAY,---,10,0,0,0,---,CLEAR,---,0,0,0,0,---,NO PLAY,---,2025-09-23 12:30
BISTROVER,Neo Heritage,HDM,kors k vs MAD CHILD,0,0,0,0,0,---,NO PLAY,---,5,0,0,0,---,NO PLAY,---,9,0,0,0,---,NO PLAY,---,11,0,0,0,---,HARD CLEAR,---,0,0,0,0,---,NO PLAY,---,2025-09-23 12:30
BISTROVER,Ocean Blue feat. Luschel,HiTECH FUSION,lapix,0,0,0,0,0,---,NO PLAY,---,4,0,0,0,---,NO PLAY,---,7,0,0,0,---,NO PLAY,---,10,0,0,0,---,HARD CLEAR,---,0,0,0,0,---,NO PLAY,---,2025-09-23 12:30
BISTROVER,of the first magnitude,TRANCE,BEMANI Sound Team "Trance Liquid",0,0,0,0,0,---,NO PLAY,---,5,0,0,0,---,NO PLAY,---,9,0,0,0,---,EASY CLEAR,---,11,0,0,0,---,HARD CLEAR,---,0,0,0,0,---,NO PLAY,---,2025-09-23 12:30
BISTROVER,OTOKOZAKA,OLD FASHIONED,BEMANI Sound Team "Trance Liquid",0,0,0,0,0,---,NO PLAY,---,5,0,0,0,---,NO PLAY,---,9,0,0,0,---,NO PLAY,---,11,0,0,0,---,HARD CLEAR,---,0,0,0,0,---,NO PLAY,---,2025-09-23 12:30
BISTROVER,Overslept,DRUM'N'BASS,PARKGOLF,0,0,0,0,0,---,NO PLAY,---,6,0,0,0,---,NO PLAY,---,9,0,0,0,---,EASY CLEAR,---,11,0,0,0,---,HARD CLEAR,---,0,0,0,0,---,NO PLAY,---,2025-09-23 12:30
BISTROVER,Para siempre,MEXICAN DRUMSTEP,削除 feat. 削除,0,0,0,0,0,---,NO PLAY,---,5,0,0,0,---,NO PLAY,---,8,0,0,0,---,NO PLAY,---,11,0,0,0,---,HARD CLEAR,---,0,0,0,0,---,NO PLAY,---,2025-09-23 12:30
BISTROVER,Parvati,ORBITALIC WORLD MUSIC,BEMANI Sound Team "U1 overground",0,0,0,0,0,---,NO PLAY,---,5,0,0,0,---,NO PLAY,---,9,0,0,0,---,CLEAR,---,12,0,0,0,---,HARD CLEAR,---,0,0,0,0,---,NO PLAY,---,2025-09-23 12:30
BISTROVER,POLKAMANIA,ポルカ2020,かめりあ feat. ななひら,1,2,0,0,0,---,NO PLAY,---,5,0,0,0,---,NO PLAY,---,9,0,0,0,---,EASY CLEAR,---,11,0,0,0,---,HARD CLEAR,---,12,2465,905,655,106,EASY CLEAR,B,2025-10-04 15:51
BISTROVER,Rejection Girl,STYLISH FUTURE,BEMANI Sound Team "HuΣeR",0,0,0,0,0,---,NO PLAY,---,5,0,0,0,---,NO PLAY,---,9,0,0,0,---,NO PLAY,---,11,0,0,0,---,HARD CLEAR,---,0,0,0,0,---,NO PLAY,---,2025-09-23 12:30
BISTROVER,Ritual of Anubis,ARABIC HARD RITUAL,KO3 & Relect,0,0,0,0,0,---,NO PLAY,---,6,0,0,0,---,NO PLAY,---,9,0,0,0,---,CLEAR,---,11,0,0,0,---,HARD CLEAR,---,0,0,0,0,---,NO PLAY,---,2025-09-23 12:30
BISTROVER,Romanticが止まらない,IIDX EDITION,Remixed by BEMANI Sound Team "L.E.D." & IOSYS,0,2,0,0,0,---,NO PLAY,---,5,0,0,0,---,NO PLAY,---,8,0,0,0,---,NO PLAY,---,11,0,0,0,---,HARD CLEAR,---,0,0,0,0,---,NO PLAY,---,2025-09-23 12:30
BISTROVER,rommmo,BREAKCORE,callasoiled,0,0,0,0,0,---,NO PLAY,---,6,0,0,0,---,NO PLAY,---,9,0,0,0,---,CLEAR,---,12,0,0,0,---,HARD CLEAR,---,0,0,0,0,---,NO PLAY,---,2025-09-23 12:30
BISTROVER,Rosa azuL,HARD LATIN,lapix,0,0,0,0,0,---,NO PLAY,---,5,0,0,0,---,NO PLAY,---,9,0,0,0,---,EASY CLEAR,---,11,0,0,0,---,HARD CLEAR,---,0,0,0,0,---,NO PLAY,---,2025-09-23 12:30
BISTROVER,Rowdy,DUBSTEP,Dazsta,0,0,0,0,0,---,NO PLAY,---,5,0,0,0,---,NO PLAY,---,8,0,0,0,---,NO PLAY,---,10,0,0,0,---,HARD CLEAR,---,0,0,0,0,---,NO PLAY,---,2025-09-23 12:30
BISTROVER,Rubrum Piano,ACID LATIN JAZZ,Xceon,0,0,0,0,0,---,NO PLAY,---,5,0,0,0,---,NO PLAY,---,9,0,0,0,---,ASSIST CLEAR,---,11,0,0,0,---,HARD CLEAR,---,0,0,0,0,---,NO PLAY,---,2025-09-23 12:30
BISTROVER,S-Bahn,DARK TECHNO,BEMANI Sound Team "DARK TRAIN",0,0,0,0,0,---,NO PLAY,---,4,0,0,0,---,NO PLAY,---,7,0,0,0,---,NO PLAY,---,9,0,0,0,---,HARD CLEAR,---,0,0,0,0,---,NO PLAY,---,2025-09-23 12:30
BISTROVER,Sinus Iridum,KAMIKURA,神楽改,0,0,0,0,0,---,NO PLAY,---,7,0,0,0,---,CLEAR,---,11,0,0,0,---,HARD CLEAR,---,12,0,0,0,---,EASY CLEAR,---,0,0,0,0,---,NO PLAY,---,2025-09-23 12:30
BISTROVER,smooooch・∀・ (Snail's House Remix),CANDY RAVE BASS,Remixed by Snail's House,0,0,0,0,0,---,NO PLAY,---,5,0,0,0,---,NO PLAY,---,8,0,0,0,---,NO PLAY,---,10,0,0,0,---,HARD CLEAR,---,0,0,0,0,---,NO PLAY,---,2025-09-23 12:30
BISTROVER,SOLID STATE SQUAD -RISEN RELIC REMIX-,LIFE STREAM,Remixed by xi,0,0,0,0,0,---,NO PLAY,---,6,0,0,0,---,NO PLAY,---,10,0,0,0,---,EASY CLEAR,---,12,0,0,0,---,HARD CLEAR,---,0,0,0,0,---,NO PLAY,---,2025-09-23 12:30
BISTROVER,Sugarplum,MOE CORE,KOTONOHOUSE,1,0,0,0,0,---,NO PLAY,---,5,0,0,0,---,NO PLAY,---,8,0,0,0,---,NO PLAY,---,10,2285,1064,157,21,HARD CLEAR,AAA,0,0,0,0,---,NO PLAY,---,2025-10-18 14:10
BISTROVER,Swarm Of Scarabs,HOLIC,C-Show,0,0,0,0,0,---,NO PLAY,---,6,0,0,0,---,NO PLAY,---,8,0,0,0,---,NO PLAY,---,11,0,0,0,---,HARD CLEAR,---,0,0,0,0,---,NO PLAY,---,2025-09-23 12:30
BISTROVER,Tell me what you wish feat.らっぷびと,ROCK,Pizuya's Cell,0,0,0,0,0,---,NO PLAY,---,5,0,0,0,---,NO PLAY,---,8,0,0,0,---,NO PLAY,---,11,0,0,0,---,EX HARD CLEAR,---,0,0,0,0,---,NO PLAY,---,2025-09-23 12:30
BISTROVER,That Feeling,SPEED HOUSE,Crayvxn,0,0,0,0,0,---,NO PLAY,---,4,0,0,0,---,NO PLAY,---,8,0,0,0,---,NO PLAY,---,10,0,0,0,---,HARD CLEAR,---,0,0,0,0,---,NO PLAY,---,2025-09-23 12:30
BISTROVER,THE PEERLESS UNDER HEAVEN,HARD MIXTURE,Yuta Imai Vs. BEMANI Sound Team "L.E.D.-G",0,0,0,0,0,---,NO PLAY,---,6,0,0,0,---,NO PLAY,---,10,0,0,0,---,HARD CLEAR,---,12,0,0,0,---,EASY CLEAR,---,0,0,0,0,---,NO PLAY,---,2025-09-23 12:30
BISTROVER,The Wind of China Express(The 4th Mashup),THE 4TH,The 4th,0,0,0,0,0,---,NO PLAY,---,5,0,0,0,---,NO PLAY,---,8,0,0,0,---,NO PLAY,---,10,0,0,0,---,HARD CLEAR,---,0,0,0,0,---,NO PLAY,---,2025-09-23 12:30
BISTROVER,Tiempo Loco,Hi-TECH / PSY CORE,kors k feat.Hboy,1,0,0,0,0,---,NO PLAY,---,5,0,0,0,---,NO PLAY,---,10,0,0,0,---,CLEAR,---,12,2462,979,504,---,EASY CLEAR,B,0,0,0,0,---,NO PLAY,---,2025-10-18 16:20
BISTROVER,Viridian,NU-NRG,REMO-CON,0,0,0,0,0,---,NO PLAY,---,5,0,0,0,---,NO PLAY,---,10,0,0,0,---,HARD CLEAR,---,12,0,0,0,---,HARD CLEAR,---,0,0,0,0,---,NO PLAY,---,2025-09-23 12:30
BISTROVER,Vitrum,PROGRESSIVE METAL,BEMANI Sound Team "Yvya",0,0,0,0,0,---,NO PLAY,---,6,0,0,0,---,NO PLAY,---,9,0,0,0,---,EASY CLEAR,---,12,0,0,0,---,HARD CLEAR,---,0,0,0,0,---,NO PLAY,---,2025-09-23 12:30
BISTROVER,WAKE UP NOW,TROPICAL ELECTRO HOUSE,Maozon feat. Chica,0,0,0,0,0,---,NO PLAY,---,5,0,0,0,---,NO PLAY,---,7,0,0,0,---,ASSIST CLEAR,---,9,0,0,0,---,HARD CLEAR,---,0,0,0,0,---,NO PLAY,---,2025-09-23 12:30
BISTROVER,When I Met U,HYBRID BASSLINE,LADY'S ONLY,0,0,0,0,0,---,NO PLAY,---,4,0,0,0,---,NO PLAY,---,7,0,0,0,---,NO PLAY,---,10,0,0,0,---,HARD CLEAR,---,0,0,0,0,---,NO PLAY,---,2025-09-23 12:30
BISTROVER,Winner's Proof ft. KANASA from bless4,THEME SONG,BEMANI Sound Team "HuΣeR" & kors k,0,1,0,0,0,---,NO PLAY,---,4,0,0,0,---,NO PLAY,---,7,0,0,0,---,NO PLAY,---,10,0,0,0,---,HARD CLEAR,---,0,0,0,0,---,NO PLAY,---,2025-09-23 12:30
BISTROVER,X-ray binary,TRANCE,BEMANI Sound Team "Trance Liquid",0,0,0,0,0,---,NO PLAY,---,5,0,0,0,---,NO PLAY,---,9,0,0,0,---,EASY CLEAR,---,11,0,0,0,---,HARD CLEAR,---,0,0,0,0,---,NO PLAY,---,2025-09-23 12:30
BISTROVER,Zenith,PLUS ONE,Snail's House,0,0,0,0,0,---,NO PLAY,---,5,0,0,0,---,NO PLAY,---,9,0,0,0,---,NO PLAY,---,11,0,0,0,---,HARD CLEAR,---,0,0,0,0,---,NO PLAY,---,2025-09-23 12:30
BISTROVER,∀,RENAISSANCE,BEMANI Sound Team "HuΣeR" respect for D.J.Amuro,0,3,0,0,0,---,NO PLAY,---,7,0,0,0,---,CLEAR,---,10,0,0,0,---,HARD CLEAR,---,12,0,0,0,---,EASY CLEAR,---,0,0,0,0,---,NO PLAY,---,2025-09-23 12:30
BISTROVER,ここからよろしく大作戦143,ROCK,BEMANI Sound Team "あさき隊",0,1,0,0,0,---,NO PLAY,---,4,0,0,0,---,NO PLAY,---,8,0,0,0,---,NO PLAY,---,10,0,0,0,---,HARD CLEAR,---,11,0,0,0,---,HARD CLEAR,---,2025-09-23 12:30
BISTROVER,スーパー戦湯ババンバーン,オンセンヒーロー,すわひでお，秋成，かぼちゃ，藍月なくる，NU-KO by BEMANI Sound Team "八戸亀生羅",0,0,0,0,0,---,NO PLAY,---,6,0,0,0,---,NO PLAY,---,10,0,0,0,---,ASSIST CLEAR,---,12,0,0,0,---,HARD CLEAR,---,0,0,0,0,---,NO PLAY,---,2025-09-23 12:30
BISTROVER,ディスコルディア,CROSSOVER,ぺのれり vs. BEMANI Sound Team "HuΣeR",0,0,0,0,0,---,NO PLAY,---,7,0,0,0,---,NO PLAY,---,10,0,0,0,---,HARD CLEAR,---,12,0,0,0,---,EASY CLEAR,---,0,0,0,0,---,NO PLAY,---,2025-09-23 12:30
BISTROVER,バッド・スイーツ、バッド・ドリーム,.+:☆ BAD FUTURE ☆:+.,かめりあ feat. ななひら,1,0,0,0,0,---,NO PLAY,---,5,0,0,0,---,NO PLAY,---,9,0,0,0,---,CLEAR,---,12,1597,612,373,---,CLEAR,D,0,0,0,0,---,NO PLAY,---,2025-10-18 15:17
BISTROVER,世界の果てに約束の凱歌を -ReUnion-,BRAVE ANTHEM,OSTER project feat. かなたん,0,0,0,0,0,---,NO PLAY,---,6,0,0,0,---,NO PLAY,---,9,0,0,0,---,NO PLAY,---,12,0,0,0,---,CLEAR,---,0,0,0,0,---,NO PLAY,---,2025-09-23 12:30
BISTROVER,乱膳の舞姫,BALKANIC ROCK,BEMANI Sound Team "Akhuta Works" feat. mami,0,0,0,0,0,---,NO PLAY,---,6,0,0,0,---,NO PLAY,---,9,0,0,0,---,CLEAR,---,11,0,0,0,---,HARD CLEAR,---,0,0,0,0,---,NO PLAY,---,2025-09-23 12:30
BISTROVER,二人ノ廃城幽踊宴,SPUKWALZER,上ノ瀬つかさ,0,0,0,0,0,---,NO PLAY,---,7,0,0,0,---,NO PLAY,---,10,0,0,0,---,CLEAR,---,12,0,0,0,---,HARD CLEAR,---,0,0,0,0,---,NO PLAY,---,2025-09-23 12:30
BISTROVER,伐折羅-vajra-,KUDOS CORE,DJ TOTTO VS 兎々,3,0,0,0,0,---,NO PLAY,---,6,0,0,0,---,NO PLAY,---,10,0,0,0,---,CLEAR,---,12,2524,959,606,46,HARD CLEAR,A,0,0,0,0,---,NO PLAY,---,2025-10-11 13:11
BISTROVER,儚き恋の華,BLOOM ROCK,BEMANI Sound Team "TAG" feat. 猫体質,0,0,0,0,0,---,NO PLAY,---,5,0,0,0,---,NO PLAY,---,9,0,0,0,---,ASSIST CLEAR,---,11,0,0,0,---,HARD CLEAR,---,0,0,0,0,---,NO PLAY,---,2025-09-23 12:30
BISTROVER,新宝島,IIDX EDITION,Remixed by BEMANI Sound Team "TAG feat. PON",0,3,0,0,0,---,NO PLAY,---,5,0,0,0,---,NO PLAY,---,7,0,0,0,---,NO PLAY,---,10,0,0,0,---,HARD CLEAR,---,12,0,0,0,---,HARD CLEAR,---,2025-09-23 12:30
BISTROVER,水無月の雫 ft. 小林まな,-和- EURO TRANCE,Xceon,0,0,0,0,0,---,NO PLAY,---,6,0,0,0,---,NO PLAY,---,8,0,0,0,---,ASSIST CLEAR,---,10,0,0,0,---,HARD CLEAR,---,0,0,0,0,---,NO PLAY,---,2025-09-23 12:30
BISTROVER,水鏡の異界,JAPANESE TECH BREAKS,BEMANI Sound Team "Coyaan",0,0,0,0,0,---,NO PLAY,---,5,0,0,0,---,NO PLAY,---,9,0,0,0,---,EASY CLEAR,---,12,0,0,0,---,HARD CLEAR,---,0,0,0,0,---,NO PLAY,---,2025-09-23 12:30
BISTROVER,涙のテ・エストラーニョ・ムーチョ,Hi-歌謡タンゴ,LA BAILARINA☆Prim,1,0,0,0,0,---,NO PLAY,---,6,0,0,0,---,NO PLAY,---,9,0,0,0,---,EASY CLEAR,---,11,2384,1046,292,24,HARD CLEAR,AA,0,0,0,0,---,NO PLAY,---,2025-09-27 14:18
BISTROVER,無意識のフィロソフィア,HARD TRANCE,BEMANI Sound Team "TAG",0,0,0,0,0,---,NO PLAY,---,5,0,0,0,---,NO PLAY,---,9,0,0,0,---,NO PLAY,---,11,0,0,0,---,HARD CLEAR,---,0,0,0,0,---,NO PLAY,---,2025-09-23 12:30
BISTROVER,犬に雨傘,FRENCH POP,OSTER project feat. そらこ,0,0,0,0,0,---,NO PLAY,---,4,0,0,0,---,NO PLAY,---,7,0,0,0,---,NO PLAY,---,9,0,0,0,---,HARD CLEAR,---,0,0,0,0,---,NO PLAY,---,2025-09-23 12:30
BISTROVER,閠槞彁の願い,DARKSTEP,DJ TECHNORCH & RoughSketch,0,0,0,0,0,---,NO PLAY,---,6,0,0,0,---,NO PLAY,---,10,0,0,0,---,EASY CLEAR,---,12,0,0,0,---,HARD CLEAR,---,0,0,0,0,---,NO PLAY,---,2025-09-23 12:30
BISTROVER,霧幻メモリア,LAST FRONTIER,BEMANI Sound Team "劇団レコード" feat.Risa Yuzuki,0,0,0,0,0,---,NO PLAY,---,5,0,0,0,---,NO PLAY,---,7,0,0,0,---,NO PLAY,---,10,0,0,0,---,HARD CLEAR,---,0,0,0,0,---,NO PLAY,---,2025-09-23 12:30
BISTROVER,魔法のかくれんぼ,FANTASY TOYPOP,Snail's House,0,0,0,0,0,---,NO PLAY,---,5,0,0,0,---,NO PLAY,---,9,0,0,0,---,FAILED,---,12,0,0,0,---,HARD CLEAR,---,0,0,0,0,---,NO PLAY,---,2025-09-23 12:30
CastHour,10000 MILES AWAY,DRUMSTEP,AJURIKA,0,0,0,0,0,---,NO PLAY,---,5,0,0,0,---,NO PLAY,---,9,0,0,0,---,HARD CLEAR,---,11,0,0,0,---,HARD CLEAR,---,0,0,0,0,---,NO PLAY,---,2025-09-23 12:30
CastHour,2 Beasts Unchained,HARDCORE,kors k vs Yooh,0,0,0,0,0,---,NO PLAY,---,7,0,0,0,---,NO PLAY,---,10,0,0,0,---,HARD CLEAR,---,12,0,0,0,---,EASY CLEAR,---,0,0,0,0,---,NO PLAY,---,2025-09-23 12:30
CastHour,808monkey,JUNGLE TERROR,AJURIKA,0,0,0,0,0,---,NO PLAY,---,4,0,0,0,---,NO PLAY,---,7,0,0,0,---,NO PLAY,---,9,0,0,0,---,HARD CLEAR,---,0,0,0,0,---,NO PLAY,---,2025-09-23 12:30
CastHour,ABSOLUTE EVIL,EUPHORIC FRENCHCORE,Yuta Imai,0,1,0,0,0,---,NO PLAY,---,6,0,0,0,---,NO PLAY,---,10,0,0,0,---,HARD CLEAR,---,12,0,0,0,---,HARD CLEAR,---,0,0,0,0,---,NO PLAY,---,2025-09-23 12:30
CastHour,Aftermath,ROCK,BEMANI Sound Team "猫叉Master & あさき & Yvya",0,0,0,0,0,---,NO PLAY,---,6,0,0,0,---,NO PLAY,---,10,0,0,0,---,EASY CLEAR,---,12,0,0,0,---,HARD CLEAR,---,0,0,0,0,---,NO PLAY,---,2025-09-23 12:30
CastHour,ALTERNATOR,IRREGULAR OMNIBUS HARDCORE,BEMANI Sound Team "dj Hellix",2,0,0,0,0,---,NO PLAY,---,7,0,0,0,---,NO PLAY,---,10,0,0,0,---,HARD CLEAR,---,12,2819,1136,547,49,HARD CLEAR,A,0,0,0,0,---,NO PLAY,---,2025-10-11 13:00
CastHour,AMICABLE,FUTURE POP,BEMANI Sound Team "Sota F.",0,0,0,0,0,---,NO PLAY,---,5,0,0,0,---,NO PLAY,---,8,0,0,0,---,NO PLAY,---,10,0,0,0,---,HARD CLEAR,---,0,0,0,0,---,NO PLAY,---,2025-09-23 12:30
CastHour,ANEMONE,EMOTIONAL J-POP,BEMANI Sound Team "HuΣeR × Yvya" feat.紫村 花澄,0,1,0,0,0,---,NO PLAY,---,4,0,0,0,---,NO PLAY,---,7,0,0,0,---,NO PLAY,---,10,0,0,0,---,HARD CLEAR,---,0,0,0,0,---,NO PLAY,---,2025-09-23 12:30
CastHour,Angel's Ladder,PIANO TECH,xi,0,0,0,0,0,---,NO PLAY,---,6,0,0,0,---,NO PLAY,---,10,0,0,0,---,EASY CLEAR,---,12,0,0,0,---,HARD CLEAR,---,0,0,0,0,---,NO PLAY,---,2025-09-23 12:30
CastHour,Ariah,UNSUNG REQUIEM,satella feat.藍月なくる,0,0,0,0,0,---,NO PLAY,---,4,0,0,0,---,NO PLAY,---,7,0,0,0,---,NO PLAY,---,10,0,0,0,---,CLEAR,---,0,0,0,0,---,NO PLAY,---,2025-09-23 12:30
CastHour,Arkadia,FREEFORM HARDCORE,Hommarju ft. Mayumi Morinaga,0,0,0,0,0,---,NO PLAY,---,5,0,0,0,---,NO PLAY,---,9,0,0,0,---,HARD CLEAR,---,12,0,0,0,---,HARD CLEAR,---,0,0,0,0,---,NO PLAY,---,2025-09-23 12:30
CastHour,Banger Banger Banger Banger,EARLY RAVE,nora2r,0,0,0,0,0,---,NO PLAY,---,5,0,0,0,---,NO PLAY,---,9,0,0,0,---,NO PLAY,---,11,0,0,0,---,HARD CLEAR,---,0,0,0,0,---,NO PLAY,---,2025-09-23 12:30
CastHour,Binary Black Hole,BLACK OUT,BEMANI Sound Team "D.J.Amuro",0,0,0,0,0,---,NO PLAY,---,6,0,0,0,---,NO PLAY,---,10,0,0,0,---,EASY CLEAR,---,12,0,0,0,---,EASY CLEAR,---,0,0,0,0,---,NO PLAY,---,2025-09-23 12:30
CastHour,Blue Bird feat. Kanae Asaba,LATIN FUSION POP,Nhato,0,0,0,0,0,---,NO PLAY,---,4,0,0,0,---,NO PLAY,---,6,0,0,0,---,NO PLAY,---,8,0,0,0,---,FULLCOMBO CLEAR,---,0,0,0,0,---,NO PLAY,---,2025-09-23 12:30
CastHour,Brave Spirits,MELODIC RIDDIM,MK,0,0,0,0,0,---,NO PLAY,---,4,0,0,0,---,NO PLAY,---,8,0,0,0,---,NO PLAY,---,10,0,0,0,---,HARD CLEAR,---,0,0,0,0,---,NO PLAY,---,2025-09-23 12:30
CastHour,DISPARATE,CYBERPUNK,BEMANI Sound Team "Captain Sonic",0,0,0,0,0,---,NO PLAY,---,5,0,0,0,---,NO PLAY,---,8,0,0,0,---,NO PLAY,---,11,0,0,0,---,HARD CLEAR,---,0,0,0,0,---,NO PLAY,---,2025-09-23 12:30
CastHour,Divine Heaven,BIG ANTHEM,Absolute The 4th,0,0,0,0,0,---,NO PLAY,---,5,0,0,0,---,NO PLAY,---,9,0,0,0,---,NO PLAY,---,11,0,0,0,---,HARD CLEAR,---,0,0,0,0,---,NO PLAY,---,2025-09-23 12:30
CastHour,Don't believe the hype,MIXTURE,DJ Mass MAD Izm* feat.H14(LEONAIR),1,0,0,0,0,---,NO PLAY,---,6,0,0,0,---,NO PLAY,---,10,0,0,0,---,HARD CLEAR,---,12,812,279,254,---,EASY CLEAR,E,0,0,0,0,---,NO PLAY,---,2025-10-04 14:58
CastHour,DREAM OF SPACE UFO ABDUCTION,ABDUCTION BEAT,BEMANI Sound Team "謎の宇宙人スペースX",1,0,0,0,0,---,NO PLAY,---,5,0,0,0,---,NO PLAY,---,8,0,0,0,---,NO PLAY,---,11,1940,749,442,44,HARD CLEAR,A,0,0,0,0,---,NO PLAY,---,2025-10-04 14:55
CastHour,Emera,EDM STYLE,PON,0,0,0,0,0,---,NO PLAY,---,5,0,0,0,---,NO PLAY,---,8,0,0,0,---,NO PLAY,---,11,0,0,0,---,HARD CLEAR,---,0,0,0,0,---,NO PLAY,---,2025-09-23 12:30
CastHour,EMOTiON TRiPPER,ELECTRIC POP,sky_delta,0,0,0,0,0,---,NO PLAY,---,5,0,0,0,---,NO PLAY,---,8,0,0,0,---,NO PLAY,---,10,0,0,0,---,HARD CLEAR,---,0,0,0,0,---,NO PLAY,---,2025-09-23 12:30
CastHour,Ergosphere,亜空間ジャズ,TOMOSUKE,0,0,0,0,0,---,NO PLAY,---,5,0,0,0,---,NO PLAY,---,9,0,0,0,---,NO PLAY,---,11,0,0,0,---,HARD CLEAR,---,0,0,0,0,---,NO PLAY,---,2025-09-23 12:30
CastHour,Fantastic Merry-Go-Round,DIGITAL POP,SOUND HOLIC feat. Nana Takahashi,0,0,0,0,0,---,NO PLAY,---,4,0,0,0,---,NO PLAY,---,7,0,0,0,---,NO PLAY,---,9,0,0,0,---,FULLCOMBO CLEAR,---,0,0,0,0,---,NO PLAY,---,2025-09-23 12:30
CastHour,Fegrix,EURO BEAT,Xceon vs DJ Command (Eurobeat Union),1,0,0,0,0,---,NO PLAY,---,6,0,0,0,---,NO PLAY,---,10,0,0,0,---,EASY CLEAR,---,12,2363,938,487,45,HARD CLEAR,A,0,0,0,0,---,NO PLAY,---,2025-10-11 13:34
CastHour,FINALLY BLAZE,ENERGETIC HARDCORE,BlackY,0,0,0,0,0,---,NO PLAY,---,5,0,0,0,---,NO PLAY,---,9,0,0,0,---,NO PLAY,---,11,0,0,0,---,HARD CLEAR,---,0,0,0,0,---,NO PLAY,---,2025-09-23 12:30
CastHour,Flying Castle,COLOUR CORE,lapix,0,0,0,0,0,---,NO PLAY,---,6,0,0,0,---,NO PLAY,---,10,0,0,0,---,EASY CLEAR,---,12,0,0,0,---,HARD CLEAR,---,0,0,0,0,---,NO PLAY,---,2025-09-23 12:30
CastHour,Game Changers,HARD MIXTURE,Yuta Imai,0,0,0,0,0,---,NO PLAY,---,4,0,0,0,---,NO PLAY,---,8,0,0,0,---,NO PLAY,---,11,0,0,0,---,HARD CLEAR,---,0,0,0,0,---,NO PLAY,---,2025-09-23 12:30
CastHour,Get set， Go! feat.Kanae Asaba,FUTURE BOUNCE,MK,0,0,0,0,0,---,NO PLAY,---,4,0,0,0,---,NO PLAY,---,7,0,0,0,---,NO PLAY,---,10,0,0,0,---,HARD CLEAR,---,0,0,0,0,---,NO PLAY,---,2025-09-23 12:30
CastHour,GiGaGaHell,EXTRATONE,m1dy， RoughSketch,0,0,0,0,0,---,NO PLAY,---,7,0,0,0,---,NO PLAY,---,10,0,0,0,---,HARD CLEAR,---,12,0,0,0,---,HARD CLEAR,---,0,0,0,0,---,NO PLAY,---,2025-09-23 12:30
CastHour,GRAVITON,NEUROFUNK,BEMANI Sound Team "L.E.D.",0,0,0,0,0,---,NO PLAY,---,6,0,0,0,---,NO PLAY,---,10,0,0,0,---,HARD CLEAR,---,12,0,0,0,---,HARD CLEAR,---,0,0,0,0,---,NO PLAY,---,2025-09-23 12:30
CastHour,hard-wired,HIDEOUT,Yuta Imai ≡ Blacklolita,0,0,0,0,0,---,NO PLAY,---,7,0,0,0,---,NO PLAY,---,10,0,0,0,---,HARD CLEAR,---,12,0,0,0,---,FAILED,---,0,0,0,0,---,NO PLAY,---,2025-09-23 12:30
CastHour,Harmonia,NU PRELUDE,ATSUMI UEDA,0,0,0,0,0,---,NO PLAY,---,4,0,0,0,---,NO PLAY,---,7,0,0,0,---,NO PLAY,---,10,0,0,0,---,HARD CLEAR,---,0,0,0,0,---,NO PLAY,---,2025-09-23 12:30
CastHour,Hat Surprise,UK HARDCORE,Hommarju,0,0,0,0,0,---,NO PLAY,---,4,0,0,0,---,NO PLAY,---,8,0,0,0,---,NO PLAY,---,11,0,0,0,---,HARD CLEAR,---,0,0,0,0,---,NO PLAY,---,2025-09-23 12:30
CastHour,HEARTACHE,HEALING FUTURE,BEMANI Sound Team "HuΣeR" feat.ゆきまめ,0,0,0,0,0,---,NO PLAY,---,3,0,0,0,---,NO PLAY,---,7,0,0,0,---,NO PLAY,---,10,0,0,0,---,HARD CLEAR,---,0,0,0,0,---,NO PLAY,---,2025-09-23 12:30
CastHour,kors k's How to make OTOGE CORE,CHANNEL K,kors k,0,0,0,0,0,---,NO PLAY,---,5,0,0,0,---,NO PLAY,---,9,0,0,0,---,EASY CLEAR,---,11,0,0,0,---,HARD CLEAR,---,0,0,0,0,---,NO PLAY,---,2025-09-23 12:30
CastHour,Lawes's Parotia,PROGRESSIVE METAL,BEMANI Sound Team "Yvya",0,0,0,0,0,---,NO PLAY,---,4,0,0,0,---,NO PLAY,---,8,0,0,0,---,NO PLAY,---,11,0,0,0,---,HARD CLEAR,---,0,0,0,0,---,NO PLAY,---,2025-09-23 12:30
CastHour,LIVE DRIVING!! feat. 花たん,HARD ELECTRIC POP,BEMANI Sound Team "S-C-U vs L.E.D.",0,0,0,0,0,---,NO PLAY,---,7,0,0,0,---,NO PLAY,---,10,0,0,0,---,EASY CLEAR,---,12,0,0,0,---,HARD CLEAR,---,0,0,0,0,---,NO PLAY,---,2025-09-23 12:30
CastHour,N.O.,ASTRONOMICAL TECHNO,かめりあ,0,0,0,0,0,---,NO PLAY,---,5,0,0,0,---,NO PLAY,---,8,0,0,0,---,NO PLAY,---,10,0,0,0,---,HARD CLEAR,---,0,0,0,0,---,NO PLAY,---,2025-09-23 12:30
CastHour,n/a,SYMPHONIC DUBSTEP,Blacklolita,0,0,0,0,0,---,NO PLAY,---,7,0,0,0,---,NO PLAY,---,10,0,0,0,---,EASY CLEAR,---,12,0,0,0,---,FAILED,---,0,0,0,0,---,NO PLAY,---,2025-09-23 12:30
CastHour,No Day But Today!,J-POP,NU-KO & yunocy,0,2,0,0,0,---,NO PLAY,---,4,0,0,0,---,NO PLAY,---,7,0,0,0,---,NO PLAY,---,10,0,0,0,---,EASY CLEAR,---,0,0,0,0,---,NO PLAY,---,2025-09-23 12:30
CastHour,Nocturnal 2097,DARKSYNTH,Dirty Androids,0,0,0,0,0,---,NO PLAY,---,5,0,0,0,---,NO PLAY,---,9,0,0,0,---,NO PLAY,---,11,0,0,0,---,HARD CLEAR,---,0,0,0,0,---,NO PLAY,---,2025-09-23 12:30
CastHour,Non Stop Rock,DRUM'N'BASS,Masayoshi Iimori,0,0,0,0,0,---,NO PLAY,---,4,0,0,0,---,NO PLAY,---,8,0,0,0,---,NO PLAY,---,10,0,0,0,---,HARD CLEAR,---,0,0,0,0,---,NO PLAY,---,2025-09-23 12:30
CastHour,One for All,EUPHORIC FRENCHCORE,RoughSketch,0,0,0,0,0,---,NO PLAY,---,5,0,0,0,---,NO PLAY,---,9,0,0,0,---,HARD CLEAR,---,12,0,0,0,---,HARD CLEAR,---,0,0,0,0,---,NO PLAY,---,2025-09-23 12:30
CastHour,Onyx,STYLISH COLOUR,BEMANI Sound Team "HuΣeR",0,0,0,0,0,---,NO PLAY,---,5,0,0,0,---,NO PLAY,---,8,0,0,0,---,NO PLAY,---,11,0,0,0,---,HARD CLEAR,---,0,0,0,0,---,NO PLAY,---,2025-09-23 12:30
CastHour,P.O.W.E.R.,RAWSTYLE,Yuta Imai,0,0,0,0,0,---,NO PLAY,---,5,0,0,0,---,NO PLAY,---,8,0,0,0,---,NO PLAY,---,10,0,0,0,---,HARD CLEAR,---,0,0,0,0,---,NO PLAY,---,2025-09-23 12:30
CastHour,PIRATES BLADE,STORMY SEA,BEMANI Sound Team "劇団レコード",0,0,0,0,0,---,NO PLAY,---,5,0,0,0,---,NO PLAY,---,8,0,0,0,---,NO PLAY,---,10,0,0,0,---,HARD CLEAR,---,0,0,0,0,---,NO PLAY,---,2025-09-23 12:30
CastHour,PLASMA SOUL NIGHT feat. Nana Takahashi / 709sec.,LIGHTNING EUROBEAT,BEMANI Sound Team "L.E.D.",0,2,0,0,0,---,NO PLAY,---,6,0,0,0,---,NO PLAY,---,10,0,0,0,---,EASY CLEAR,---,12,0,0,0,---,HARD CLEAR,---,0,0,0,0,---,NO PLAY,---,2025-09-23 12:30
CastHour,Pout,FUTURE BASS,BEMANI Sound Team "SYUNN",0,0,0,0,0,---,NO PLAY,---,6,0,0,0,---,NO PLAY,---,9,0,0,0,---,EASY CLEAR,---,11,0,0,0,---,HARD CLEAR,---,0,0,0,0,---,NO PLAY,---,2025-09-23 12:30
CastHour,Prohibited Props,VARIABLE FUTURE BASS,BEMANI Sound Team "ZAQUVA",0,0,0,0,0,---,NO PLAY,---,5,0,0,0,---,NO PLAY,---,8,0,0,0,---,NO PLAY,---,10,0,0,0,---,HARD CLEAR,---,0,0,0,0,---,NO PLAY,---,2025-09-23 12:30
CastHour,Purple Perplex,MELODIC RIDDIM,Eagle,0,0,0,0,0,---,NO PLAY,---,7,0,0,0,---,NO PLAY,---,10,0,0,0,---,HARD CLEAR,---,12,0,0,0,---,HARD CLEAR,---,0,0,0,0,---,NO PLAY,---,2025-09-23 12:30
CastHour,Push on Beats!～音ゲの国のeX-ストリーマー～,AKIBA-POP,MOSAIC.WAV,0,0,0,0,0,---,NO PLAY,---,6,0,0,0,---,NO PLAY,---,9,0,0,0,---,EASY CLEAR,---,12,0,0,0,---,HARD CLEAR,---,0,0,0,0,---,NO PLAY,---,2025-09-23 12:30
CastHour,RAGE feat.H14 of LEONAIR,MIXTURE,DJ Mass MAD Izm*,0,3,0,0,0,---,NO PLAY,---,6,0,0,0,---,NO PLAY,---,10,0,0,0,---,HARD CLEAR,---,12,0,0,0,---,FAILED,---,0,0,0,0,---,NO PLAY,---,2025-09-23 12:30
CastHour,Silver Bullet,PIANO CONCERTINO + JAZZ FUSION,xi,0,0,0,0,0,---,NO PLAY,---,6,0,0,0,---,NO PLAY,---,10,0,0,0,---,HARD CLEAR,---,12,0,0,0,---,HARD CLEAR,---,0,0,0,0,---,NO PLAY,---,2025-09-23 12:30
CastHour,Smalt #28598F,TECH DANCE,REMO-CON,0,0,0,0,0,---,NO PLAY,---,6,0,0,0,---,FAILED,---,10,0,0,0,---,EASY CLEAR,---,12,0,0,0,---,HARD CLEAR,---,0,0,0,0,---,NO PLAY,---,2025-09-23 12:30
CastHour,SOLID WYVERN,HARDPSY,BEMANI Sound Team "L.E.D.",0,0,0,0,0,---,NO PLAY,---,6,0,0,0,---,NO PLAY,---,9,0,0,0,---,NO PLAY,---,11,0,0,0,---,HARD CLEAR,---,12,0,0,0,---,EASY CLEAR,---,2025-09-23 12:30
CastHour,Souhait bleu,ALCHEMY POP,しーけー,0,0,0,0,0,---,NO PLAY,---,5,0,0,0,---,NO PLAY,---,9,0,0,0,---,NO PLAY,---,11,0,0,0,---,HARD CLEAR,---,0,0,0,0,---,NO PLAY,---,2025-09-23 12:30
CastHour,SPARK IN THE NIGHT,EUPHORIC HARDSTYLE,BEMANI Sound Team "L.E.D.-G",0,0,0,0,0,---,NO PLAY,---,4,0,0,0,---,NO PLAY,---,8,0,0,0,---,NO PLAY,---,10,0,0,0,---,HARD CLEAR,---,0,0,0,0,---,NO PLAY,---,2025-09-23 12:30
CastHour,Stepper,DANCE MUSIC,PSYQUI,0,0,0,0,0,---,NO PLAY,---,4,0,0,0,---,NO PLAY,---,8,0,0,0,---,NO PLAY,---,10,0,0,0,---,HARD CLEAR,---,0,0,0,0,---,NO PLAY,---,2025-09-23 12:30
CastHour,Tail Lights,TRANCE,BEMANI Sound Team "dj TAKA" feat.nana hatori,0,0,0,0,0,---,NO PLAY,---,5,0,0,0,---,NO PLAY,---,9,0,0,0,---,HARD CLEAR,---,11,0,0,0,---,HARD CLEAR,---,0,0,0,0,---,NO PLAY,---,2025-09-23 12:30
CastHour,TOMAHAWK,SUPER HARDCORE NOVA,かめりあ,0,0,0,0,0,---,NO PLAY,---,6,0,0,0,---,NO PLAY,---,10,0,0,0,---,HARD CLEAR,---,12,0,0,0,---,EASY CLEAR,---,0,0,0,0,---,NO PLAY,---,2025-09-23 12:30
CastHour,Triple Cross,MUSIC GAME TRADITIONAL,BEMANI Sound Team "dj TAKA & DJ YOSHITAKA & SYUNN",0,3,0,0,0,---,NO PLAY,---,6,0,0,0,---,NO PLAY,---,10,0,0,0,---,HARD CLEAR,---,12,0,0,0,---,HARD CLEAR,---,0,0,0,0,---,NO PLAY,---,2025-09-23 12:30
CastHour,Ventriloquist,JAZZY STEP,Avans,0,0,0,0,0,---,NO PLAY,---,4,0,0,0,---,NO PLAY,---,8,0,0,0,---,NO PLAY,---,11,0,0,0,---,HARD CLEAR,---,0,0,0,0,---,NO PLAY,---,2025-09-23 12:30
CastHour,Victory Of Ravers,HARDCORE RAVE,DJ Shimamura,0,0,0,0,0,---,NO PLAY,---,6,0,0,0,---,NO PLAY,---,9,0,0,0,---,NO PLAY,---,11,0,0,0,---,HARD CLEAR,---,0,0,0,0,---,NO PLAY,---,2025-09-23 12:30
CastHour,WHA,CROSSO-WHA-R,かめりあ involving ななひら,0,0,0,0,0,---,NO PLAY,---,7,0,0,0,---,NO PLAY,---,10,0,0,0,---,HARD CLEAR,---,12,0,0,0,---,EASY CLEAR,---,0,0,0,0,---,NO PLAY,---,2025-09-23 12:30
CastHour,Wonderful Escape,NU DRUM & BASS,DE DE MOUSE,0,0,0,0,0,---,NO PLAY,---,5,0,0,0,---,NO PLAY,---,7,0,0,0,---,NO PLAY,---,10,0,0,0,---,HARD CLEAR,---,0,0,0,0,---,NO PLAY,---,2025-09-23 12:30
CastHour,Xyndrome,FRENCHCORE,nora2r,0,0,0,0,0,---,NO PLAY,---,6,0,0,0,---,NO PLAY,---,9,0,0,0,---,NO PLAY,---,11,0,0,0,---,HARD CLEAR,---,0,0,0,0,---,NO PLAY,---,2025-09-23 12:30
CastHour,《GRANDMASTER》,TRIUMPH,Blacklolita,0,0,0,0,0,---,NO PLAY,---,5,0,0,0,---,NO PLAY,---,9,0,0,0,---,NO PLAY,---,11,0,0,0,---,HARD CLEAR,---,0,0,0,0,---,NO PLAY,---,2025-09-23 12:30
CastHour,めでてえ,ハッピースピードコア,TORIENA,0,0,0,0,0,---,NO PLAY,---,5,0,0,0,---,NO PLAY,---,8,0,0,0,---,NO PLAY,---,10,0,0,0,---,HARD CLEAR,---,0,0,0,0,---,NO PLAY,---,2025-09-23 12:30
CastHour,アクマフカ,ROCK,Pizuya's Cell,0,0,0,0,0,---,NO PLAY,---,5,0,0,0,---,NO PLAY,---,8,0,0,0,---,NO PLAY,---,10,0,0,0,---,HARD CLEAR,---,0,0,0,0,---,NO PLAY,---,2025-09-23 12:30
CastHour,ウツシミウツシ,ALTERNATIVE DANCE CORE,BEMANI Sound Team "PHQUASE" feat.ぁゅ,0,0,0,0,0,---,NO PLAY,---,6,0,0,0,---,NO PLAY,---,9,0,0,0,---,NO PLAY,---,11,0,0,0,---,HARD CLEAR,---,0,0,0,0,---,NO PLAY,---,2025-09-23 12:30
CastHour,オドループ,J-POP,フレデリック,0,3,0,0,0,---,NO PLAY,---,5,0,0,0,---,NO PLAY,---,7,0,0,0,---,NO PLAY,---,10,0,0,0,---,HARD CLEAR,---,11,0,0,0,---,HARD CLEAR,---,2025-09-23 12:30
CastHour,オールトの雲,GALAXY QUEST,OSTER project,0,0,0,0,0,---,NO PLAY,---,6,0,0,0,---,NO PLAY,---,9,0,0,0,---,NO PLAY,---,11,0,0,0,---,HARD CLEAR,---,0,0,0,0,---,NO PLAY,---,2025-09-23 12:30
CastHour,グッバイ宣言,IIDX EDITION,Remixed by uno(IOSYS) & Liqo feat. Chiyoko,0,3,0,0,0,---,NO PLAY,---,5,0,0,0,---,NO PLAY,---,8,0,0,0,---,NO PLAY,---,11,0,0,0,---,HARD CLEAR,---,12,0,0,0,---,HARD CLEAR,---,2025-09-23 12:30
CastHour,シル・ヴ・プレジデント,J-POP,P丸様。,0,2,0,0,0,---,NO PLAY,---,4,0,0,0,---,NO PLAY,---,7,0,0,0,---,NO PLAY,---,10,0,0,0,---,HARD CLEAR,---,11,0,0,0,---,HARD CLEAR,---,2025-09-23 12:30
CastHour,ナイトフィクション,ALTERNATIVE,中山真斗 feat. CHAN,0,0,0,0,0,---,NO PLAY,---,4,0,0,0,---,NO PLAY,---,8,0,0,0,---,NO PLAY,---,10,0,0,0,---,HARD CLEAR,---,0,0,0,0,---,NO PLAY,---,2025-09-23 12:30
CastHour,ハイテックトキオ,ハイテックトキオ,lapix ∞ BEMANI Sound Team "Sota Fujimori",0,0,0,0,0,---,NO PLAY,---,6,0,0,0,---,NO PLAY,---,9,0,0,0,---,EASY CLEAR,---,11,0,0,0,---,HARD CLEAR,---,12,0,0,0,---,HARD CLEAR,---,2025-09-23 12:30
CastHour,ピアノ独奏無言歌 "灰燼",THRENODY,BEMANI Sound Team "Virkato Wakhmaninov",1,0,0,0,0,---,NO PLAY,---,6,0,0,0,---,NO PLAY,---,10,0,0,0,---,EASY CLEAR,---,12,866,299,268,---,CLEAR,F,0,0,0,0,---,NO PLAY,---,2025-09-23 18:22
CastHour,ミュージック・アワー,IIDX EDITION,Remixed by BEMANI Sound Team "PON",0,3,0,0,0,---,NO PLAY,---,6,0,0,0,---,NO PLAY,---,9,0,0,0,---,NO PLAY,---,11,0,0,0,---,HARD CLEAR,---,0,0,0,0,---,NO PLAY,---,2025-09-23 12:30
CastHour,口カラ凸ゲキ,HUMAN BEATBOX ELECTRO,SARUKANI × Blacklolita,0,0,0,0,0,---,NO PLAY,---,5,0,0,0,---,NO PLAY,---,8,0,0,0,---,NO PLAY,---,10,0,0,0,---,HARD CLEAR,---,0,0,0,0,---,NO PLAY,---,2025-09-23 12:30
CastHour,天邪鬼,HARD DANCE,Qlarabelle,0,2,0,0,0,---,NO PLAY,---,5,0,0,0,---,NO PLAY,---,9,0,0,0,---,HARD CLEAR,---,12,0,0,0,---,HARD CLEAR,---,0,0,0,0,---,NO PLAY,---,2025-09-23 12:30
CastHour,怪物,IIDX EDITION,Remixed by Nhato feat. ricono,0,1,0,0,0,---,NO PLAY,---,4,0,0,0,---,NO PLAY,---,6,0,0,0,---,NO PLAY,---,10,0,0,0,---,HARD CLEAR,---,11,0,0,0,---,HARD CLEAR,---,2025-09-23 12:30
CastHour,愛しくてラヴィンユー ft. マナ,EURO BEAT,Xceon,0,0,0,0,0,---,NO PLAY,---,4,0,0,0,---,NO PLAY,---,7,0,0,0,---,NO PLAY,---,10,0,0,0,---,HARD CLEAR,---,0,0,0,0,---,NO PLAY,---,2025-09-23 12:30
CastHour,月とミルク,CHIPBREAK POP,TORIENA,0,0,0,0,0,---,NO PLAY,---,5,0,0,0,---,NO PLAY,---,8,0,0,0,---,NO PLAY,---,11,0,0,0,---,HARD CLEAR,---,0,0,0,0,---,NO PLAY,---,2025-09-23 12:30
CastHour,烽火連天の刃,CYBER TAIGA,OSTER project,0,0,0,0,0,---,NO PLAY,---,6,0,0,0,---,NO PLAY,---,10,0,0,0,---,EASY CLEAR,---,12,0,0,0,---,HARD CLEAR,---,12,0,0,0,---,FAILED,---,2025-09-23 12:30
CastHour,禊,HARD PSY TRANCE,Nhato,1,0,0,0,0,---,NO PLAY,---,6,0,0,0,---,NO PLAY,---,10,0,0,0,---,HARD CLEAR,---,12,2272,915,442,51,HARD CLEAR,A,0,0,0,0,---,NO PLAY,---,2025-10-18 14:25
CastHour,逆月,JAPANESQUE,BEMANI Sound Team "HuΣeR" feat.Fernweh,0,0,0,0,0,---,NO PLAY,---,7,0,0,0,---,NO PLAY,---,10,0,0,0,---,EASY CLEAR,---,12,0,0,0,---,HARD CLEAR,---,0,0,0,0,---,NO PLAY,---,2025-09-23 12:30
CastHour,雪上断火,HIP ROCK3,Des-ROW・組,0,0,0,0,0,---,NO PLAY,---,6,0,0,0,---,NO PLAY,---,10,0,0,0,---,HARD CLEAR,---,12,0,0,0,---,HARD CLEAR,---,0,0,0,0,---,NO PLAY,---,2025-09-23 12:30
CastHour,青の洞窟,AQUARIUM QUARTERSTEP,Ujico*,0,0,0,0,0,---,NO PLAY,---,4,0,0,0,---,NO PLAY,---,9,0,0,0,---,EASY CLEAR,---,11,0,0,0,---,HARD CLEAR,---,0,0,0,0,---,NO PLAY,---,2025-09-23 12:30
CastHour,黒紅掬い,SHOWA RETRO,猫叉Master feat.霜月はるか,0,0,0,0,0,---,NO PLAY,---,4,0,0,0,---,NO PLAY,---,7,0,0,0,---,NO PLAY,---,9,0,0,0,---,HARD CLEAR,---,0,0,0,0,---,NO PLAY,---,2025-09-23 12:30
RESIDENT,#CMFLG,HARD TRIBAL,Qlarabelle,0,0,0,0,0,---,NO PLAY,---,6,0,0,0,---,NO PLAY,---,10,0,0,0,---,HARD CLEAR,---,12,0,0,0,---,HARD CLEAR,---,0,0,0,0,---,NO PLAY,---,2025-09-23 12:30
RESIDENT,24h Endurance Race,HARDCORE,BEMANI Sound Team "Risk Junk",0,0,0,0,0,---,NO PLAY,---,5,0,0,0,---,NO PLAY,---,10,0,0,0,---,EX HARD CLEAR,---,12,0,0,0,---,HARD CLEAR,---,0,0,0,0,---,NO PLAY,---,2025-09-23 12:30
RESIDENT,3V0,NEO DANCE SPEED,BlackY,0,0,0,0,0,---,NO PLAY,---,5,0,0,0,---,NO PLAY,---,9,0,0,0,---,NO PLAY,---,11,0,0,0,---,HARD CLEAR,---,0,0,0,0,---,NO PLAY,---,2025-09-23 12:30
RESIDENT,7 Colors,PRISM EURO,kors k feat.吉河順央,0,0,0,0,0,---,NO PLAY,---,4,0,0,0,---,NO PLAY,---,7,0,0,0,---,NO PLAY,---,10,0,0,0,---,HARD CLEAR,---,0,0,0,0,---,NO PLAY,---,2025-09-23 12:30
RESIDENT,[ ]DENTITY,FORTUNE OVERTURE,BEMANI Sound Team "HuΣeR",0,0,0,0,0,---,NO PLAY,---,6,0,0,0,---,NO PLAY,---,10,0,0,0,---,FULLCOMBO CLEAR,---,12,0,0,0,---,EASY CLEAR,---,0,0,0,0,---,NO PLAY,---,2025-09-23 12:30
RESIDENT,Always We Trust In You,EMOTIONAL HAPPY EUPHORIA,nora2r,0,0,0,0,0,---,NO PLAY,---,6,0,0,0,---,NO PLAY,---,9,0,0,0,---,NO PLAY,---,12,0,0,0,---,HARD CLEAR,---,0,0,0,0,---,NO PLAY,---,2025-09-23 12:30
RESIDENT,Ambush Ace,ELECTRO FUSION,Xceon,0,0,0,0,0,---,NO PLAY,---,5,0,0,0,---,NO PLAY,---,9,0,0,0,---,NO PLAY,---,11,0,0,0,---,HARD CLEAR,---,0,0,0,0,---,NO PLAY,---,2025-09-23 12:30
RESIDENT,AWA AWA,BOSSA NA NOKA,Snail's House,0,0,0,0,0,---,NO PLAY,---,4,0,0,0,---,NO PLAY,---,7,0,0,0,---,NO PLAY,---,10,0,0,0,---,HARD CLEAR,---,0,0,0,0,---,NO PLAY,---,2025-09-23 12:30
RESIDENT,B.O.D.Y.,HARD BODY MUSIC,BEMANI Sound Team "L.E.D. Sota F."& Starbitz,0,0,0,0,0,---,NO PLAY,---,6,0,0,0,---,NO PLAY,---,10,0,0,0,---,HARD CLEAR,---,12,0,0,0,---,HARD CLEAR,---,0,0,0,0,---,NO PLAY,---,2025-09-23 12:30
RESIDENT,Bad Encryption,NEO INDUSTRIAL,BEMANI Sound Team "ZAQUVA" respect for teranoid,0,0,0,0,0,---,NO PLAY,---,7,0,0,0,---,NO PLAY,---,10,0,0,0,---,HARD CLEAR,---,12,0,0,0,---,EASY CLEAR,---,0,0,0,0,---,NO PLAY,---,2025-09-23 12:30
RESIDENT,Beyond Evolution,CULMINATION,Hekatoncheir,0,0,0,0,0,---,NO PLAY,---,7,0,0,0,---,NO PLAY,---,11,0,0,0,---,HARD CLEAR,---,12,0,0,0,---,FAILED,---,0,0,0,0,---,NO PLAY,---,2025-09-23 12:30
RESIDENT,BIGWAVERS,EMOTIONAL HARDCORE SUMMERS,BlackY,0,0,0,0,0,---,NO PLAY,---,6,0,0,0,---,NO PLAY,---,9,0,0,0,---,NO PLAY,---,12,0,0,0,---,HARD CLEAR,---,0,0,0,0,---,NO PLAY,---,2025-09-23 12:30
RESIDENT,C-C-C-N-N-N,ELECTRONICORE,RoughSkreamZ feat. Aikapin,0,0,0,0,0,---,NO PLAY,---,5,0,0,0,---,NO PLAY,---,9,0,0,0,---,NO PLAY,---,11,0,0,0,---,HARD CLEAR,---,0,0,0,0,---,NO PLAY,---,2025-09-23 12:30
RESIDENT,Caldwell 99,STARRY BASS HOUSE,BlackY,0,0,0,0,0,---,NO PLAY,---,6,0,0,0,---,NO PLAY,---,9,0,0,0,---,NO PLAY,---,11,0,0,0,---,HARD CLEAR,---,12,0,0,0,---,HARD CLEAR,---,2025-09-23 12:30
RESIDENT,Chaotoxin,HELETIC BREAK D'n'B,Feryquitous,0,0,0,0,0,---,NO PLAY,---,5,0,0,0,---,NO PLAY,---,9,0,0,0,---,HARD CLEAR,---,12,0,0,0,---,HARD CLEAR,---,0,0,0,0,---,NO PLAY,---,2025-09-23 12:30
RESIDENT,CODE -CRiMSON-,NRG SCHRANZ,Shiron,0,0,0,0,0,---,NO PLAY,---,6,0,0,0,---,NO PLAY,---,9,0,0,0,---,NO PLAY,---,11,0,0,0,---,HARD CLEAR,---,0,0,0,0,---,NO PLAY,---,2025-09-23 12:30
RESIDENT,CUE CUE RESCUE,EMERGENCY CORE,TORIENA,0,3,0,0,0,---,NO PLAY,---,5,0,0,0,---,NO PLAY,---,8,0,0,0,---,NO PLAY,---,10,0,0,0,---,HARD CLEAR,---,12,0,0,0,---,HARD CLEAR,---,2025-09-23 12:30
RESIDENT,dica dica,ACID RAVE,REMO-CON,0,0,0,0,0,---,NO PLAY,---,5,0,0,0,---,NO PLAY,---,10,0,0,0,---,FULLCOMBO CLEAR,---,12,0,0,0,---,HARD CLEAR,---,0,0,0,0,---,NO PLAY,---,2025-09-23 12:30
RESIDENT,Dreaming Dream,DANCE POP,MK feat. 紫咲ほたる,0,0,0,0,0,---,NO PLAY,---,4,0,0,0,---,NO PLAY,---,7,0,0,0,---,NO PLAY,---,10,0,0,0,---,HARD CLEAR,---,0,0,0,0,---,NO PLAY,---,2025-09-23 12:30
RESIDENT,Driver,BIGROOM D&B,Masayoshi Iimori,0,0,0,0,0,---,NO PLAY,---,5,0,0,0,---,NO PLAY,---,7,0,0,0,---,NO PLAY,---,9,0,0,0,---,HARD CLEAR,---,0,0,0,0,---,NO PLAY,---,2025-09-23 12:30
RESIDENT,EXODUS SIGN,TEAROUT BREAKS,Blacklolita,0,0,0,0,0,---,NO PLAY,---,6,0,0,0,---,NO PLAY,---,9,0,0,0,---,NO PLAY,---,11,0,0,0,---,HARD CLEAR,---,0,0,0,0,---,NO PLAY,---,2025-09-23 12:30
RESIDENT,Fading Stars,TRANCE,Nhato,0,0,0,0,0,---,NO PLAY,---,5,0,0,0,---,NO PLAY,---,8,0,0,0,---,NO PLAY,---,10,0,0,0,---,HARD CLEAR,---,0,0,0,0,---,NO PLAY,---,2025-09-23 12:30
RESIDENT,FLARE -炎舞- ft.Nana Takahashi,BPL S3 THEME,BEMANI Sound Team "dj TAKA" Vs SOUND HOLIC,0,0,0,0,0,---,NO PLAY,---,5,0,0,0,---,NO PLAY,---,8,0,0,0,---,NO PLAY,---,10,0,0,0,---,HARD CLEAR,---,0,0,0,0,---,NO PLAY,---,2025-09-23 12:30
RESIDENT,Get On Your Feet,HYBRID TRANCE,Nhato,0,0,0,0,0,---,NO PLAY,---,5,0,0,0,---,NO PLAY,---,9,0,0,0,---,NO PLAY,---,11,0,0,0,---,HARD CLEAR,---,0,0,0,0,---,NO PLAY,---,2025-09-23 12:30
RESIDENT,GET UP AGAIN,COMPETITIVE ROCKSTEP,Zekk feat. くらべ,0,0,0,0,0,---,NO PLAY,---,6,0,0,0,---,NO PLAY,---,8,0,0,0,---,NO PLAY,---,10,0,0,0,---,HARD CLEAR,---,0,0,0,0,---,NO PLAY,---,2025-09-23 12:30
RESIDENT,glacia,ARTCORE,DJ TOTTO,0,0,0,0,0,---,NO PLAY,---,6,0,0,0,---,NO PLAY,---,10,0,0,0,---,HARD CLEAR,---,12,0,0,0,---,HARD CLEAR,---,0,0,0,0,---,NO PLAY,---,2025-09-23 12:30
RESIDENT,Hat Surprise (Season 2),UK HARDCORE,Hommarju,0,0,0,0,0,---,NO PLAY,---,5,0,0,0,---,NO PLAY,---,9,0,0,0,---,FULLCOMBO CLEAR,---,12,0,0,0,---,HARD CLEAR,---,0,0,0,0,---,NO PLAY,---,2025-09-23 12:30
RESIDENT,I,CHIP ELECTRO,黒魔,0,0,0,0,0,---,NO PLAY,---,6,0,0,0,---,NO PLAY,---,10,0,0,0,---,HARD CLEAR,---,12,0,0,0,---,HARD CLEAR,---,0,0,0,0,---,NO PLAY,---,2025-09-23 12:30
RESIDENT,KING,IIDX EDITION,Remixed by SOUND HOLIC feat. はるの,0,2,0,0,0,---,NO PLAY,---,4,0,0,0,---,NO PLAY,---,9,0,0,0,---,NO PLAY,---,11,0,0,0,---,HARD CLEAR,---,12,0,0,0,---,HARD CLEAR,---,2025-09-23 12:30
RESIDENT,kors k's How to make OTOGE CORE 「LONG」,CHANNEL K,kors k,0,0,0,0,0,---,NO PLAY,---,6,0,0,0,---,NO PLAY,---,10,0,0,0,---,NO PLAY,---,12,0,0,0,---,HARD CLEAR,---,0,0,0,0,---,NO PLAY,---,2025-09-23 12:30
RESIDENT,LADS,HYBRID FOLK,BEMANI Sound Team "PON",0,0,0,0,0,---,NO PLAY,---,5,0,0,0,---,NO PLAY,---,7,0,0,0,---,NO PLAY,---,10,0,0,0,---,HARD CLEAR,---,0,0,0,0,---,NO PLAY,---,2025-09-23 12:30
RESIDENT,Level 4,DnB,Yamato,0,0,0,0,0,---,NO PLAY,---,6,0,0,0,---,FULLCOMBO CLEAR,---,10,0,0,0,---,HARD CLEAR,---,12,0,0,0,---,CLEAR,---,0,0,0,0,---,NO PLAY,---,2025-09-23 12:30
RESIDENT,LOUDER ROLLING THUNDER,MASSIVE MIXTURE,BEMANI Sound Team "Dustup Vs. L.E.D.-G",0,0,0,0,0,---,NO PLAY,---,6,0,0,0,---,NO PLAY,---,10,0,0,0,---,HARD CLEAR,---,12,0,0,0,---,EASY CLEAR,---,0,0,0,0,---,NO PLAY,---,2025-09-23 12:30
RESIDENT,MAX 360,HARDCORE TECHNO,BEMANI Sound Team "[x]",0,0,0,0,0,---,NO PLAY,---,6,0,0,0,---,NO PLAY,---,10,0,0,0,---,NO PLAY,---,12,0,0,0,---,HARD CLEAR,---,0,0,0,0,---,NO PLAY,---,2025-09-23 12:30
RESIDENT,Meissa,PROGRESSIVE DRUM'N'BASS,BEMANI Sound Team "Yvya",0,0,0,0,0,---,NO PLAY,---,5,0,0,0,---,NO PLAY,---,9,0,0,0,---,HARD CLEAR,---,12,0,0,0,---,HARD CLEAR,---,0,0,0,0,---,NO PLAY,---,2025-09-23 12:30
RESIDENT,Next Level,DRUM & BASS,Maozon,0,0,0,0,0,---,NO PLAY,---,5,0,0,0,---,NO PLAY,---,8,0,0,0,---,NO PLAY,---,10,0,0,0,---,HARD CLEAR,---,0,0,0,0,---,NO PLAY,---,2025-09-23 12:30
RESIDENT,No Border,TRANCE,BEMANI Sound Team "dj TAKA" feat.Sana,0,0,0,0,0,---,NO PLAY,---,6,0,0,0,---,NO PLAY,---,10,0,0,0,---,HARD CLEAR,---,12,0,0,0,---,HARD CLEAR,---,0,0,0,0,---,NO PLAY,---,2025-09-23 12:30
RESIDENT,ONE AND ONLY,RAVE IN THE GAME,Yuta Imai,0,0,0,0,0,---,NO PLAY,---,6,0,0,0,---,NO PLAY,---,9,0,0,0,---,HARD CLEAR,---,12,0,0,0,---,HARD CLEAR,---,0,0,0,0,---,NO PLAY,---,2025-09-23 12:30
RESIDENT,Ou Legends,TOHOKU NEURO DENSETSU,かめりあ,0,0,0,0,0,---,NO PLAY,---,6,0,0,0,---,NO PLAY,---,10,0,0,0,---,HARD CLEAR,---,12,0,0,0,---,HARD CLEAR,---,0,0,0,0,---,NO PLAY,---,2025-09-23 12:30
RESIDENT,OVER VOLTAGE,HARDSTYLE,Yuta Imai,0,0,0,0,0,---,NO PLAY,---,6,0,0,0,---,NO PLAY,---,9,0,0,0,---,NO PLAY,---,11,0,0,0,---,HARD CLEAR,---,0,0,0,0,---,NO PLAY,---,2025-09-23 12:30
RESIDENT,Peaktime Booster,RAPCORE,らっぷびと Prod. by RoughSketch & NUE,0,0,0,0,0,---,NO PLAY,---,7,0,0,0,---,NO PLAY,---,10,0,0,0,---,HARD CLEAR,---,12,0,0,0,---,HARD CLEAR,---,0,0,0,0,---,NO PLAY,---,2025-09-23 12:30
RESIDENT,Perfect Plan,CRIME JAZZ BROKEN BEATS,Dirty Androids,0,0,0,0,0,---,NO PLAY,---,6,0,0,0,---,NO PLAY,---,9,0,0,0,---,NO PLAY,---,11,0,0,0,---,HARD CLEAR,---,0,0,0,0,---,NO PLAY,---,2025-09-23 12:30
RESIDENT,Programmed Genom,PSYCHEDELIC TRANCE,kors k,0,0,0,0,0,---,NO PLAY,---,5,0,0,0,---,NO PLAY,---,8,0,0,0,---,NO PLAY,---,11,0,0,0,---,HARD CLEAR,---,0,0,0,0,---,NO PLAY,---,2025-09-23 12:30
RESIDENT,Red Soul,HARDCORE,RoughSketch,0,0,0,0,0,---,NO PLAY,---,6,0,0,0,---,NO PLAY,---,9,0,0,0,---,NO PLAY,---,11,0,0,0,---,HARD CLEAR,---,0,0,0,0,---,NO PLAY,---,2025-09-23 12:30
RESIDENT,Rewind Time,GLITCH HOP,Dazsta,0,0,0,0,0,---,NO PLAY,---,4,0,0,0,---,NO PLAY,---,7,0,0,0,---,NO PLAY,---,10,0,0,0,---,HARD CLEAR,---,0,0,0,0,---,NO PLAY,---,2025-09-23 12:30
RESIDENT,RINNE,SYMPHONIC SAVIOR,GeMiNioN,0,0,0,0,0,---,NO PLAY,---,5,0,0,0,---,NO PLAY,---,10,0,0,0,---,HARD CLEAR,---,12,0,0,0,---,HARD CLEAR,---,0,0,0,0,---,NO PLAY,---,2025-09-23 12:30
RESIDENT,Ruler or Loser,DRUM & BASS,Maozon feat. Nadia,0,0,0,0,0,---,NO PLAY,---,5,0,0,0,---,NO PLAY,---,8,0,0,0,---,NO PLAY,---,11,0,0,0,---,HARD CLEAR,---,0,0,0,0,---,NO PLAY,---,2025-09-23 12:30
RESIDENT,Seraph,UNSUNG SHADOWS,satella feat.棗いつき,0,0,0,0,0,---,NO PLAY,---,5,0,0,0,---,NO PLAY,---,9,0,0,0,---,NO PLAY,---,11,0,0,0,---,HARD CLEAR,---,0,0,0,0,---,NO PLAY,---,2025-09-23 12:30
RESIDENT,Shadow World,STYLISH CONTEMPORARY,BEMANI Sound Team "HuΣeR × 猫叉Master" feat.Emi Evans,1,0,0,0,0,---,NO PLAY,---,4,0,0,0,---,NO PLAY,---,8,0,0,0,---,NO PLAY,---,11,2314,1022,270,13,HARD CLEAR,AA,0,0,0,0,---,NO PLAY,---,2025-09-23 17:01
RESIDENT,Shamshir,G-HOUSE,Blacklolita,0,0,0,0,0,---,NO PLAY,---,5,0,0,0,---,NO PLAY,---,8,0,0,0,---,NO PLAY,---,10,0,0,0,---,HARD CLEAR,---,0,0,0,0,---,NO PLAY,---,2025-09-23 12:30
RESIDENT,Somnidiscotheque,SUBCONSCIOUS FRAGMENT,夢路 歩,0,0,0,0,0,---,NO PLAY,---,6,0,0,0,---,NO PLAY,---,11,0,0,0,---,HARD CLEAR,---,12,0,0,0,---,FAILED,---,0,0,0,0,---,NO PLAY,---,2025-09-23 12:30
RESIDENT,STAR BEAT,COLOUR BASS,MK,0,0,0,0,0,---,NO PLAY,---,4,0,0,0,---,NO PLAY,---,8,0,0,0,---,NO PLAY,---,10,0,0,0,---,HARD CLEAR,---,0,0,0,0,---,NO PLAY,---,2025-09-23 12:30
RESIDENT,STRAIGHT TO THE STARS,COLOUR BASS BREAKS,BEMANI Sound Team "Expander" feat. Starbitz,0,0,0,0,0,---,NO PLAY,---,5,0,0,0,---,NO PLAY,---,8,0,0,0,---,NO PLAY,---,11,0,0,0,---,HARD CLEAR,---,0,0,0,0,---,NO PLAY,---,2025-09-23 12:30
RESIDENT,Stylus,STYLISH ELECTRO,BEMANI Sound Team "HuΣeR",1,0,0,0,0,---,NO PLAY,---,6,0,0,0,---,NO PLAY,---,9,0,0,0,---,NO PLAY,---,11,1145,451,243,---,HARD CLEAR,D,0,0,0,0,---,NO PLAY,---,2025-10-18 14:15
RESIDENT,Summerblue,GAME MUSIC,Toby Fox & Camellia,0,2,0,0,0,---,NO PLAY,---,5,0,0,0,---,NO PLAY,---,8,0,0,0,---,NO PLAY,---,10,0,0,0,---,HARD CLEAR,---,0,0,0,0,---,NO PLAY,---,2025-09-23 12:30
RESIDENT,Sunny Day Vibes,FUTURE CORE,Mameyudoufu,0,0,0,0,0,---,NO PLAY,---,5,0,0,0,---,NO PLAY,---,8,0,0,0,---,NO PLAY,---,10,0,0,0,---,HARD CLEAR,---,0,0,0,0,---,NO PLAY,---,2025-09-23 12:30
RESIDENT,Super Freak,HARDCORE,Hommarju,0,0,0,0,0,---,NO PLAY,---,5,0,0,0,---,NO PLAY,---,9,0,0,0,---,HARD CLEAR,---,12,0,0,0,---,HARD CLEAR,---,0,0,0,0,---,NO PLAY,---,2025-09-23 12:30
RESIDENT,suspicions,JAZZ CORE,BEMANI Sound Team "猫叉Master VS dj TAKA",0,0,0,0,0,---,NO PLAY,---,6,0,0,0,---,NO PLAY,---,10,0,0,0,---,NO PLAY,---,12,0,0,0,---,HARD CLEAR,---,0,0,0,0,---,NO PLAY,---,2025-09-23 12:30
RESIDENT,Swing My Wonderland,ULTRA JAZZFUNKTION,lapix,0,0,0,0,0,---,NO PLAY,---,5,0,0,0,---,NO PLAY,---,9,0,0,0,---,NO PLAY,---,11,0,0,0,---,HARD CLEAR,---,0,0,0,0,---,NO PLAY,---,2025-09-23 12:30
RESIDENT,TECHNOPHOBIA,TECH/ELECTRO,BEMANI Sound Team "HuΣeR",0,0,0,0,0,---,NO PLAY,---,5,0,0,0,---,NO PLAY,---,8,0,0,0,---,HARD CLEAR,---,12,0,0,0,---,EASY CLEAR,---,0,0,0,0,---,NO PLAY,---,2025-09-23 12:30
RESIDENT,The Clown of 24stairs,DISSOCIATIVE IDENTITY DISORDER,Yu_Asahina,0,0,0,0,0,---,NO PLAY,---,6,0,0,0,---,NO PLAY,---,10,0,0,0,---,HARD CLEAR,---,12,0,0,0,---,CLEAR,---,0,0,0,0,---,NO PLAY,---,2025-09-23 12:30
RESIDENT,THE TIME MACHINE,HARDWAVE/STYLE,Yuta Imai,1,0,0,0,0,---,NO PLAY,---,6,0,0,0,---,NO PLAY,---,9,0,0,0,---,NO PLAY,---,11,2202,936,330,16,HARD CLEAR,AA,0,0,0,0,---,NO PLAY,---,2025-10-18 14:18
RESIDENT,VOID,EXTREME EXPERIMENTAL,BEMANI Sound Team "Darker Vs. JUSTICE",0,0,0,0,0,---,NO PLAY,---,7,0,0,0,---,NO PLAY,---,10,0,0,0,---,HARD CLEAR,---,12,0,0,0,---,EASY CLEAR,---,0,0,0,0,---,NO PLAY,---,2025-09-23 12:30
RESIDENT,VOLAQUAS,EMPYREAL HYDRO ARTCORE,BEMANI Sound Team "DJ TOTTO VS 兎々",1,0,0,0,0,---,NO PLAY,---,7,0,0,0,---,NO PLAY,---,10,0,0,0,---,HARD CLEAR,---,12,2878,1178,522,51,HARD CLEAR,A,0,0,0,0,---,NO PLAY,---,2025-10-18 14:58
RESIDENT,VOLCANIC BIGBEAT,TECH-BIGBEAT,DJ Mass MAD Izm*,0,0,0,0,0,---,NO PLAY,---,6,0,0,0,---,NO PLAY,---,9,0,0,0,---,EASY CLEAR,---,11,0,0,0,---,HARD CLEAR,---,0,0,0,0,---,NO PLAY,---,2025-09-23 12:30
RESIDENT,wanna be a "BAD GIRL" feat. Nana Takahashi,FUNK POP,Nhato,0,0,0,0,0,---,NO PLAY,---,3,0,0,0,---,NO PLAY,---,6,0,0,0,---,NO PLAY,---,9,0,0,0,---,FULLCOMBO CLEAR,---,0,0,0,0,---,NO PLAY,---,2025-09-23 12:30
RESIDENT,With You,DANCE,BANVOX,0,0,0,0,0,---,NO PLAY,---,4,0,0,0,---,NO PLAY,---,8,0,0,0,---,NO PLAY,---,11,0,0,0,---,HARD CLEAR,---,0,0,0,0,---,NO PLAY,---,2025-09-23 12:30
RESIDENT,Xerulean,HAPPY HARDCORE,BEMANI Sound Team "ZAQUVA",0,0,0,0,0,---,NO PLAY,---,7,0,0,0,---,NO PLAY,---,10,0,0,0,---,HARD CLEAR,---,12,0,0,0,---,EASY CLEAR,---,0,0,0,0,---,NO PLAY,---,2025-09-23 12:30
RESIDENT,ZEИITH,ARCADE CORE,Ashrount vs polysha,0,0,0,0,0,---,NO PLAY,---,6,0,0,0,---,NO PLAY,---,9,0,0,0,---,NO PLAY,---,11,0,0,0,---,HARD CLEAR,---,0,0,0,0,---,NO PLAY,---,2025-09-23 12:30
RESIDENT,≡+≡,NIGHTCORE,Ryu☆,1,3,0,0,0,---,NO PLAY,---,7,0,0,0,---,NO PLAY,---,10,0,0,0,---,HARD CLEAR,---,11,0,0,0,---,HARD CLEAR,---,12,3019,1147,725,173,EASY CLEAR,B,2025-10-04 15:38
RESIDENT,■□模様,ALTERNATIVE SHIBUYA E-POP,BEMANI Sound Team "PHQUASE" feat.紫崎 雪,0,0,0,0,0,---,NO PLAY,---,5,0,0,0,---,NO PLAY,---,8,0,0,0,---,ASSIST CLEAR,---,10,0,0,0,---,HARD CLEAR,---,0,0,0,0,---,NO PLAY,---,2025-09-23 12:30
RESIDENT,《ORDERBREAKER》,GODSPEED,Blacklolita,0,0,0,0,0,---,NO PLAY,---,6,0,0,0,---,NO PLAY,---,9,0,0,0,---,NO PLAY,---,11,0,0,0,---,HARD CLEAR,---,0,0,0,0,---,NO PLAY,---,2025-09-23 12:30
RESIDENT,あるビー！ feat.ころねぽち,ピコピコ電波ソング,ヒゲドライバー,2,0,0,0,0,---,NO PLAY,---,4,0,0,0,---,NO PLAY,---,9,0,0,0,---,NO PLAY,---,11,2291,938,415,36,HARD CLEAR,AA,0,0,0,0,---,NO PLAY,---,2025-10-04 15:11
RESIDENT,おとせサンダー,J-ROCK,ぼっちぼろまる,0,1,0,0,0,---,NO PLAY,---,4,0,0,0,---,NO PLAY,---,7,0,0,0,---,NO PLAY,---,10,0,0,0,---,HARD CLEAR,---,0,0,0,0,---,NO PLAY,---,2025-09-23 12:30
RESIDENT,きゅんです。,ROCK,Pizuya's Cell,0,0,0,0,0,---,NO PLAY,---,4,0,0,0,---,NO PLAY,---,7,0,0,0,---,NO PLAY,---,10,0,0,0,---,HARD CLEAR,---,0,0,0,0,---,NO PLAY,---,2025-09-23 12:30
RESIDENT,ぞうしょく！？マイデンティティ,バーチャルマルチコア,DJ SHARPNEL feat. みらい,0,0,0,0,0,---,NO PLAY,---,6,0,0,0,---,NO PLAY,---,10,0,0,0,---,HARD CLEAR,---,12,0,0,0,---,HARD CLEAR,---,0,0,0,0,---,NO PLAY,---,2025-09-23 12:30
RESIDENT,ちょえちょえまぎか,ROCK,Pizuya's Cell,0,0,0,0,0,---,NO PLAY,---,6,0,0,0,---,HARD CLEAR,---,10,0,0,0,---,HARD CLEAR,---,11,0,0,0,---,HARD CLEAR,---,0,0,0,0,---,NO PLAY,---,2025-09-23 12:30
RESIDENT,サヨナラ・ヘヴン-Celtic Chip Dance Mix-,BEMANI 8BIT COLLECTION,しのりゅー,0,0,0,0,0,---,NO PLAY,---,4,0,0,0,---,NO PLAY,---,8,0,0,0,---,NO PLAY,---,10,0,0,0,---,HARD CLEAR,---,0,0,0,0,---,NO PLAY,---,2025-09-23 12:30
RESIDENT,チェイスチェイスジョーカーズのうた (オニスタイルリミックス),ウラシュダイカ,ちよこ & 一ノ瀬 月琉 Prod. by RoughSketch & NUE,0,0,0,0,0,---,NO PLAY,---,5,0,0,0,---,NO PLAY,---,9,0,0,0,---,HARD CLEAR,---,11,0,0,0,---,HARD CLEAR,---,0,0,0,0,---,NO PLAY,---,2025-09-23 12:30
RESIDENT,パーフェクトイーター,ROCK,BEMANI Sound Team "PON" feat.かなたん,0,0,0,0,0,---,NO PLAY,---,5,0,0,0,---,NO PLAY,---,9,0,0,0,---,HARD CLEAR,---,11,0,0,0,---,HARD CLEAR,---,0,0,0,0,---,NO PLAY,---,2025-09-23 12:30
RESIDENT,儚キ戀ノ幻想譚,和風歌謡硬核音楽,まろん feat. あやぽんず＊ (森羅万象),0,3,0,0,0,---,NO PLAY,---,8,0,0,0,---,NO PLAY,---,10,0,0,0,---,FULLCOMBO CLEAR,---,12,0,0,0,---,HARD CLEAR,---,0,0,0,0,---,NO PLAY,---,2025-09-23 12:30
RESIDENT,少年リップルズ,EMOCTRO,常盤ゆう,0,0,0,0,0,---,NO PLAY,---,4,0,0,0,---,NO PLAY,---,9,0,0,0,---,NO PLAY,---,11,0,0,0,---,HARD CLEAR,---,0,0,0,0,---,NO PLAY,---,2025-09-23 12:30
RESIDENT,恋愛＝精度×認識力,HARDCORE×ソフラン×変拍子×萌え,立秋 vs. BEMANI Sound Team "L.E.D.-G" feat.ちょこ＆ななひら,0,0,0,0,0,---,NO PLAY,---,7,0,0,0,---,NO PLAY,---,10,0,0,0,---,ASSIST CLEAR,---,12,0,0,0,---,CLEAR,---,0,0,0,0,---,NO PLAY,---,2025-09-23 12:30
RESIDENT,惑星☆ロリポップ,ANIMTRIBE POP,SOUND HOLIC feat. Nana Takahashi,0,0,0,0,0,---,NO PLAY,---,4,0,0,0,---,NO PLAY,---,8,0,0,0,---,NO PLAY,---,11,0,0,0,---,HARD CLEAR,---,0,0,0,0,---,NO PLAY,---,2025-09-23 12:30
RESIDENT,昏き甲鉄のヴェルガ,FANTASIA,arcane feat.rionos,0,0,0,0,0,---,NO PLAY,---,4,0,0,0,---,NO PLAY,---,7,0,0,0,---,NO PLAY,---,10,0,0,0,---,EX HARD CLEAR,---,0,0,0,0,---,NO PLAY,---,2025-09-23 12:30
RESIDENT,月と夢の跡 ft. マナ,J METAL×DANCE POP,Xceon,0,0,0,0,0,---,NO PLAY,---,5,0,0,0,---,NO PLAY,---,8,0,0,0,---,NO PLAY,---,10,0,0,0,---,HARD CLEAR,---,0,0,0,0,---,NO PLAY,---,2025-09-23 12:30
RESIDENT,栄冠のカンパネラ,TRIUMPHAL MARCH,OSTER project,1,0,0,0,0,---,NO PLAY,---,7,0,0,0,---,NO PLAY,---,10,0,0,0,---,HARD CLEAR,---,12,2779,1131,517,125,CLEAR,A,0,0,0,0,---,NO PLAY,---,2025-10-11 13:59
RESIDENT,楽園追放,ALTERNATIVE,中山真斗 feat. CHAN,0,0,0,0,0,---,NO PLAY,---,5,0,0,0,---,NO PLAY,---,8,0,0,0,---,FULLCOMBO CLEAR,---,10,0,0,0,---,HARD CLEAR,---,0,0,0,0,---,NO PLAY,---,2025-09-23 12:30
RESIDENT,湘南ロンリーMIDNIGHT RAIN,歌謡ニューウェーブ,Nana Takahashi & BEMANI Sound Team "T.Kakuta",0,0,0,0,0,---,NO PLAY,---,5,0,0,0,---,NO PLAY,---,8,0,0,0,---,NO PLAY,---,10,0,0,0,---,HARD CLEAR,---,0,0,0,0,---,NO PLAY,---,2025-09-23 12:30
RESIDENT,異心前進♪ぴょんぴょんぴょん,EUROBEAT,天土,0,0,0,0,0,---,NO PLAY,---,5,0,0,0,---,NO PLAY,---,8,0,0,0,---,NO PLAY,---,10,0,0,0,---,HARD CLEAR,---,0,0,0,0,---,NO PLAY,---,2025-09-23 12:30
RESIDENT,真夜中のバベル,HOUSE,Len,0,0,0,0,0,---,NO PLAY,---,4,0,0,0,---,NO PLAY,---,7,0,0,0,---,NO PLAY,---,9,0,0,0,---,HARD CLEAR,---,0,0,0,0,---,NO PLAY,---,2025-09-23 12:30
RESIDENT,神っぽいな,IIDX EDITION,Remixed by uno(IOSYS) & NUE feat. Chiyoko,0,2,0,0,0,---,NO PLAY,---,4,0,0,0,---,NO PLAY,---,8,0,0,0,---,NO PLAY,---,10,0,0,0,---,HARD CLEAR,---,12,0,0,0,---,HARD CLEAR,---,2025-09-23 12:30
RESIDENT,神のシナリオ,MELODIC DUBSTEP,AJURIKA,0,0,0,0,0,---,NO PLAY,---,6,0,0,0,---,NO PLAY,---,9,0,0,0,---,HARD CLEAR,---,12,0,0,0,---,HARD CLEAR,---,0,0,0,0,---,NO PLAY,---,2025-09-23 12:30
RESIDENT,罪過の聖堂,PIANO CONCERTO,OSTER project,1,0,0,0,0,---,NO PLAY,---,5,0,0,0,---,ASSIST CLEAR,---,8,0,0,0,---,ASSIST CLEAR,---,10,435,166,103,---,CLEAR,F,0,0,0,0,---,NO PLAY,---,2025-09-23 16:30
RESIDENT,輪廻の鴉,SPIRITUAL CORE,BEMANI Sound Team "dj TAKA",0,0,0,0,0,---,NO PLAY,---,5,0,0,0,---,NO PLAY,---,9,0,0,0,---,NO PLAY,---,11,0,0,0,---,HARD CLEAR,---,0,0,0,0,---,NO PLAY,---,2025-09-23 12:30
RESIDENT,雨のちパノラマセカイ,SUNNY SKY,BEMANI Sound Team "劇団レコード" feat.NU-KO,0,0,0,0,0,---,NO PLAY,---,4,0,0,0,---,NO PLAY,---,7,0,0,0,---,NO PLAY,---,9,0,0,0,---,HARD CLEAR,---,0,0,0,0,---,NO PLAY,---,2025-09-23 12:30
RESIDENT,響花水月,HEROIC DRUM & BASS,xi feat. Risa Yuzuki,0,0,0,0,0,---,NO PLAY,---,6,0,0,0,---,NO PLAY,---,9,0,0,0,---,NO PLAY,---,11,0,0,0,---,HARD CLEAR,---,0,0,0,0,---,NO PLAY,---,2025-09-23 12:30
EPOLIS,20XX,CYBER BREAKCORE,COR!S,0,0,0,0,0,---,NO PLAY,---,6,0,0,0,---,NO PLAY,---,9,0,0,0,---,NO PLAY,---,11,0,0,0,---,HARD CLEAR,---,0,0,0,0,---,NO PLAY,---,2025-09-23 12:30
EPOLIS,ACT0,NEOTRANCE CORE,モリモリあつし,0,0,0,0,0,---,NO PLAY,---,6,0,0,0,---,NO PLAY,---,10,0,0,0,---,HARD CLEAR,---,12,0,0,0,---,HARD CLEAR,---,0,0,0,0,---,NO PLAY,---,2025-09-23 12:30
EPOLIS,Aeterna,UNSUNG FANTASIA,satella feat. Risa Yuzuki,0,0,0,0,0,---,NO PLAY,---,4,0,0,0,---,NO PLAY,---,8,0,0,0,---,NO PLAY,---,10,0,0,0,---,HARD CLEAR,---,0,0,0,0,---,NO PLAY,---,2025-09-23 12:30
EPOLIS,Akatsuki,LOUD TRAP,PRIDASK,0,0,0,0,0,---,NO PLAY,---,5,0,0,0,---,NO PLAY,---,7,0,0,0,---,NO PLAY,---,10,0,0,0,---,HARD CLEAR,---,0,0,0,0,---,NO PLAY,---,2025-09-23 12:30
EPOLIS,Ambivalent Vermilia,HARD RENAISSANCE,BEMANI Sound Team "二代目朱雀 feat.朱雀",0,0,0,0,0,---,NO PLAY,---,7,0,0,0,---,NO PLAY,---,10,0,0,0,---,HARD CLEAR,---,12,0,0,0,---,EASY CLEAR,---,0,0,0,0,---,NO PLAY,---,2025-09-23 12:30
EPOLIS,Amethyst,TRANCE,BlackY,1,0,0,0,0,---,NO PLAY,---,6,0,0,0,---,NO PLAY,---,9,0,0,0,---,NO PLAY,---,11,1922,770,382,38,HARD CLEAR,A,0,0,0,0,---,NO PLAY,---,2025-10-11 12:49
EPOLIS,Bitter & Lucky,NU SYNTH BASS,DE DE MOUSE,0,0,0,0,0,---,NO PLAY,---,4,0,0,0,---,NO PLAY,---,7,0,0,0,---,NO PLAY,---,10,0,0,0,---,HARD CLEAR,---,0,0,0,0,---,NO PLAY,---,2025-09-23 12:30
EPOLIS,BLAZING_LAZER,BURNING RAVE,brz1128,0,0,0,0,0,---,NO PLAY,---,6,0,0,0,---,NO PLAY,---,10,0,0,0,---,FULLCOMBO CLEAR,---,12,0,0,0,---,HARD CLEAR,---,0,0,0,0,---,NO PLAY,---,2025-09-23 12:30
EPOLIS,CADENZA,PSYCHEDELIC TRANCE,lapix ∞ BEMANI Sound Team "L.E.D.",1,0,0,0,0,---,NO PLAY,---,7,0,0,0,---,NO PLAY,---,10,0,0,0,---,HARD CLEAR,---,12,1318,539,240,---,CLEAR,E,0,0,0,0,---,NO PLAY,---,2025-10-18 14:49
EPOLIS,Chemical Colours,COLOUR TECHCORE,Blacklolita x BEMANI Sound Team "Expander",0,0,0,0,0,---,NO PLAY,---,5,0,0,0,---,NO PLAY,---,9,0,0,0,---,HARD CLEAR,---,11,0,0,0,---,HARD CLEAR,---,0,0,0,0,---,NO PLAY,---,2025-09-23 12:30
EPOLIS,CODE:2,HARD TECHNO,HEXA,1,0,0,0,0,---,NO PLAY,---,5,0,0,0,---,NO PLAY,---,9,0,0,0,---,NO PLAY,---,11,1784,696,392,---,HARD CLEAR,B,0,0,0,0,---,NO PLAY,---,2025-09-23 17:59
EPOLIS,COUNTING SHEEP ft. Kanae Asaba,SYMPHONIC DRUM'N'BASS,Xceon,1,0,0,0,0,---,NO PLAY,---,4,0,0,0,---,NO PLAY,---,7,0,0,0,---,NO PLAY,---,10,1781,760,261,28,HARD CLEAR,AA,0,0,0,0,---,NO PLAY,---,2025-09-23 16:44
EPOLIS,Cult Invitation,00's TECHNO,BEMANI Sound Team "謎の勢力",0,0,0,0,0,---,NO PLAY,---,6,0,0,0,---,NO PLAY,---,10,0,0,0,---,HARD CLEAR,---,12,0,0,0,---,EASY CLEAR,---,0,0,0,0,---,NO PLAY,---,2025-09-23 12:30
EPOLIS,Dahlia,HARD RENAISSANCE,BlackY,0,0,0,0,0,---,NO PLAY,---,6,0,0,0,---,NO PLAY,---,10,0,0,0,---,HARD CLEAR,---,12,0,0,0,---,HARD CLEAR,---,0,0,0,0,---,NO PLAY,---,2025-09-23 12:30
EPOLIS,DAZZLE ATTACK,HAPPY HARDCORE TAKEOVER,Yuta Imai,0,3,0,0,0,---,NO PLAY,---,5,0,0,0,---,NO PLAY,---,8,0,0,0,---,HARD CLEAR,---,11,0,0,0,---,HARD CLEAR,---,0,0,0,0,---,NO PLAY,---,2025-09-23 12:30
EPOLIS,Deep Sea Mystery,NEO 90's AMBIENT JUNGLE,Dirty Androids,0,0,0,0,0,---,NO PLAY,---,6,0,0,0,---,NO PLAY,---,8,0,0,0,---,NO PLAY,---,10,0,0,0,---,HARD CLEAR,---,0,0,0,0,---,NO PLAY,---,2025-09-23 12:30
EPOLIS,Demon March,CINEMATIC BREAKCORE,Nhato,0,0,0,0,0,---,NO PLAY,---,6,0,0,0,---,NO PLAY,---,10,0,0,0,---,NO PLAY,---,12,0,0,0,---,HARD CLEAR,---,0,0,0,0,---,NO PLAY,---,2025-09-23 12:30
EPOLIS,Echoes of Sunfall,ETHNIC HARDSOUND,nora2r,0,0,0,0,0,---,NO PLAY,---,5,0,0,0,---,NO PLAY,---,8,0,0,0,---,NO PLAY,---,11,0,0,0,---,HARD CLEAR,---,0,0,0,0,---,NO PLAY,---,2025-09-23 12:30
EPOLIS,frequent,MUSIC GAME TRADITIONAL,BEMANI Sound Team "dj TAKA",0,0,0,0,0,---,NO PLAY,---,5,0,0,0,---,NO PLAY,---,10,0,0,0,---,HARD CLEAR,---,12,0,0,0,---,HARD CLEAR,---,0,0,0,0,---,NO PLAY,---,2025-09-23 12:30
EPOLIS,GAME ON,MIXTURE,DJ Mass MAD Izm* feat.H14 of LEONAIR,0,0,0,0,0,---,NO PLAY,---,7,0,0,0,---,NO PLAY,---,10,0,0,0,---,HARD CLEAR,---,12,0,0,0,---,HARD CLEAR,---,0,0,0,0,---,NO PLAY,---,2025-09-23 12:30
EPOLIS,Get Higher,ADVENTURE TRIP,BEMANI Sound Team "劇団レコード",0,0,0,0,0,---,NO PLAY,---,6,0,0,0,---,NO PLAY,---,9,0,0,0,---,NO PLAY,---,11,0,0,0,---,HARD CLEAR,---,0,0,0,0,---,NO PLAY,---,2025-09-23 12:30
EPOLIS,Get Wicked,BIG BEAT,Maozon,0,0,0,0,0,---,NO PLAY,---,5,0,0,0,---,NO PLAY,---,8,0,0,0,---,NO PLAY,---,10,0,0,0,---,HARD CLEAR,---,0,0,0,0,---,NO PLAY,---,2025-09-23 12:30
EPOLIS,Ghost Pulse,NEOTRANCE,crayvxn,0,0,0,0,0,---,NO PLAY,---,6,0,0,0,---,NO PLAY,---,9,0,0,0,---,HARD CLEAR,---,12,0,0,0,---,HARD CLEAR,---,0,0,0,0,---,NO PLAY,---,2025-09-23 12:30
EPOLIS,Glitch N Ride,COLOUR BASS,Eagle,0,0,0,0,0,---,NO PLAY,---,7,0,0,0,---,NO PLAY,---,10,0,0,0,---,CLEAR,---,12,0,0,0,---,EASY CLEAR,---,0,0,0,0,---,NO PLAY,---,2025-09-23 12:30
EPOLIS,GloriosA,XYMPHONIC TECHCORE,KARUT,0,0,0,0,0,---,NO PLAY,---,6,0,0,0,---,NO PLAY,---,9,0,0,0,---,NO PLAY,---,11,0,0,0,---,HARD CLEAR,---,0,0,0,0,---,NO PLAY,---,2025-09-23 12:30
EPOLIS,GLORIOUS HAMMER,DUBSTEP,AJURIKA,0,0,0,0,0,---,NO PLAY,---,6,0,0,0,---,NO PLAY,---,9,0,0,0,---,FULLCOMBO CLEAR,---,11,0,0,0,---,HARD CLEAR,---,0,0,0,0,---,NO PLAY,---,2025-09-23 12:30
EPOLIS,Hard Breaker,HARD TRANCE,Nhato,0,0,0,0,0,---,NO PLAY,---,4,0,0,0,---,NO PLAY,---,8,0,0,0,---,NO PLAY,---,10,0,0,0,---,HARD CLEAR,---,0,0,0,0,---,NO PLAY,---,2025-09-23 12:30
EPOLIS,Hat Surprise (Season 3),UK HARDCORE,Hommarju,0,0,0,0,0,---,NO PLAY,---,6,0,0,0,---,NO PLAY,---,10,0,0,0,---,NO PLAY,---,11,0,0,0,---,HARD CLEAR,---,0,0,0,0,---,NO PLAY,---,2025-09-23 12:30
EPOLIS,i-ii,HITECH NHI FULLON,かめりあ,0,0,0,0,0,---,NO PLAY,---,6,0,0,0,---,NO PLAY,---,9,0,0,0,---,NO PLAY,---,11,0,0,0,---,HARD CLEAR,---,0,0,0,0,---,NO PLAY,---,2025-09-23 12:30
EPOLIS,INHERITANCE,TRANCE CORE,Zekk,0,0,0,0,0,---,NO PLAY,---,6,0,0,0,---,NO PLAY,---,9,0,0,0,---,NO PLAY,---,11,0,0,0,---,HARD CLEAR,---,0,0,0,0,---,NO PLAY,---,2025-09-23 12:30
EPOLIS,Iris,EMOTIONAL J-POP,BEMANI Sound Team "HuΣeR" feat.紫村 花澄,0,2,0,0,0,---,NO PLAY,---,4,0,0,0,---,NO PLAY,---,7,0,0,0,---,NO PLAY,---,10,0,0,0,---,HARD CLEAR,---,0,0,0,0,---,NO PLAY,---,2025-09-23 12:30
EPOLIS,Jumper,DRUM'N'BASS,Masayoshi Iimori,0,0,0,0,0,---,NO PLAY,---,4,0,0,0,---,NO PLAY,---,7,0,0,0,---,NO PLAY,---,10,0,0,0,---,HARD CLEAR,---,0,0,0,0,---,NO PLAY,---,2025-09-23 12:30
EPOLIS,Just Gimme,CYBER DRUMSTEP,Maozon,0,0,0,0,0,---,NO PLAY,---,5,0,0,0,---,NO PLAY,---,8,0,0,0,---,HARD CLEAR,---,11,0,0,0,---,HARD CLEAR,---,0,0,0,0,---,NO PLAY,---,2025-09-23 12:30
EPOLIS,JUSTICE/GUILTY feat. Nana Takahashi & 709sec.,ROCKIN' DRUM & BASS,BEMANI Sound Team "L.E.D.",0,0,0,0,0,---,NO PLAY,---,7,0,0,0,---,NO PLAY,---,10,0,0,0,---,HARD CLEAR,---,12,0,0,0,---,HARD CLEAR,---,0,0,0,0,---,NO PLAY,---,2025-09-23 12:30
EPOLIS,Level 5,Drumstep / Bass House / Dnb,Yamato,0,0,0,0,0,---,NO PLAY,---,6,0,0,0,---,NO PLAY,---,10,0,0,0,---,HARD CLEAR,---,12,0,0,0,---,EASY CLEAR,---,0,0,0,0,---,NO PLAY,---,2025-09-23 12:30
EPOLIS,MAXIMUM CHEAT GIRL,MAXIMUM GAME-BREAKING HARDCORE,かめりあ feat. ななひら,0,0,0,0,0,---,NO PLAY,---,6,0,0,0,---,NO PLAY,---,10,0,0,0,---,NO PLAY,---,12,0,0,0,---,HARD CLEAR,---,0,0,0,0,---,NO PLAY,---,2025-09-23 12:30
EPOLIS,Million Dollar,PARTICULAR NIGHTSCAPE,Dirty Androids,0,0,0,0,0,---,NO PLAY,---,6,0,0,0,---,NO PLAY,---,10,0,0,0,---,FULLCOMBO CLEAR,---,12,0,0,0,---,HARD CLEAR,---,0,0,0,0,---,NO PLAY,---,2025-09-23 12:30
EPOLIS,Monkey Business,HARD DANCE,kors k,0,0,0,0,0,---,NO PLAY,---,5,0,0,0,---,NO PLAY,---,8,0,0,0,---,CLEAR,---,11,0,0,0,---,HARD CLEAR,---,0,0,0,0,---,NO PLAY,---,2025-09-23 12:30
EPOLIS,Mukade,SCHRANZ,kors k,0,0,0,0,0,---,NO PLAY,---,6,0,0,0,---,NO PLAY,---,9,0,0,0,---,NO PLAY,---,11,0,0,0,---,HARD CLEAR,---,0,0,0,0,---,NO PLAY,---,2025-09-23 12:30
EPOLIS,My Sweet Bird?,J-POP,アオワイファイ feat.秋山雫,0,0,0,0,0,---,NO PLAY,---,4,0,0,0,---,NO PLAY,---,7,0,0,0,---,NO PLAY,---,9,0,0,0,---,HARD CLEAR,---,0,0,0,0,---,NO PLAY,---,2025-09-23 12:30
EPOLIS,NEEDLESS MY LOVE FOR YOU,ROCK,Pizuya's Cell,0,0,0,0,0,---,NO PLAY,---,5,0,0,0,---,NO PLAY,---,8,0,0,0,---,NO PLAY,---,10,0,0,0,---,HARD CLEAR,---,0,0,0,0,---,NO PLAY,---,2025-09-23 12:30
EPOLIS,Out of Control,FREEFORM ARTCORE,CANVAS feat. Quimar,0,0,0,0,0,---,NO PLAY,---,6,0,0,0,---,NO PLAY,---,10,0,0,0,---,NO PLAY,---,12,0,0,0,---,HARD CLEAR,---,0,0,0,0,---,NO PLAY,---,2025-09-23 12:30
EPOLIS,out of disk space,CHARGE CORE,TORIENA,0,0,0,0,0,---,NO PLAY,---,6,0,0,0,---,NO PLAY,---,9,0,0,0,---,NO PLAY,---,11,0,0,0,---,HARD CLEAR,---,0,0,0,0,---,NO PLAY,---,2025-09-23 12:30
EPOLIS,PILGRIM,TRAP,crayvxn,0,0,0,0,0,---,NO PLAY,---,5,0,0,0,---,NO PLAY,---,9,0,0,0,---,NO PLAY,---,11,0,0,0,---,HARD CLEAR,---,0,0,0,0,---,NO PLAY,---,2025-09-23 12:30
EPOLIS,Red Determination,HARDCORE,RoughSketch,0,0,0,0,0,---,NO PLAY,---,5,0,0,0,---,NO PLAY,---,8,0,0,0,---,NO PLAY,---,11,0,0,0,---,HARD CLEAR,---,0,0,0,0,---,NO PLAY,---,2025-09-23 12:30
EPOLIS,Resonant,DRUM'N'BASS,BEMANI Sound Team "猫叉Master" & かめりあ,0,0,0,0,0,---,NO PLAY,---,5,0,0,0,---,NO PLAY,---,10,0,0,0,---,NO PLAY,---,12,0,0,0,---,HARD CLEAR,---,0,0,0,0,---,NO PLAY,---,2025-09-23 12:30
EPOLIS,Riff//rain,THEME SONG,Rainy。,0,1,0,0,0,---,NO PLAY,---,4,0,0,0,---,NO PLAY,---,7,0,0,0,---,NO PLAY,---,9,0,0,0,---,HARD CLEAR,---,0,0,0,0,---,NO PLAY,---,2025-09-23 12:30
EPOLIS,See You Again,HARDCORE,kors k & Numb'n'dub,0,0,0,0,0,---,NO PLAY,---,5,0,0,0,---,NO PLAY,---,9,0,0,0,---,NO PLAY,---,11,0,0,0,---,HARD CLEAR,---,0,0,0,0,---,NO PLAY,---,2025-09-23 12:30
EPOLIS,Seven Times Four,UK HARDCORE,Hommarju,0,0,0,0,0,---,NO PLAY,---,5,0,0,0,---,NO PLAY,---,9,0,0,0,---,NO PLAY,---,12,0,0,0,---,HARD CLEAR,---,0,0,0,0,---,NO PLAY,---,2025-09-23 12:30
EPOLIS,Shapeshifter,TECHNICAL ELECTRO,Avans,1,0,0,0,0,---,NO PLAY,---,6,0,0,0,---,NO PLAY,---,9,0,0,0,---,NO PLAY,---,10,1737,660,417,37,HARD CLEAR,A,0,0,0,0,---,NO PLAY,---,2025-09-23 16:04
EPOLIS,Sirius,COLOUR BASS,MK,0,0,0,0,0,---,NO PLAY,---,5,0,0,0,---,NO PLAY,---,9,0,0,0,---,NO PLAY,---,12,0,0,0,---,HARD CLEAR,---,0,0,0,0,---,NO PLAY,---,2025-09-23 12:30
EPOLIS,So What,BASS HOUSE,PRIDASK,0,0,0,0,0,---,NO PLAY,---,3,0,0,0,---,NO PLAY,---,6,0,0,0,---,NO PLAY,---,9,0,0,0,---,HARD CLEAR,---,0,0,0,0,---,NO PLAY,---,2025-09-23 12:30
EPOLIS,SOLAR ECLIPSE,CROSSOVER,Yuta Imai Vs. BEMANI Sound Team "Yvya",1,0,0,0,0,---,NO PLAY,---,7,0,0,0,---,NO PLAY,---,10,0,0,0,---,HARD CLEAR,---,12,2396,890,616,130,CLEAR,B,0,0,0,0,---,NO PLAY,---,2025-10-11 12:41
EPOLIS,Speculation,HARDCORE TECHNO,BEMANI Sound Team "ZAQUVA",0,0,0,0,0,---,NO PLAY,---,5,0,0,0,---,NO PLAY,---,9,0,0,0,---,NO PLAY,---,11,0,0,0,---,HARD CLEAR,---,0,0,0,0,---,NO PLAY,---,2025-09-23 12:30
EPOLIS,squall,DRUM'N'BASS,猫叉Master+,0,0,0,0,0,---,NO PLAY,---,6,0,0,0,---,NO PLAY,---,9,0,0,0,---,NO PLAY,---,11,0,0,0,---,HARD CLEAR,---,0,0,0,0,---,NO PLAY,---,2025-09-23 12:30
EPOLIS,Stereo Beasts,HARD TECHNO/DOWNTEMPO,MK & RoughSketch,0,0,0,0,0,---,NO PLAY,---,6,0,0,0,---,NO PLAY,---,10,0,0,0,---,NO PLAY,---,12,0,0,0,---,HARD CLEAR,---,0,0,0,0,---,NO PLAY,---,2025-09-23 12:30
EPOLIS,Submerge Serenade,HARDTECHNO,lapix,0,0,0,0,0,---,NO PLAY,---,5,0,0,0,---,NO PLAY,---,9,0,0,0,---,NO PLAY,---,11,0,0,0,---,HARD CLEAR,---,0,0,0,0,---,NO PLAY,---,2025-09-23 12:30
EPOLIS,Sword of Vengeance,HI-SPEED TECHCORE,sky_delta,0,0,0,0,0,---,NO PLAY,---,7,0,0,0,---,NO PLAY,---,10,0,0,0,---,HARD CLEAR,---,12,0,0,0,---,HARD CLEAR,---,0,0,0,0,---,NO PLAY,---,2025-09-23 12:30
EPOLIS,T.R.O.L.L.,RAWSTYLE,Yuta Imai,0,0,0,0,0,---,NO PLAY,---,6,0,0,0,---,NO PLAY,---,9,0,0,0,---,NO PLAY,---,11,0,0,0,---,HARD CLEAR,---,0,0,0,0,---,NO PLAY,---,2025-09-23 12:30
EPOLIS,The Last Apocalypse,NEO-CLASSICAL CORE,BEMANI Sound Team "Sota F. feat. Yvya",0,0,0,0,0,---,NO PLAY,---,6,0,0,0,---,NO PLAY,---,10,0,0,0,---,HARD CLEAR,---,12,0,0,0,---,HARD CLEAR,---,0,0,0,0,---,NO PLAY,---,2025-09-23 12:30
EPOLIS,The Onlyonez,FRENCHCORE,RoughSketch,0,0,0,0,0,---,NO PLAY,---,5,0,0,0,---,NO PLAY,---,9,0,0,0,---,NO PLAY,---,12,0,0,0,---,HARD CLEAR,---,0,0,0,0,---,NO PLAY,---,2025-09-23 12:30
EPOLIS,This Is Club Musik feat. 大久保紅葉,HARD HOUSE,REMO-CON,0,0,0,0,0,---,NO PLAY,---,6,0,0,0,---,NO PLAY,---,9,0,0,0,---,NO PLAY,---,11,0,0,0,---,HARD CLEAR,---,0,0,0,0,---,NO PLAY,---,2025-09-23 12:30
EPOLIS,Time Distortion pt.2(IIDX Edit),PSYCHEDELIC TECHNO,kors k vs BEMANI Sound Team "setup",0,0,0,0,0,---,NO PLAY,---,6,0,0,0,---,NO PLAY,---,9,0,0,0,---,NO PLAY,---,11,0,0,0,---,HARD CLEAR,---,0,0,0,0,---,NO PLAY,---,2025-09-23 12:30
EPOLIS,TITANIUM RIDERS,HARDCORE RAVE,DJ Shimamura,0,0,0,0,0,---,NO PLAY,---,5,0,0,0,---,NO PLAY,---,8,0,0,0,---,NO PLAY,---,10,0,0,0,---,HARD CLEAR,---,0,0,0,0,---,NO PLAY,---,2025-09-23 12:30
EPOLIS,Too Late Snow,J-DANCE POP,movies (moimoi × Xceon × Dai.),0,0,0,0,0,---,NO PLAY,---,4,0,0,0,---,NO PLAY,---,7,0,0,0,---,NO PLAY,---,9,0,0,0,---,FULLCOMBO CLEAR,---,0,0,0,0,---,NO PLAY,---,2025-09-23 12:30
EPOLIS,TRIP THE DEEP,MELODIC TECHNO,Qlarabelle,0,0,0,0,0,---,NO PLAY,---,5,0,0,0,---,NO PLAY,---,8,0,0,0,---,NO PLAY,---,11,0,0,0,---,HARD CLEAR,---,0,0,0,0,---,NO PLAY,---,2025-09-23 12:30
EPOLIS,Tripping Jumping,FUNKY BREAKS,Aikapin Prod. by uno & NiActivity,0,0,0,0,0,---,NO PLAY,---,4,0,0,0,---,NO PLAY,---,8,0,0,0,---,NO PLAY,---,10,0,0,0,---,HARD CLEAR,---,0,0,0,0,---,NO PLAY,---,2025-09-23 12:30
EPOLIS,Vermilion Carol,GOTHIC PIANO TRANCE,OSTER project,0,0,0,0,0,---,NO PLAY,---,7,0,0,0,---,NO PLAY,---,10,0,0,0,---,HARD CLEAR,---,12,0,0,0,---,HARD CLEAR,---,0,0,0,0,---,NO PLAY,---,2025-09-23 12:30
EPOLIS,Vulnerability,VARIABLE CORE,BEMANI Sound Team "ZAQUVA",0,0,0,0,0,---,NO PLAY,---,7,0,0,0,---,NO PLAY,---,10,0,0,0,---,HARD CLEAR,---,12,0,0,0,---,CLEAR,---,0,0,0,0,---,NO PLAY,---,2025-09-23 12:30
EPOLIS,WaterCube Pf.(RX-Ver.S.P.L.),ETHNO POP,高田雅史,0,0,0,0,0,---,NO PLAY,---,3,0,0,0,---,NO PLAY,---,7,0,0,0,---,NO PLAY,---,10,0,0,0,---,HARD CLEAR,---,0,0,0,0,---,NO PLAY,---,2025-09-23 12:30
EPOLIS,winkle 2 winkle,EURODANCE SPEED,Ryu☆ ft.NU-KO,0,0,0,0,0,---,NO PLAY,---,6,0,0,0,---,NO PLAY,---,9,0,0,0,---,NO PLAY,---,11,0,0,0,---,HARD CLEAR,---,0,0,0,0,---,NO PLAY,---,2025-09-23 12:30
EPOLIS,Xb10r,VOLTENIZED CORE,隣の庭は青い(庭師+Aoi),0,0,0,0,0,---,NO PLAY,---,6,0,0,0,---,NO PLAY,---,10,0,0,0,---,HARD CLEAR,---,12,0,0,0,---,HARD CLEAR,---,0,0,0,0,---,NO PLAY,---,2025-09-23 12:30
EPOLIS,ZEROIN ON THE LIGHT,COLD BEAT,SOUND HOLIC Vs. ZYTOKINE feat. Nana Takahashi,0,0,0,0,0,---,NO PLAY,---,5,0,0,0,---,NO PLAY,---,8,0,0,0,---,NO PLAY,---,10,0,0,0,---,HARD CLEAR,---,0,0,0,0,---,NO PLAY,---,2025-09-23 12:30
EPOLIS,《PL|RAYER》,ASCENDING TOGETHER,Blacklolita,0,0,0,0,0,---,NO PLAY,---,5,0,0,0,---,NO PLAY,---,9,0,0,0,---,HARD CLEAR,---,12,0,0,0,---,HARD CLEAR,---,0,0,0,0,---,NO PLAY,---,2025-09-23 12:30
EPOLIS,ちゅ、多様性。,J-POP,ano,0,1,0,0,0,---,NO PLAY,---,3,0,0,0,---,NO PLAY,---,6,0,0,0,---,NO PLAY,---,9,0,0,0,---,HARD CLEAR,---,10,0,0,0,---,HARD CLEAR,---,2025-09-23 12:30
EPOLIS,ないないルーティン,SPEED HOUSE,Len,0,0,0,0,0,---,NO PLAY,---,3,0,0,0,---,NO PLAY,---,7,0,0,0,---,NO PLAY,---,10,0,0,0,---,HARD CLEAR,---,0,0,0,0,---,NO PLAY,---,2025-09-23 12:30
EPOLIS,めうめうぺったんたん！！ (ZAQUVA Remix),HYPERACTIVE HELLCORE,Remixed by BEMANI Sound Team "ZAQUVA",0,0,0,0,0,---,NO PLAY,---,4,0,0,0,---,NO PLAY,---,9,0,0,0,---,NO PLAY,---,11,0,0,0,---,HARD CLEAR,---,0,0,0,0,---,NO PLAY,---,2025-09-23 12:30
EPOLIS,れとりば！,KAWAII DOGGO POPS,OSTER project feat. 月ノ輪乃愛,0,0,0,0,0,---,NO PLAY,---,4,0,0,0,---,NO PLAY,---,7,0,0,0,---,NO PLAY,---,9,0,0,0,---,HARD CLEAR,---,0,0,0,0,---,NO PLAY,---,2025-09-23 12:30
EPOLIS,アイドル,IIDX EDITION,Covered by BEMANI Sound Team "HuΣeR × wac" feat. 佐伯伊織,0,1,0,0,0,---,NO PLAY,---,4,0,0,0,---,NO PLAY,---,7,0,0,0,---,NO PLAY,---,10,0,0,0,---,HARD CLEAR,---,11,0,0,0,---,HARD CLEAR,---,2025-09-23 12:30
EPOLIS,アタシ完全絶対正義ちゃん！,ROCK,Pizuya's Cell,0,0,0,0,0,---,NO PLAY,---,5,0,0,0,---,NO PLAY,---,8,0,0,0,---,NO PLAY,---,10,0,0,0,---,HARD CLEAR,---,0,0,0,0,---,NO PLAY,---,2025-09-23 12:30
EPOLIS,シンデレラ,DRUM & BASS,Maozon feat. Nadia,0,3,0,0,0,---,NO PLAY,---,5,0,0,0,---,NO PLAY,---,8,0,0,0,---,NO PLAY,---,10,0,0,0,---,HARD CLEAR,---,0,0,0,0,---,NO PLAY,---,2025-09-23 12:30
EPOLIS,センチメンタル・サマー,CITY DANCE POP,Nhato feat. Kanae Asaba & はるまき (from ボタニカルな暮らし。),0,0,0,0,0,---,NO PLAY,---,3,0,0,0,---,NO PLAY,---,6,0,0,0,---,NO PLAY,---,9,0,0,0,---,HARD CLEAR,---,0,0,0,0,---,NO PLAY,---,2025-09-23 12:30
EPOLIS,デビルじゃないもん,IIDX EDITION,Remixed by BlackY feat. Risa Yuzuki,0,2,0,0,0,---,NO PLAY,---,5,0,0,0,---,NO PLAY,---,8,0,0,0,---,NO PLAY,---,10,0,0,0,---,HARD CLEAR,---,0,0,0,0,---,NO PLAY,---,2025-09-23 12:30
EPOLIS,フォニイ,IIDX EDITION,Remixed by Pizuya's Cell,0,3,0,0,0,---,NO PLAY,---,6,0,0,0,---,NO PLAY,---,9,0,0,0,---,NO PLAY,---,11,0,0,0,---,FULLCOMBO CLEAR,---,12,0,0,0,---,HARD CLEAR,---,2025-09-23 12:30
EPOLIS,ポラリスノウタ,FUTUREBASS,ここなつ2.0,0,1,0,0,0,---,NO PLAY,---,4,0,0,0,---,NO PLAY,---,8,0,0,0,---,NO PLAY,---,10,0,0,0,---,HARD CLEAR,---,0,0,0,0,---,NO PLAY,---,2025-09-23 12:30
EPOLIS,マーシャル・マキシマイザー,IIDX EDITION,Remixed by uno(IOSYS) feat. Chiyoko,0,3,0,0,0,---,NO PLAY,---,5,0,0,0,---,NO PLAY,---,9,0,0,0,---,NO PLAY,---,11,0,0,0,---,HARD CLEAR,---,0,0,0,0,---,NO PLAY,---,2025-09-23 12:30
EPOLIS,ラビットホール,J-POP,DECO*27,0,3,0,0,0,---,NO PLAY,---,6,0,0,0,---,NO PLAY,---,9,0,0,0,---,NO PLAY,---,11,0,0,0,---,HARD CLEAR,---,0,0,0,0,---,NO PLAY,---,2025-09-23 12:30
EPOLIS,リメンバーリメンバー,RAINY WALTZ,rino & m@sumi from plastic penguin,0,0,0,0,0,---,NO PLAY,---,3,0,0,0,---,NO PLAY,---,6,0,0,0,---,NO PLAY,---,9,0,0,0,---,HARD CLEAR,---,0,0,0,0,---,NO PLAY,---,2025-09-23 12:30
EPOLIS,今宵、ロマンス横丁。,和風歌謡硬核音楽,まろん feat. Rikotan,0,0,0,0,0,---,NO PLAY,---,6,0,0,0,---,NO PLAY,---,10,0,0,0,---,HARD CLEAR,---,12,0,0,0,---,HARD CLEAR,---,0,0,0,0,---,NO PLAY,---,2025-09-23 12:30
EPOLIS,勇者,IIDX EDITION,Remixed by OSTER project feat. そらこ,0,2,0,0,0,---,NO PLAY,---,5,0,0,0,---,NO PLAY,---,8,0,0,0,---,NO PLAY,---,11,0,0,0,---,HARD CLEAR,---,0,0,0,0,---,NO PLAY,---,2025-09-23 12:30
EPOLIS,可愛くてごめん,IIDX EDITION,Remixed by MK feat. 紫咲ほたる,0,1,0,0,0,---,NO PLAY,---,3,0,0,0,---,NO PLAY,---,7,0,0,0,---,NO PLAY,---,9,0,0,0,---,HARD CLEAR,---,10,0,0,0,---,HARD CLEAR,---,2025-09-23 12:30
EPOLIS,唱,J-POP,Ado,0,1,0,0,0,---,NO PLAY,---,3,0,0,0,---,NO PLAY,---,7,0,0,0,---,NO PLAY,---,9,0,0,0,---,HARD CLEAR,---,0,0,0,0,---,NO PLAY,---,2025-09-23 12:30
EPOLIS,夏風邪デスコ,SUMMER POP,TORIENA,0,1,0,0,0,---,NO PLAY,---,4,0,0,0,---,NO PLAY,---,8,0,0,0,---,NO PLAY,---,10,0,0,0,---,HARD CLEAR,---,0,0,0,0,---,NO PLAY,---,2025-09-23 12:30
EPOLIS,夢縁,JUVENILE PIANO ROCK,xi feat. Risa Yuzuki,0,0,0,0,0,---,NO PLAY,---,6,0,0,0,---,NO PLAY,---,10,0,0,0,---,EX HARD CLEAR,---,11,0,0,0,---,HARD CLEAR,---,0,0,0,0,---,NO PLAY,---,2025-09-23 12:30
EPOLIS,寝起きヤシの木,IIDX EDITION,Remixed by uno(IOSYS) feat. Chiyoko,0,2,0,0,0,---,NO PLAY,---,5,0,0,0,---,NO PLAY,---,9,0,0,0,---,NO PLAY,---,11,0,0,0,---,HARD CLEAR,---,0,0,0,0,---,NO PLAY,---,2025-09-23 12:30
EPOLIS,惑星鉄道,PROLOGUE,Snail's House,1,0,0,0,0,---,NO PLAY,---,7,0,0,0,---,NO PLAY,---,11,0,0,0,---,HARD CLEAR,---,12,1985,792,401,135,FAILED,B,0,0,0,0,---,NO PLAY,---,2025-10-11 14:14
EPOLIS,愛包ダンスホール,J-POP,HIMEHINA,0,1,0,0,0,---,NO PLAY,---,4,0,0,0,---,NO PLAY,---,7,0,0,0,---,NO PLAY,---,10,0,0,0,---,HARD CLEAR,---,0,0,0,0,---,NO PLAY,---,2025-09-23 12:30
EPOLIS,摩天楼,VALHALLASTEP,Julianne,0,0,0,0,0,---,NO PLAY,---,4,0,0,0,---,NO PLAY,---,8,0,0,0,---,HARD CLEAR,---,12,0,0,0,---,HARD CLEAR,---,0,0,0,0,---,NO PLAY,---,2025-09-23 12:30
EPOLIS,未完成ノ蒸氣驅動乙女,ORBITAL STEAMPUNK,U1 overground,0,0,0,0,0,---,NO PLAY,---,5,0,0,0,---,NO PLAY,---,10,0,0,0,---,NO PLAY,---,12,0,0,0,---,HARD CLEAR,---,0,0,0,0,---,NO PLAY,---,2025-09-23 12:30
EPOLIS,果たせぬ約束 ft. 小林マナ,CHINA SQUARE DANCEPOP,Xceon,0,0,0,0,0,---,NO PLAY,---,6,0,0,0,---,NO PLAY,---,9,0,0,0,---,HARD CLEAR,---,11,0,0,0,---,HARD CLEAR,---,0,0,0,0,---,NO PLAY,---,2025-09-23 12:30
EPOLIS,残像ニ繋ガレタ追憶ノHIDEAWAY,HYPER DIG!ROCK,SOUND HOLIC Vs. BEMANI Sound Team "KE!JU" feat. Nana Takahashi,0,0,0,0,0,---,NO PLAY,---,5,0,0,0,---,NO PLAY,---,10,0,0,0,---,NO PLAY,---,12,0,0,0,---,HARD CLEAR,---,0,0,0,0,---,NO PLAY,---,2025-09-23 12:30
EPOLIS,流桜ノ門,SCI-FI CHRONICLE,tokiwa,0,0,0,0,0,---,NO PLAY,---,5,0,0,0,---,NO PLAY,---,8,0,0,0,---,NO PLAY,---,10,0,0,0,---,HARD CLEAR,---,0,0,0,0,---,NO PLAY,---,2025-09-23 12:30
EPOLIS,灼熱Beach Side Bunny (かめりあ's "Summertime D'n'B" Remix),BROKEN SAMBA DRUM'N'BASS,Remixed by かめりあ,0,0,0,0,0,---,NO PLAY,---,5,0,0,0,---,NO PLAY,---,9,0,0,0,---,NO PLAY,---,12,0,0,0,---,HARD CLEAR,---,0,0,0,0,---,NO PLAY,---,2025-09-23 12:30
EPOLIS,神様、つれない。,ALTERNATIVE,中山真斗 feat. CHAN,0,0,0,0,0,---,NO PLAY,---,4,0,0,0,---,NO PLAY,---,7,0,0,0,---,NO PLAY,---,10,0,0,0,---,FULLCOMBO CLEAR,---,0,0,0,0,---,NO PLAY,---,2025-09-23 12:30
EPOLIS,終焔のClaudia,HARD RENAISSANCE,二代目朱雀,0,0,0,0,0,---,NO PLAY,---,8,0,0,0,---,NO PLAY,---,10,0,0,0,---,NO PLAY,---,12,0,0,0,---,HARD CLEAR,---,0,0,0,0,---,NO PLAY,---,2025-09-23 12:30
EPOLIS,酔いどれ知らず,IIDX EDITION,Remixed by SOUND HOLIC feat. Nana Takahashi,0,1,0,0,0,---,NO PLAY,---,4,0,0,0,---,NO PLAY,---,7,0,0,0,---,NO PLAY,---,10,0,0,0,---,HARD CLEAR,---,0,0,0,0,---,NO PLAY,---,2025-09-23 12:30
EPOLIS,閉塞的フレーション,ROCK,Pizuya's Cell VS BEMANI Sound Team "dj TAKA",0,0,0,0,0,---,NO PLAY,---,5,0,0,0,---,NO PLAY,---,8,0,0,0,---,NO PLAY,---,10,0,0,0,---,HARD CLEAR,---,0,0,0,0,---,NO PLAY,---,2025-09-23 12:30
EPOLIS,雫,LAMENTO,あさき,0,0,0,0,0,---,NO PLAY,---,5,0,0,0,---,NO PLAY,---,9,0,0,0,---,NO PLAY,---,11,0,0,0,---,HARD CLEAR,---,0,0,0,0,---,NO PLAY,---,2025-09-23 12:30
EPOLIS,電光,BUCHIAGE TRANCE,Yuta Imai,0,0,0,0,0,---,NO PLAY,---,6,0,0,0,---,NO PLAY,---,10,0,0,0,---,NO PLAY,---,12,0,0,0,---,HARD CLEAR,---,0,0,0,0,---,NO PLAY,---,2025-09-23 12:30
EPOLIS,電子になりたい,HYBRID DANCE MUSIC,BEMANI Sound Team "HuΣeR",0,0,0,0,0,---,NO PLAY,---,5,0,0,0,---,NO PLAY,---,8,0,0,0,---,NO PLAY,---,10,0,0,0,---,HARD CLEAR,---,0,0,0,0,---,NO PLAY,---,2025-09-23 12:30
EPOLIS,電腦都市,BREAKCORE,Blacklolita,0,0,0,0,0,---,NO PLAY,---,7,0,0,0,---,NO PLAY,---,10,0,0,0,---,HARD CLEAR,---,12,0,0,0,---,HARD CLEAR,---,0,0,0,0,---,NO PLAY,---,2025-09-23 12:30
Pinky Crush,1116,BREAKBEATS,BEMANI Sound Team "Dustup",0,0,0,0,0,---,NO PLAY,---,6,0,0,0,---,NO PLAY,---,10,0,0,0,---,NO PLAY,---,12,0,0,0,---,HARD CLEAR,---,0,0,0,0,---,NO PLAY,---,2025-09-23 12:30
Pinky Crush,ADAMANT,HARDCORE,BEMANI Sound Team "L.E.D.-G",0,0,0,0,0,---,NO PLAY,---,6,0,0,0,---,NO PLAY,---,9,0,0,0,---,NO PLAY,---,11,0,0,0,---,HARD CLEAR,---,0,0,0,0,---,NO PLAY,---,2025-09-23 12:30
Pinky Crush,Aqvion,AQUATIC TECHCORE,lapix,0,0,0,0,0,---,NO PLAY,---,6,0,0,0,---,NO PLAY,---,9,0,0,0,---,HARD CLEAR,---,12,0,0,0,---,HARD CLEAR,---,0,0,0,0,---,NO PLAY,---,2025-09-23 12:30
Pinky Crush,Arcanos,NOSTALGIC ARTCORE,DJ Totoriott,0,0,0,0,0,---,NO PLAY,---,4,0,0,0,---,NO PLAY,---,7,0,0,0,---,NO PLAY,---,10,0,0,0,---,HARD CLEAR,---,0,0,0,0,---,NO PLAY,---,2025-09-23 12:30
Pinky Crush,Bang-Boo Bumble,BANGIN' TECHNO,二代目白虎,0,0,0,0,0,---,NO PLAY,---,5,0,0,0,---,NO PLAY,---,9,0,0,0,---,NO PLAY,---,11,0,0,0,---,HARD CLEAR,---,0,0,0,0,---,NO PLAY,---,2025-09-23 12:30
Pinky Crush,Bling-Bang-Bang-Born,IIDX EDITION,Covered by uno(IOSYS) feat. Fra,0,2,0,0,0,---,NO PLAY,---,4,0,0,0,---,NO PLAY,---,7,0,0,0,---,NO PLAY,---,10,0,0,0,---,HARD CLEAR,---,0,0,0,0,---,NO PLAY,---,2025-09-23 12:30
Pinky Crush,Bring The Fire,SPEED RAVE,kors k,0,0,0,0,0,---,NO PLAY,---,6,0,0,0,---,NO PLAY,---,9,0,0,0,---,HARD CLEAR,---,12,0,0,0,---,HARD CLEAR,---,0,0,0,0,---,NO PLAY,---,2025-09-23 12:30
Pinky Crush,Butterfly Twist,SPEED HOUSE,Yooh,0,0,0,0,0,---,NO PLAY,---,5,0,0,0,---,NO PLAY,---,8,0,0,0,---,NO PLAY,---,11,0,0,0,---,HARD CLEAR,---,0,0,0,0,---,NO PLAY,---,2025-09-23 12:30
Pinky Crush,CHAOTIC SUNBIRD,ULTRA SAM-BASS,Tanchiky,0,0,0,0,0,---,NO PLAY,---,6,0,0,0,---,NO PLAY,---,9,0,0,0,---,NO PLAY,---,11,0,0,0,---,HARD CLEAR,---,0,0,0,0,---,NO PLAY,---,2025-09-23 12:30
Pinky Crush,Chasing After YOU ～夢の欠片～ ft. 小林マナ,Y2K 2000 J-POP DANCE,Xceon,0,0,0,0,0,---,NO PLAY,---,5,0,0,0,---,NO PLAY,---,7,0,0,0,---,NO PLAY,---,10,0,0,0,---,HARD CLEAR,---,0,0,0,0,---,NO PLAY,---,2025-09-23 12:30
Pinky Crush,Constellation,UPLIFTING TRANCE,Maozon,0,0,0,0,0,---,NO PLAY,---,5,0,0,0,---,NO PLAY,---,9,0,0,0,---,NO PLAY,---,11,0,0,0,---,HARD CLEAR,---,0,0,0,0,---,NO PLAY,---,2025-09-23 12:30
Pinky Crush,COSMIC V3LOCITY,UCHIAGE CORE,BEMANI Sound Team "Coyaan & KE!JU & ZAQUVA",0,0,0,0,0,---,NO PLAY,---,6,0,0,0,---,NO PLAY,---,10,0,0,0,---,FULLCOMBO CLEAR,---,12,0,0,0,---,HARD CLEAR,---,0,0,0,0,---,NO PLAY,---,2025-09-23 12:30
Pinky Crush,Cross Fire,CROSSOVER,Hommarju vs RoughSketch,0,0,0,0,0,---,NO PLAY,---,6,0,0,0,---,NO PLAY,---,10,0,0,0,---,NO PLAY,---,12,0,0,0,---,EASY CLEAR,---,0,0,0,0,---,NO PLAY,---,2025-09-23 12:30
Pinky Crush,destination,TRANCECORE,One Round Rabbits,0,0,0,0,0,---,NO PLAY,---,5,0,0,0,---,NO PLAY,---,10,0,0,0,---,HARD CLEAR,---,12,0,0,0,---,HARD CLEAR,---,0,0,0,0,---,NO PLAY,---,2025-09-23 12:30
Pinky Crush,Digital Radiance,COLOUR TECH,BEMANI Sound Team "Sota Fujimori" feat. S.B.Z.,0,0,0,0,0,---,NO PLAY,---,5,0,0,0,---,NO PLAY,---,7,0,0,0,---,NO PLAY,---,9,0,0,0,---,HARD CLEAR,---,0,0,0,0,---,NO PLAY,---,2025-09-23 12:30
Pinky Crush,DIVINE JUDGEMENT,SYMPHONIC BREAK BEATS,OSTER project,0,0,0,0,0,---,NO PLAY,---,6,0,0,0,---,NO PLAY,---,10,0,0,0,---,NO PLAY,---,12,0,0,0,---,HARD CLEAR,---,0,0,0,0,---,NO PLAY,---,2025-09-23 12:30
Pinky Crush,Dreamship,ELECTRO POP,Nhato feat. Kanae Asaba,0,0,0,0,0,---,NO PLAY,---,4,0,0,0,---,NO PLAY,---,7,0,0,0,---,NO PLAY,---,9,0,0,0,---,FULLCOMBO CLEAR,---,0,0,0,0,---,NO PLAY,---,2025-09-23 12:30
Pinky Crush,Drop Syndicate,MOOMBAHCORE / DRUM'N BASS,Seventhrun × nora2r,0,0,0,0,0,---,NO PLAY,---,6,0,0,0,---,NO PLAY,---,9,0,0,0,---,NO PLAY,---,12,0,0,0,---,HARD CLEAR,---,0,0,0,0,---,NO PLAY,---,2025-09-23 12:30
Pinky Crush,Eleanor,UNNAMED FIESTA,satella feat. nayuta,0,0,0,0,0,---,NO PLAY,---,4,0,0,0,---,NO PLAY,---,7,0,0,0,---,NO PLAY,---,10,0,0,0,---,HARD CLEAR,---,0,0,0,0,---,NO PLAY,---,2025-09-23 12:30
Pinky Crush,ELYSIUM,RANDOM ACCESS MEMORIES,Snail's House,0,0,0,0,0,---,NO PLAY,---,5,0,0,0,---,NO PLAY,---,8,0,0,0,---,NO PLAY,---,11,0,0,0,---,HARD CLEAR,---,0,0,0,0,---,NO PLAY,---,2025-09-23 12:30
Pinky Crush,everlastingeuphoria:,HYPERTRANCE,crayvxn,0,0,0,0,0,---,NO PLAY,---,5,0,0,0,---,NO PLAY,---,9,0,0,0,---,NO PLAY,---,11,0,0,0,---,FAILED,---,0,0,0,0,---,NO PLAY,---,2025-09-23 12:30
Pinky Crush,EX-MASSIVE FIGHTER,HYBRID HARDSTYLE,BEMANI Sound Team "L.E.D.-G",0,0,0,0,0,---,NO PLAY,---,6,0,0,0,---,NO PLAY,---,10,0,0,0,---,NO PLAY,---,12,0,0,0,---,HARD CLEAR,---,0,0,0,0,---,NO PLAY,---,2025-09-23 12:30
Pinky Crush,FERMI PARADOX,COSMIC HAPPY TUNE,BlackY feat. Risa Yuzuki,0,0,0,0,0,---,NO PLAY,---,5,0,0,0,---,NO PLAY,---,8,0,0,0,---,NO PLAY,---,10,0,0,0,---,HARD CLEAR,---,0,0,0,0,---,NO PLAY,---,2025-09-23 12:30
Pinky Crush,Fiery Stallion,80'S SYNTHWAVE ROCK,Dirty Androids,0,0,0,0,0,---,NO PLAY,---,4,0,0,0,---,NO PLAY,---,9,0,0,0,---,NO PLAY,---,11,0,0,0,---,HARD CLEAR,---,0,0,0,0,---,NO PLAY,---,2025-09-23 12:30
Pinky Crush,FlyAway,HARD DANCE,Blacklolita,0,0,0,0,0,---,NO PLAY,---,6,0,0,0,---,NO PLAY,---,10,0,0,0,---,NO PLAY,---,12,0,0,0,---,HARD CLEAR,---,0,0,0,0,---,NO PLAY,---,2025-09-23 12:30
Pinky Crush,Galaxy Collapse,MULTIGENRE,BEMANI Sound Team "めめめ",0,0,0,0,0,---,NO PLAY,---,5,0,0,0,---,NO PLAY,---,7,0,0,0,---,NO PLAY,---,10,0,0,0,---,HARD CLEAR,---,0,0,0,0,---,NO PLAY,---,2025-09-23 12:30
Pinky Crush,get set mind,TORIENA LAND,TORIENA,0,0,0,0,0,---,NO PLAY,---,5,0,0,0,---,NO PLAY,---,8,0,0,0,---,NO PLAY,---,10,0,0,0,---,FULLCOMBO CLEAR,---,0,0,0,0,---,NO PLAY,---,2025-09-23 12:30
Pinky Crush,God Mind,NEO HARD RENAISSANCE,Tatsunoshin,0,0,0,0,0,---,NO PLAY,---,7,0,0,0,---,NO PLAY,---,10,0,0,0,---,NO PLAY,---,12,0,0,0,---,EASY CLEAR,---,0,0,0,0,---,NO PLAY,---,2025-09-23 12:30
Pinky Crush,Good Looking,RAVE BREAKS,JAKAZiD,0,0,0,0,0,---,NO PLAY,---,4,0,0,0,---,NO PLAY,---,8,0,0,0,---,NO PLAY,---,10,0,0,0,---,HARD CLEAR,---,0,0,0,0,---,NO PLAY,---,2025-09-23 12:30
Pinky Crush,Here We Go Now,HARD PSY,Whac-A-Me,0,0,0,0,0,---,NO PLAY,---,6,0,0,0,---,NO PLAY,---,10,0,0,0,---,NO PLAY,---,12,0,0,0,---,HARD CLEAR,---,0,0,0,0,---,NO PLAY,---,2025-09-23 12:30
Pinky Crush,hora de verdad,CYBER FLAMENCO,Vandalusia改,0,0,0,0,0,---,NO PLAY,---,6,0,0,0,---,NO PLAY,---,10,0,0,0,---,NO PLAY,---,12,0,0,0,---,EASY CLEAR,---,0,0,0,0,---,NO PLAY,---,2025-09-23 12:30
Pinky Crush,IN BETWEEN,HARDSTYLE,BEMANI Sound Team "L.E.D.-G" feat. Mayumi Morinaga,0,0,0,0,0,---,NO PLAY,---,5,0,0,0,---,NO PLAY,---,9,0,0,0,---,NO PLAY,---,11,0,0,0,---,HARD CLEAR,---,0,0,0,0,---,NO PLAY,---,2025-09-23 12:30
Pinky Crush,KOTONOHA ft. Kotoha,EMOISM FUTURE POP,EmoCosine × BEMANI Sound Team "HuΣeR",0,0,0,0,0,---,NO PLAY,---,5,0,0,0,---,NO PLAY,---,8,0,0,0,---,NO PLAY,---,10,0,0,0,---,HARD CLEAR,---,0,0,0,0,---,NO PLAY,---,2025-09-23 12:30
Pinky Crush,Lightspeed,FRENCHCORE,Tanukichi,0,0,0,0,0,---,NO PLAY,---,6,0,0,0,---,NO PLAY,---,10,0,0,0,---,HARD CLEAR,---,12,0,0,0,---,HARD CLEAR,---,0,0,0,0,---,NO PLAY,---,2025-09-23 12:30
Pinky Crush,lowercase lifetime,HYPERFLIP,BEMANI Sound Team "ZAQUVA",0,0,0,0,0,---,NO PLAY,---,5,0,0,0,---,NO PLAY,---,9,0,0,0,---,NO PLAY,---,11,0,0,0,---,HARD CLEAR,---,0,0,0,0,---,NO PLAY,---,2025-09-23 12:30
Pinky Crush,Lycoris,HYPER JAPANESQUE,BEMANI Sound Team "HuΣeR" feat.Fernweh,0,0,0,0,0,---,NO PLAY,---,4,0,0,0,---,NO PLAY,---,7,0,0,0,---,NO PLAY,---,10,0,0,0,---,HARD CLEAR,---,0,0,0,0,---,NO PLAY,---,2025-09-23 12:30
Pinky Crush,MARLIN,DRUM'N'BASS,Zekk,0,0,0,0,0,---,NO PLAY,---,6,0,0,0,---,NO PLAY,---,10,0,0,0,---,NO PLAY,---,12,0,0,0,---,HARD CLEAR,---,0,0,0,0,---,NO PLAY,---,2025-09-23 12:30
Pinky Crush,Mid-Corner (Magic Maker),HARD DANCE,REMO-CON,1,0,0,0,0,---,NO PLAY,---,6,0,0,0,---,NO PLAY,---,10,1590,638,314,8,HARD CLEAR,A,12,0,0,0,---,HARD CLEAR,---,0,0,0,0,---,NO PLAY,---,2025-09-23 16:17
Pinky Crush,Mighty Cutie,HAPPY HARDCORE,KARUT,0,0,0,0,0,---,NO PLAY,---,5,0,0,0,---,NO PLAY,---,8,0,0,0,---,NO PLAY,---,10,0,0,0,---,HARD CLEAR,---,0,0,0,0,---,NO PLAY,---,2025-09-23 12:30
Pinky Crush,MVP,HARD TRAP,PRIDASK,0,0,0,0,0,---,NO PLAY,---,5,0,0,0,---,NO PLAY,---,8,0,0,0,---,NO PLAY,---,11,0,0,0,---,HARD CLEAR,---,0,0,0,0,---,NO PLAY,---,2025-09-23 12:30
Pinky Crush,NOIXIA,STYLISH ELECTRO,BEMANI Sound Team "HuΣeR",0,0,0,0,0,---,NO PLAY,---,7,0,0,0,---,NO PLAY,---,10,0,0,0,---,HARD CLEAR,---,12,0,0,0,---,HARD CLEAR,---,0,0,0,0,---,NO PLAY,---,2025-09-23 12:30
Pinky Crush,PERFECT HUMAN,IIDX EDITION,Remixed by Ryu☆ feat. BEMANI Sound Team "PON",0,3,0,0,0,---,NO PLAY,---,5,0,0,0,---,NO PLAY,---,7,0,0,0,---,NO PLAY,---,10,0,0,0,---,HARD CLEAR,---,0,0,0,0,---,NO PLAY,---,2025-09-23 12:30
Pinky Crush,PIT A PAT,NEO CANDY RAVE,Zekk,0,0,0,0,0,---,NO PLAY,---,5,0,0,0,---,NO PLAY,---,8,0,0,0,---,NO PLAY,---,10,0,0,0,---,HARD CLEAR,---,0,0,0,0,---,NO PLAY,---,2025-09-23 12:30
Pinky Crush,Plazma,J-POP,米津玄師,0,2,0,0,0,---,NO PLAY,---,5,0,0,0,---,NO PLAY,---,8,0,0,0,---,NO PLAY,---,10,0,0,0,---,HARD CLEAR,---,0,0,0,0,---,NO PLAY,---,2025-09-23 12:30
Pinky Crush,Plea Per Phase,MELODIC CONTEMPORARIDDIM,Feryquitous,0,0,0,0,0,---,NO PLAY,---,5,0,0,0,---,NO PLAY,---,9,0,0,0,---,NO PLAY,---,11,0,0,0,---,HARD CLEAR,---,0,0,0,0,---,NO PLAY,---,2025-09-23 12:30
Pinky Crush,PopなEDEN,J-POP,YASUHIRO(康寛) feat.橘田ほのか,0,0,0,0,0,---,NO PLAY,---,5,0,0,0,---,NO PLAY,---,9,0,0,0,---,NO PLAY,---,11,0,0,0,---,FULLCOMBO CLEAR,---,0,0,0,0,---,NO PLAY,---,2025-09-23 12:30
Pinky Crush,Raspberry Potion (feat.あれたん & ぎゃるのしん☆),LOVE CORE,Tatsunoshin & 藍良あれれ,0,0,0,0,0,---,NO PLAY,---,5,0,0,0,---,NO PLAY,---,9,0,0,0,---,NO PLAY,---,11,0,0,0,---,HARD CLEAR,---,0,0,0,0,---,NO PLAY,---,2025-09-23 12:30
Pinky Crush,RAVE SYNDROME,REVERSE BASS,Yuta Imai,0,0,0,0,0,---,NO PLAY,---,6,0,0,0,---,NO PLAY,---,9,0,0,0,---,NO PLAY,---,11,0,0,0,---,HARD CLEAR,---,0,0,0,0,---,NO PLAY,---,2025-09-23 12:30
Pinky Crush,Roar of Chronos,DIAMOND CORE,BEMANI Sound Team "KE!JU",0,0,0,0,0,---,NO PLAY,---,6,0,0,0,---,NO PLAY,---,10,0,0,0,---,FULLCOMBO CLEAR,---,12,0,0,0,---,HARD CLEAR,---,0,0,0,0,---,NO PLAY,---,2025-09-23 12:30
Pinky Crush,Satellite Burst,HARD SYMPHONIC,xi,0,0,0,0,0,---,NO PLAY,---,6,0,0,0,---,NO PLAY,---,10,0,0,0,---,HARD CLEAR,---,12,0,0,0,---,HARD CLEAR,---,0,0,0,0,---,NO PLAY,---,2025-09-23 12:30
Pinky Crush,Secret Rouge,DIGITAL J-POP,ハレトキドキ,0,0,0,0,0,---,NO PLAY,---,5,0,0,0,---,NO PLAY,---,8,0,0,0,---,NO PLAY,---,10,0,0,0,---,HARD CLEAR,---,0,0,0,0,---,NO PLAY,---,2025-09-23 12:30
Pinky Crush,Show Me All Your Love,NEORAVE,Hommarju,0,0,0,0,0,---,NO PLAY,---,5,0,0,0,---,NO PLAY,---,9,0,0,0,---,NO PLAY,---,11,0,0,0,---,HARD CLEAR,---,0,0,0,0,---,NO PLAY,---,2025-09-23 12:30
Pinky Crush,SISYPHUS,ABSURD STYLE,BEMANI Sound Team "Paoon",0,0,0,0,0,---,NO PLAY,---,6,0,0,0,---,NO PLAY,---,10,0,0,0,---,NO PLAY,---,12,0,0,0,---,EASY CLEAR,---,0,0,0,0,---,NO PLAY,---,2025-09-23 12:30
Pinky Crush,Skratch Education Lv-1,DJ BATTLE,DJ Mass MAD Izm*,1,0,0,0,0,---,NO PLAY,---,7,0,0,0,---,NO PLAY,---,10,601,192,217,---,FAILED,E,12,0,0,0,---,FAILED,---,0,0,0,0,---,NO PLAY,---,2025-10-04 15:08
Pinky Crush,Slumber☆Party,MULTIGENRE,BEMANI Sound Team "めめめ",0,0,0,0,0,---,NO PLAY,---,5,0,0,0,---,NO PLAY,---,8,0,0,0,---,NO PLAY,---,10,0,0,0,---,HARD CLEAR,---,0,0,0,0,---,NO PLAY,---,2025-09-23 12:30
Pinky Crush,Space In Time,FUTURE‘N’BASS,Masayoshi Iimori,0,0,0,0,0,---,NO PLAY,---,6,0,0,0,---,NO PLAY,---,9,0,0,0,---,NO PLAY,---,11,0,0,0,---,HARD CLEAR,---,0,0,0,0,---,NO PLAY,---,2025-09-23 12:30
Pinky Crush,Stargazing Trip ～星 探す旅～ ft. 小林マナ,ANIME-STYLE DRUM AND BASS,Xceon,0,0,0,0,0,---,NO PLAY,---,5,0,0,0,---,NO PLAY,---,9,0,0,0,---,NO PLAY,---,11,0,0,0,---,HARD CLEAR,---,0,0,0,0,---,NO PLAY,---,2025-09-23 12:30
Pinky Crush,SUPER HEROINE!!,GENSOU FULLON,Amateras Records vs BEMANI Sound Team "TATSUYA" feat. miko,0,0,0,0,0,---,NO PLAY,---,5,0,0,0,---,NO PLAY,---,9,0,0,0,---,NO PLAY,---,11,0,0,0,---,HARD CLEAR,---,0,0,0,0,---,NO PLAY,---,2025-09-23 12:30
Pinky Crush,u gotta beat,TECHCORE,KARUT,0,0,0,0,0,---,NO PLAY,---,6,0,0,0,---,NO PLAY,---,10,0,0,0,---,NO PLAY,---,12,0,0,0,---,HARD CLEAR,---,0,0,0,0,---,NO PLAY,---,2025-09-23 12:30
Pinky Crush,Uaigh Gealai,NEURO FUNK / CEILTEACH DORCHA,かめりあ,1,0,0,0,0,---,NO PLAY,---,6,0,0,0,---,NO PLAY,---,10,0,0,0,---,NO PLAY,---,12,661,248,165,---,FAILED,F,0,0,0,0,---,NO PLAY,---,2025-09-23 16:23
Pinky Crush,Vibing! Shake it!,SOCA/HARD DANCE,らっぷびと Prod. by RoughSketch & NUE,0,0,0,0,0,---,NO PLAY,---,5,0,0,0,---,NO PLAY,---,8,0,0,0,---,NO PLAY,---,10,0,0,0,---,HARD CLEAR,---,0,0,0,0,---,NO PLAY,---,2025-09-23 12:30
Pinky Crush,Without Heaven,VARIABLE ORIENTAL CORE,BEMANI Sound Team "ZAQUVA",0,0,0,0,0,---,NO PLAY,---,7,0,0,0,---,NO PLAY,---,10,0,0,0,---,HARD CLEAR,---,12,0,0,0,---,HARD CLEAR,---,0,0,0,0,---,NO PLAY,---,2025-09-23 12:30
Pinky Crush,XHRONOXAPSULΞ,CHRONO-SYMPHONIC SPEEDCORE,Silentroom,1,0,0,0,0,---,NO PLAY,---,7,0,0,0,---,NO PLAY,---,10,1858,746,366,24,HARD CLEAR,A,12,0,0,0,---,FAILED,---,0,0,0,0,---,NO PLAY,---,2025-10-04 16:08
Pinky Crush,えだまめカレークッキング,ZUNTSUMU TEETEE,OSTER project feat. ずんだもん ＆ 春日部つむぎ,0,2,0,0,0,---,NO PLAY,---,5,0,0,0,---,NO PLAY,---,8,0,0,0,---,NO PLAY,---,11,0,0,0,---,HARD CLEAR,---,0,0,0,0,---,NO PLAY,---,2025-09-23 12:30
Pinky Crush,きみのせかい,8-BIT MIXTURE,Nhato,0,0,0,0,0,---,NO PLAY,---,5,0,0,0,---,NO PLAY,---,8,0,0,0,---,NO PLAY,---,11,0,0,0,---,HARD CLEAR,---,0,0,0,0,---,NO PLAY,---,2025-09-23 12:30
Pinky Crush,きゅうくらりん,VOCALOID,いよわ,0,2,0,0,0,---,NO PLAY,---,5,0,0,0,---,NO PLAY,---,8,0,0,0,---,NO PLAY,---,10,0,0,0,---,HARD CLEAR,---,0,0,0,0,---,NO PLAY,---,2025-09-23 12:30
Pinky Crush,アラビアン ハイパー ナイト,ARABIC TRAP CORE,BEMANI Sound Team "マックス ステロイ度！",1,0,0,0,0,---,NO PLAY,---,6,0,0,0,---,NO PLAY,---,10,0,0,0,---,NO PLAY,---,12,2380,926,528,40,HARD CLEAR,A,0,0,0,0,---,NO PLAY,---,2025-10-11 12:30
Pinky Crush,イガク,ボーカロイド・J-POP・ダンス,原口沙輔 feat.重音テト,0,1,0,0,0,---,NO PLAY,---,4,0,0,0,---,NO PLAY,---,7,0,0,0,---,NO PLAY,---,9,0,0,0,---,FULLCOMBO CLEAR,---,0,0,0,0,---,NO PLAY,---,2025-09-23 12:30
Pinky Crush,エクスプロウル,VOCALOID,晴いちばん,0,0,0,0,0,---,NO PLAY,---,5,0,0,0,---,NO PLAY,---,8,0,0,0,---,NO PLAY,---,10,0,0,0,---,HARD CLEAR,---,0,0,0,0,---,NO PLAY,---,2025-09-23 12:30
Pinky Crush,オッドラヴィ,LOVELY TECHCORE,lapix feat. PANXI,0,2,0,0,0,---,NO PLAY,---,5,0,0,0,---,NO PLAY,---,8,0,0,0,---,NO PLAY,---,10,0,0,0,---,HARD CLEAR,---,0,0,0,0,---,NO PLAY,---,2025-09-23 12:30
Pinky Crush,オブソミート,ボカロ,サツキ feat.初音ミク、重音テト,0,1,0,0,0,---,NO PLAY,---,4,0,0,0,---,NO PLAY,---,7,0,0,0,---,NO PLAY,---,10,0,0,0,---,HARD CLEAR,---,0,0,0,0,---,NO PLAY,---,2025-09-23 12:30
Pinky Crush,キスキツネ,J-POP,HIMEHINA,0,1,0,0,0,---,NO PLAY,---,4,0,0,0,---,NO PLAY,---,7,0,0,0,---,NO PLAY,---,10,0,0,0,---,HARD CLEAR,---,0,0,0,0,---,NO PLAY,---,2025-09-23 12:30
Pinky Crush,ギャ・ギャ・ギャ・ギャラクシー！,VOCALOID,つきみぐー、,0,0,0,0,0,---,NO PLAY,---,4,0,0,0,---,NO PLAY,---,8,0,0,0,---,NO PLAY,---,10,0,0,0,---,HARD CLEAR,---,0,0,0,0,---,NO PLAY,---,2025-09-23 12:30
Pinky Crush,ゲシュタルト,J-POP,花譜,0,2,0,0,0,---,NO PLAY,---,5,0,0,0,---,NO PLAY,---,7,0,0,0,---,NO PLAY,---,10,0,0,0,---,HARD CLEAR,---,0,0,0,0,---,NO PLAY,---,2025-09-23 12:30
Pinky Crush,スキッテイエェエエェ!!!!,Hi-ラブコメPOP,cosMo＠暴走P & BEMANI Sound Team "L.E.D.-G",0,0,0,0,0,---,NO PLAY,---,8,0,0,0,---,NO PLAY,---,10,0,0,0,---,NO PLAY,---,12,0,0,0,---,EASY CLEAR,---,0,0,0,0,---,NO PLAY,---,2025-09-23 12:30
Pinky Crush,スパークリング☆彡ハイパーチューン！！,EUROBEAT,Machico,0,0,0,0,0,---,NO PLAY,---,6,0,0,0,---,NO PLAY,---,9,0,0,0,---,NO PLAY,---,12,0,0,0,---,HARD CLEAR,---,0,0,0,0,---,NO PLAY,---,2025-09-23 12:30
Pinky Crush,ドリムチウ,HARDCORE TECHNO,TORIENA,0,0,0,0,0,---,NO PLAY,---,4,0,0,0,---,NO PLAY,---,7,0,0,0,---,NO PLAY,---,10,0,0,0,---,HARD CLEAR,---,0,0,0,0,---,NO PLAY,---,2025-09-23 12:30
Pinky Crush,ドーナツホール 2024,J-POP,ハチ,1,2,0,0,0,---,NO PLAY,---,5,0,0,0,---,NO PLAY,---,8,0,0,0,---,NO PLAY,---,10,1914,775,364,7,HARD CLEAR,AA,0,0,0,0,---,NO PLAY,---,2025-10-04 15:29
Pinky Crush,ハオ,J-POP・VOCALOID,DECO*27,0,1,0,0,0,---,NO PLAY,---,4,0,0,0,---,NO PLAY,---,8,0,0,0,---,NO PLAY,---,11,0,0,0,---,HARD CLEAR,---,0,0,0,0,---,NO PLAY,---,2025-09-23 12:30
Pinky Crush,ハルイロメロディー,AOHARU MELODY,月乃 ＆ BEMANI Sound Team "劇団レコード",0,0,0,0,0,---,NO PLAY,---,4,0,0,0,---,NO PLAY,---,7,0,0,0,---,NO PLAY,---,10,0,0,0,---,HARD CLEAR,---,0,0,0,0,---,NO PLAY,---,2025-09-23 12:30
Pinky Crush,ビビデバ,J-POP,星街すいせい,0,1,0,0,0,---,NO PLAY,---,4,0,0,0,---,NO PLAY,---,7,0,0,0,---,NO PLAY,---,10,0,0,0,---,FULLCOMBO CLEAR,---,0,0,0,0,---,NO PLAY,---,2025-09-23 12:30
Pinky Crush,ファイナルレター,MELODIOUS WATER PIANO,かねこちはる,0,0,0,0,0,---,NO PLAY,---,5,0,0,0,---,NO PLAY,---,9,0,0,0,---,NO PLAY,---,11,0,0,0,---,HARD CLEAR,---,0,0,0,0,---,NO PLAY,---,2025-09-23 12:30
Pinky Crush,メズマライザー,HAPPY HARDCORE,サツキ feat.初音ミク・重音テトSV,0,3,0,0,0,---,NO PLAY,---,6,0,0,0,---,NO PLAY,---,9,0,0,0,---,NO PLAY,---,11,0,0,0,---,HARD CLEAR,---,0,0,0,0,---,NO PLAY,---,2025-09-23 12:30
Pinky Crush,ロマンシングエスケープ,SYNTHWAVE POP,ここなつ2.0,0,0,0,0,0,---,NO PLAY,---,3,0,0,0,---,NO PLAY,---,7,0,0,0,---,NO PLAY,---,9,0,0,0,---,FULLCOMBO CLEAR,---,0,0,0,0,---,NO PLAY,---,2025-09-23 12:30
Pinky Crush,天使のカンタータ -Cantata of Angels-,ANTHEM,BEMANI Sound Team "Cuvelia",0,0,0,0,0,---,NO PLAY,---,6,0,0,0,---,NO PLAY,---,10,0,0,0,---,HARD CLEAR,---,12,0,0,0,---,EASY CLEAR,---,0,0,0,0,---,NO PLAY,---,2025-09-23 12:30
Pinky Crush,弾幕信仰,HARD ORIENTAL,豚乙女×BEMANI Sound Team "PON",0,0,0,0,0,---,NO PLAY,---,5,0,0,0,---,NO PLAY,---,8,0,0,0,---,NO PLAY,---,10,0,0,0,---,HARD CLEAR,---,0,0,0,0,---,NO PLAY,---,2025-09-23 12:30
Pinky Crush,我ら完全無敵のアイドル!!,J-POP,B小町,0,1,0,0,0,---,EASY CLEAR,---,5,0,0,0,---,NO PLAY,---,8,0,0,0,---,NO PLAY,---,10,0,0,0,---,NO PLAY,---,0,0,0,0,---,NO PLAY,---,2025-09-23 12:30
Pinky Crush,断罪の一花,J-POP,Len feat.mochari,0,0,0,0,0,---,NO PLAY,---,4,0,0,0,---,NO PLAY,---,8,0,0,0,---,NO PLAY,---,11,0,0,0,---,HARD CLEAR,---,0,0,0,0,---,NO PLAY,---,2025-09-23 12:30
Pinky Crush,最強頂戴girl,TWINKLE POP,BEMANI Sound Team "TATSUYA" feat. ななひら,0,0,0,0,0,---,NO PLAY,---,4,0,0,0,---,NO PLAY,---,8,0,0,0,---,NO PLAY,---,10,0,0,0,---,HARD CLEAR,---,0,0,0,0,---,NO PLAY,---,2025-09-23 12:30
Pinky Crush,朱と碧のランページ,ANIMA SONG,NU-KO,0,0,0,0,0,---,NO PLAY,---,5,0,0,0,---,NO PLAY,---,8,0,0,0,---,NO PLAY,---,10,0,0,0,---,HARD CLEAR,---,0,0,0,0,---,NO PLAY,---,2025-09-23 12:30
Pinky Crush,消極的セツナイズム,ROCK,Pizuya's Cell,0,0,0,0,0,---,NO PLAY,---,5,0,0,0,---,NO PLAY,---,8,0,0,0,---,NO PLAY,---,10,0,0,0,---,HARD CLEAR,---,0,0,0,0,---,NO PLAY,---,2025-09-23 12:30
Pinky Crush,灼熱 Lost Summer Dayz,DRUM'N'BASS,DJ Mass MAD Izm* feat.すみはね,0,0,0,0,0,---,NO PLAY,---,6,0,0,0,---,NO PLAY,---,10,0,0,0,---,HARD CLEAR,---,12,0,0,0,---,HARD CLEAR,---,0,0,0,0,---,NO PLAY,---,2025-09-23 12:30
Pinky Crush,無双,SENGOKU LEGENDS,SOUND HOLIC Vs. VENUS feat. Nana Takahashi,0,0,0,0,0,---,NO PLAY,---,5,0,0,0,---,NO PLAY,---,8,0,0,0,---,NO PLAY,---,11,0,0,0,---,HARD CLEAR,---,0,0,0,0,---,NO PLAY,---,2025-09-23 12:30
Pinky Crush,爆ぜりゃんせ,繚乱呂句,敦姫,0,0,0,0,0,---,NO PLAY,---,5,0,0,0,---,NO PLAY,---,9,0,0,0,---,NO PLAY,---,11,0,0,0,---,HARD CLEAR,---,0,0,0,0,---,NO PLAY,---,2025-09-23 12:30
Pinky Crush,覚悟せよ！エンタンメ～ン ～より身の切り売り自暴自棄版～,ビックリポップ,マキシウキョウ,0,0,0,0,0,---,NO PLAY,---,5,0,0,0,---,NO PLAY,---,9,0,0,0,---,NO PLAY,---,11,0,0,0,---,HARD CLEAR,---,0,0,0,0,---,NO PLAY,---,2025-09-23 12:30
Pinky Crush,進捗ダメダメです,J-POP,GYARI feat.宮舞モカ、弦巻マキ,0,1,0,0,0,---,NO PLAY,---,4,0,0,0,---,NO PLAY,---,8,0,0,0,---,NO PLAY,---,10,0,0,0,---,HARD CLEAR,---,0,0,0,0,---,NO PLAY,---,2025-09-23 12:30
Pinky Crush,飴玉,J-POP,CYNHN,0,0,0,0,0,---,NO PLAY,---,4,0,0,0,---,NO PLAY,---,7,0,0,0,---,NO PLAY,---,9,0,0,0,---,HARD CLEAR,---,0,0,0,0,---,NO PLAY,---,2025-09-23 12:30
Pinky Crush,ＰＡＳＴＥＬＩＳＭ,KAWAII FUTURE BASS,Snail's House,0,0,0,0,0,---,NO PLAY,---,5,0,0,0,---,NO PLAY,---,8,0,0,0,---,NO PLAY,---,10,0,0,0,---,HARD CLEAR,---,0,0,0,0,---,NO PLAY,---,2025-09-23 12:30
Sparkle Shower,2 Be Continued,DRAMATIC CHIPTUNE,打打だいず,2,0,0,0,0,---,NO PLAY,---,5,0,0,0,---,NO PLAY,---,9,0,0,0,---,NO PLAY,---,12,2548,984,580,42,HARD CLEAR,A,0,0,0,0,---,NO PLAY,---,2025-10-18 15:56
Sparkle Shower,A Certified Rave Moment,MULTIGENRE,BEMANI Sound Team "めめめ",1,0,0,0,0,---,NO PLAY,---,5,0,0,0,---,NO PLAY,---,9,0,0,0,---,NO PLAY,---,11,2020,736,548,33,HARD CLEAR,A,0,0,0,0,---,NO PLAY,---,2025-09-23 13:03
Sparkle Shower,AGETEKE ONDO,JAPANESE OMATSURI ROCK,暁Records,1,0,0,0,0,---,NO PLAY,---,5,0,0,0,---,NO PLAY,---,7,0,0,0,---,NO PLAY,---,10,2177,955,267,25,HARD CLEAR,AA,0,0,0,0,---,NO PLAY,---,2025-10-04 13:48
Sparkle Shower,Bang Bang Dance,HARD DANCE,Nhato,1,0,0,0,0,---,NO PLAY,---,5,0,0,0,---,NO PLAY,---,9,0,0,0,---,NO PLAY,---,11,1905,710,485,42,HARD CLEAR,A,0,0,0,0,---,NO PLAY,---,2025-09-23 13:19
Sparkle Shower,Disco Killer Music Lover,HARDCORE RAVE,Zekk,1,0,0,0,0,---,NO PLAY,---,6,0,0,0,---,NO PLAY,---,9,0,0,0,---,NO PLAY,---,12,2269,890,489,36,HARD CLEAR,A,0,0,0,0,---,NO PLAY,---,2025-10-18 15:54
Sparkle Shower,Fashion Fruit,STAR☆FRUIT,Tatsunoshin x Aira Arere,1,0,0,0,0,---,NO PLAY,---,5,0,0,0,---,NO PLAY,---,9,0,0,0,---,NO PLAY,---,11,1197,465,267,---,FAILED,D,0,0,0,0,---,NO PLAY,---,2025-10-11 13:31
Sparkle Shower,From Human Blood,ORBITALIC METAL STEP,BEMANI Sound Team "U1-ASAMi",1,0,0,0,0,---,NO PLAY,---,6,0,0,0,---,NO PLAY,---,10,0,0,0,---,NO PLAY,---,12,2638,1036,566,49,HARD CLEAR,A,0,0,0,0,---,NO PLAY,---,2025-10-18 15:50
Sparkle Shower,JUST SYNC ft.Kanae Asaba,80s SYNTH POWER POP,Xceon,1,0,0,0,0,---,NO PLAY,---,4,0,0,0,---,NO PLAY,---,7,0,0,0,---,NO PLAY,---,9,1739,771,197,13,HARD CLEAR,AA,0,0,0,0,---,NO PLAY,---,2025-10-11 12:04
Sparkle Shower,Makin' It,JUNGLE， DRUM N BASS,DJ RENA ,2,0,0,0,0,---,NO PLAY,---,6,0,0,0,---,NO PLAY,---,10,1278,508,262,26,HARD CLEAR,A,12,1579,540,499,---,FAILED,C,0,0,0,0,---,NO PLAY,---,2025-10-18 16:11
Sparkle Shower,Memoria Obscura,UNNAMED PROGRESSIVE,satella,2,0,0,0,0,---,NO PLAY,---,6,0,0,0,---,NO PLAY,---,10,0,0,0,---,NO PLAY,---,12,2261,816,629,---,FAILED,C,0,0,0,0,---,NO PLAY,---,2025-10-18 15:59
Sparkle Shower,MOCHIMOCHI DREAMIN!!,オモチコア,nora2r × まろん feat. 和鳴るせ,1,0,0,0,0,---,NO PLAY,---,5,0,0,0,---,NO PLAY,---,8,0,0,0,---,NO PLAY,---,11,706,283,140,---,FAILED,E,0,0,0,0,---,NO PLAY,---,2025-10-04 13:51
Sparkle Shower,Nyan Nyan University ,MAJOR IN MEWOLOGY,Aice room,1,0,0,0,0,---,NO PLAY,---,5,0,0,0,---,NO PLAY,---,8,0,0,0,---,NO PLAY,---,10,2178,948,282,8,HARD CLEAR,AA,0,0,0,0,---,NO PLAY,---,2025-09-27 14:05
Sparkle Shower,RALLY '25,RALLY HARD TECHNO,Masayoshi Iimori,1,0,0,0,0,---,NO PLAY,---,6,0,0,0,---,NO PLAY,---,10,0,0,0,---,NO PLAY,---,12,2290,881,528,38,HARD CLEAR,A,0,0,0,0,---,NO PLAY,---,2025-10-18 16:08
Sparkle Shower,Regina vespaE,CYBER RENAISSANCE,KARUT,1,0,0,0,0,---,NO PLAY,---,6,0,0,0,---,NO PLAY,---,10,0,0,0,---,NO PLAY,---,12,2317,887,543,---,FAILED,B,0,0,0,0,---,NO PLAY,---,2025-10-18 15:48
Sparkle Shower,SHINING☆DANCE,J ~RAVE,ハレトキドキ,1,0,0,0,0,---,NO PLAY,---,4,0,0,0,---,NO PLAY,---,7,0,0,0,---,NO PLAY,---,10,1975,833,309,24,HARD CLEAR,AA,0,0,0,0,---,NO PLAY,---,2025-10-11 12:07
Sparkle Shower,Shooting Star,DANCE POP,ReGLOSS,1,1,0,0,0,---,NO PLAY,---,4,0,0,0,---,NO PLAY,---,7,0,0,0,---,NO PLAY,---,10,2024,885,254,31,HARD CLEAR,AA,0,0,0,0,---,NO PLAY,---,2025-10-04 13:45
Sparkle Shower,Space Battleship S4TO,BIGCORE,BEMANI Sound Team "Captain Sonic",1,0,0,0,0,---,NO PLAY,---,7,0,0,0,---,NO PLAY,---,10,0,0,0,---,NO PLAY,---,12,2599,993,613,39,HARD CLEAR,A,0,0,0,0,---,NO PLAY,---,2025-10-18 15:45
Sparkle Shower,SPLASH!!!!!!!!!,DRUM'N'BASS / HAPPY HARDCORE,Yuta Imai,1,0,0,0,0,---,NO PLAY,---,5,0,0,0,---,NO PLAY,---,8,0,0,0,---,NO PLAY,---,10,1862,785,292,12,HARD CLEAR,AA,0,0,0,0,---,NO PLAY,---,2025-09-23 12:37
Sparkle Shower,Vitamin,SPEED HOUSE,BlackY,1,0,0,0,0,---,NO PLAY,---,6,0,0,0,---,NO PLAY,---,9,0,0,0,---,NO PLAY,---,11,1897,730,437,41,HARD CLEAR,A,0,0,0,0,---,NO PLAY,---,2025-09-23 13:16
Sparkle Shower,ιgniЯRuina,PSALMS OF ASHES,xi feat. Risa Yuzuki,2,0,0,0,0,---,NO PLAY,---,6,0,0,0,---,NO PLAY,---,10,1749,733,283,11,HARD CLEAR,AA,12,2274,844,586,---,FAILED,B,0,0,0,0,---,NO PLAY,---,2025-10-18 16:02
Sparkle Shower,かわいいだけじゃだめですか？,IIDX EDITION,Remixed by BEMANI Sound Team "L.E.D.-G" feat. 佐伯伊織,1,1,0,0,0,---,NO PLAY,---,5,0,0,0,---,NO PLAY,---,8,0,0,0,---,NO PLAY,---,10,1841,818,205,14,HARD CLEAR,AA,0,0,0,0,---,NO PLAY,---,2025-10-11 12:09
Sparkle Shower,それが、ボクの使命～レスキュー隊長 メンキュー～,EMERGENCY CORE,TORIENA,2,0,0,0,0,---,NO PLAY,---,4,0,0,0,---,NO PLAY,---,8,0,0,0,---,NO PLAY,---,10,1726,730,266,24,HARD CLEAR,AA,0,0,0,0,---,NO PLAY,---,2025-10-11 12:12
Sparkle Shower,でんぱ どりる わんにゃー☆三,HEISEI POP,キノシタ feat. 重音テト,1,1,0,0,0,---,NO PLAY,---,5,0,0,0,---,NO PLAY,---,9,0,0,0,---,NO PLAY,---,11,2923,1300,323,4,HARD CLEAR,AA,0,0,0,0,---,NO PLAY,---,2025-09-27 14:08
Sparkle Shower,もんめためたもん,ALIEN IDOL CORE,OSTER project feat. ずんだもん ＆ 四国めたん,1,1,0,0,0,---,NO PLAY,---,4,0,0,0,---,NO PLAY,---,8,0,0,0,---,NO PLAY,---,10,1665,673,319,17,HARD CLEAR,A,0,0,0,0,---,NO PLAY,---,2025-09-23 12:43
Sparkle Shower,デラむぅのでらっくす☆どり～むぅ,だんすむぅ～じっく,デラむぅと BEMANI Sound Team “TATSUYA”お兄さん,1,0,0,0,0,---,NO PLAY,---,4,0,0,0,---,NO PLAY,---,7,0,0,0,---,NO PLAY,---,10,1505,595,315,22,HARD CLEAR,A,0,0,0,0,---,NO PLAY,---,2025-09-23 12:40
Sparkle Shower,バブリン,J-POP,HIMEHINA,1,1,0,0,0,---,NO PLAY,---,4,0,0,0,---,NO PLAY,---,7,0,0,0,---,NO PLAY,---,10,2023,847,329,8,HARD CLEAR,AA,0,0,0,0,---,NO PLAY,---,2025-09-23 12:47
Sparkle Shower,ビビッド ☆+*。キラキライム,ハピコア,Machico,1,3,0,0,0,---,NO PLAY,---,6,0,0,0,---,NO PLAY,---,9,0,0,0,---,NO PLAY,---,12,2786,1112,562,39,HARD CLEAR,A,0,0,0,0,---,NO PLAY,---,2025-10-18 16:06
Sparkle Shower,ベラ・ベ・カラベラ,TERRORCORE/RAP,Fra Prod. by RoughSketch,2,0,0,0,0,---,NO PLAY,---,6,0,0,0,---,NO PLAY,---,9,0,0,0,---,NO PLAY,---,11,2105,834,437,47,HARD CLEAR,A,0,0,0,0,---,NO PLAY,---,2025-09-27 14:11
Sparkle Shower,夏色のセレナーデ,OMOIDE CORE,BEMANI Sound Team "KE!JU",1,0,0,0,0,---,NO PLAY,---,5,0,0,0,---,NO PLAY,---,8,0,0,0,---,NO PLAY,---,10,1843,781,281,27,HARD CLEAR,AA,0,0,0,0,---,NO PLAY,---,2025-09-23 13:13
Sparkle Shower,月下繚乱,CYBER YAMATO,Julianne,1,0,0,0,0,---,NO PLAY,---,5,0,0,0,---,NO PLAY,---,9,0,0,0,---,NO PLAY,---,11,2184,897,390,27,HARD CLEAR,A,0,0,0,0,---,NO PLAY,---,2025-09-23 13:07
Sparkle Shower,煉獄コンフィチュール,ROCK,Pizuya's Cell,1,0,0,0,0,---,NO PLAY,---,5,0,0,0,---,NO PLAY,---,9,0,0,0,---,NO PLAY,---,11,904,378,148,---,FAILED,D,0,0,0,0,---,NO PLAY,---,2025-10-04 13:53
Sparkle Shower,百恋ラブラスター,KAWAII POP,irucaice feat. ななひら,1,0,0,0,0,---,NO PLAY,---,4,0,0,0,---,NO PLAY,---,8,0,0,0,---,NO PLAY,---,10,1865,707,451,27,HARD CLEAR,A,0,0,0,0,---,NO PLAY,---,2025-09-23 13:26
Sparkle Shower,閃と雷管とロープ,PIANO ROCK,めと（Metomate）,1,0,0,0,0,---,NO PLAY,---,5,0,0,0,---,NO PLAY,---,8,0,0,0,---,NO PLAY,---,11,1741,639,463,33,HARD CLEAR,A,0,0,0,0,---,NO PLAY,---,2025-09-23 13:22
